stem,fs,burst_thresh_mode,BLA_abs_delta,BLA_rel_delta,BLA_abs_theta,BLA_rel_theta,BLA_abs_beta,BLA_rel_beta,BLA_abs_lgamma,BLA_rel_lgamma,BLA_abs_hgamma,BLA_rel_hgamma,BLA_total_1_100,BLA_ap_offset,BLA_ap_exponent,BLA_ap_r2,BLA_n_peaks,vHPC_abs_delta,vHPC_rel_delta,vHPC_abs_theta,vHPC_rel_theta,vHPC_abs_beta,vHPC_rel_beta,vHPC_abs_lgamma,vHPC_rel_lgamma,vHPC_abs_hgamma,vHPC_rel_hgamma,vHPC_total_1_100,vHPC_ap_offset,vHPC_ap_exponent,vHPC_ap_r2,vHPC_n_peaks,mPFC_abs_delta,mPFC_rel_delta,mPFC_abs_theta,mPFC_rel_theta,mPFC_abs_beta,mPFC_rel_beta,mPFC_abs_lgamma,mPFC_rel_lgamma,mPFC_abs_hgamma,mPFC_rel_hgamma,mPFC_total_1_100,mPFC_ap_offset,mPFC_ap_exponent,mPFC_ap_r2,mPFC_n_peaks,BLA-vHPC_coh_delta,BLA-vHPC_wpli_delta,BLA-vHPC_coh_theta,BLA-vHPC_wpli_theta,BLA-vHPC_coh_beta,BLA-vHPC_wpli_beta,BLA-vHPC_coh_lgamma,BLA-vHPC_wpli_lgamma,BLA-vHPC_coh_hgamma,BLA-vHPC_wpli_hgamma,BLA-mPFC_coh_delta,BLA-mPFC_wpli_delta,BLA-mPFC_coh_theta,BLA-mPFC_wpli_theta,BLA-mPFC_coh_beta,BLA-mPFC_wpli_beta,BLA-mPFC_coh_lgamma,BLA-mPFC_wpli_lgamma,BLA-mPFC_coh_hgamma,BLA-mPFC_wpli_hgamma,vHPC-mPFC_coh_delta,vHPC-mPFC_wpli_delta,vHPC-mPFC_coh_theta,vHPC-mPFC_wpli_theta,vHPC-mPFC_coh_beta,vHPC-mPFC_wpli_beta,vHPC-mPFC_coh_lgamma,vHPC-mPFC_wpli_lgamma,vHPC-mPFC_coh_hgamma,vHPC-mPFC_wpli_hgamma,burst_n,burst_rate_per_min,burst_dur_mean_ms,burst_dur_median_ms,burst_occupancy_pct,phase_lag_circmean_rad,phase_lag_resultant,phase_R_mean,phase_lag_ms_at_20hz,cohort,group,blocker,drug,mouse,sex,rectype,design,subject_uid,session_uid,BLA_abs_delta__vs_bl1,BLA_rel_delta__vs_bl1,BLA_abs_theta__vs_bl1,BLA_rel_theta__vs_bl1,BLA_abs_beta__vs_bl1,BLA_rel_beta__vs_bl1,BLA_abs_lgamma__vs_bl1,BLA_rel_lgamma__vs_bl1,BLA_abs_hgamma__vs_bl1,BLA_rel_hgamma__vs_bl1,BLA_total_1_100__vs_bl1,BLA_ap_offset__vs_bl1,BLA_ap_exponent__vs_bl1,BLA_ap_r2__vs_bl1,BLA_n_peaks__vs_bl1,vHPC_abs_delta__vs_bl1,vHPC_rel_delta__vs_bl1,vHPC_abs_theta__vs_bl1,vHPC_rel_theta__vs_bl1,vHPC_abs_beta__vs_bl1,vHPC_rel_beta__vs_bl1,vHPC_abs_lgamma__vs_bl1,vHPC_rel_lgamma__vs_bl1,vHPC_abs_hgamma__vs_bl1,vHPC_rel_hgamma__vs_bl1,vHPC_total_1_100__vs_bl1,vHPC_ap_offset__vs_bl1,vHPC_ap_exponent__vs_bl1,vHPC_ap_r2__vs_bl1,vHPC_n_peaks__vs_bl1,mPFC_abs_delta__vs_bl1,mPFC_rel_delta__vs_bl1,mPFC_abs_theta__vs_bl1,mPFC_rel_theta__vs_bl1,mPFC_abs_beta__vs_bl1,mPFC_rel_beta__vs_bl1,mPFC_abs_lgamma__vs_bl1,mPFC_rel_lgamma__vs_bl1,mPFC_abs_hgamma__vs_bl1,mPFC_rel_hgamma__vs_bl1,mPFC_total_1_100__vs_bl1,mPFC_ap_offset__vs_bl1,mPFC_ap_exponent__vs_bl1,mPFC_ap_r2__vs_bl1,mPFC_n_peaks__vs_bl1,BLA-vHPC_coh_delta__vs_bl1,BLA-vHPC_wpli_delta__vs_bl1,BLA-vHPC_coh_theta__vs_bl1,BLA-vHPC_wpli_theta__vs_bl1,BLA-vHPC_coh_beta__vs_bl1,BLA-vHPC_wpli_beta__vs_bl1,BLA-vHPC_coh_lgamma__vs_bl1,BLA-vHPC_wpli_lgamma__vs_bl1,BLA-vHPC_coh_hgamma__vs_bl1,BLA-vHPC_wpli_hgamma__vs_bl1,BLA-mPFC_coh_delta__vs_bl1,BLA-mPFC_wpli_delta__vs_bl1,BLA-mPFC_coh_theta__vs_bl1,BLA-mPFC_wpli_theta__vs_bl1,BLA-mPFC_coh_beta__vs_bl1,BLA-mPFC_wpli_beta__vs_bl1,BLA-mPFC_coh_lgamma__vs_bl1,BLA-mPFC_wpli_lgamma__vs_bl1,BLA-mPFC_coh_hgamma__vs_bl1,BLA-mPFC_wpli_hgamma__vs_bl1,vHPC-mPFC_coh_delta__vs_bl1,vHPC-mPFC_wpli_delta__vs_bl1,vHPC-mPFC_coh_theta__vs_bl1,vHPC-mPFC_wpli_theta__vs_bl1,vHPC-mPFC_coh_beta__vs_bl1,vHPC-mPFC_wpli_beta__vs_bl1,vHPC-mPFC_coh_lgamma__vs_bl1,vHPC-mPFC_wpli_lgamma__vs_bl1,vHPC-mPFC_coh_hgamma__vs_bl1,vHPC-mPFC_wpli_hgamma__vs_bl1,burst_rate_per_min__vs_bl1,burst_dur_mean_ms__vs_bl1,burst_dur_median_ms__vs_bl1,burst_occupancy_pct__vs_bl1,phase_lag_circmean_rad__vs_bl1,phase_lag_resultant__vs_bl1,phase_R_mean__vs_bl1,phase_lag_ms_at_20hz__vs_bl1
Psi_C1_psi_F1_BL1,500.00000001182343,baseline,31397.217285898696,0.2690169688963258,31470.65673902543,0.26964621125553423,18579.984314404202,0.15919662614964217,19460.64717911008,0.16674230296314546,8079.10617275269,0.06922322555514059,116710.91758527175,,,,,51035.658204331834,0.23610138029252958,76491.34424009004,0.35386458391915887,32588.522034462025,0.15076116003490528,29136.235581133315,0.13479017767718335,10562.10067678632,0.048862435330877085,216159.93155609112,,,,,78466.64746279299,0.4153775956392695,61611.307130363166,0.3261507589213357,18285.226471379654,0.09679620135424674,13595.81958421432,0.07197196557064706,6199.963351873142,0.03282064359094493,188904.3807045784,,,,,0.1744450479745865,0.19221474067139588,0.222572922706604,0.12413162517001033,0.07053111493587494,0.1770657093310999,0.10438399761915207,0.21000066817680796,0.04673318192362785,0.1485373146356945,0.4971438944339752,0.6170277712728693,0.23697496950626373,0.48244608259486926,0.26231974363327026,0.11707811114968511,0.11669179052114487,0.2762756586670767,0.10381181538105011,0.1459626492201483,0.0508030503988266,0.2023658165887633,0.11874639242887497,0.2871970769642683,0.083517886698246,0.2882387621098264,0.04461817815899849,0.18533996523999544,0.03522435948252678,0.08907760845929322,325,32.39482480290842,234.94769230213652,213.99999999493957,12.685148883292245,-0.4114620552017317,0.700963397227952,0.5251444378463517,-3.2743109990052957,C1,psi,none,psi,F1,F,BL1,within,C1_F1,C1_psi_F1,0.0,0.0,0.0,0.0,0.0,0.0,0.0,0.0,0.0,0.0,0.0,,,,,0.0,0.0,0.0,0.0,0.0,0.0,0.0,0.0,0.0,0.0,0.0,,,,,0.0,0.0,0.0,0.0,0.0,0.0,0.0,0.0,0.0,0.0,0.0,,,,,0.0,0.0,0.0,0.0,0.0,0.0,0.0,0.0,0.0,0.0,0.0,0.0,0.0,0.0,0.0,0.0,0.0,0.0,0.0,0.0,0.0,0.0,0.0,0.0,0.0,0.0,0.0,0.0,0.0,0.0,0.0,0.0,0.0,0.0,0.0,0.0,0.0,0.0
Psi_C1_psi_F1_BL2,500.0000000002771,baseline,46460.54296877576,0.333594133382773,37860.94067384911,0.27184761275040437,17315.375976572097,0.12432717041175081,18721.723609934692,0.13442497147063653,10876.669120794599,0.07809622483062965,139272.66195495694,,,,,90572.79296880019,0.27750098724572897,129527.3066406968,0.39685157418580785,41049.428161643846,0.12576907995597272,26522.64211274663,0.08126126101894277,12134.640377051399,0.03717865568817796,326387.28196162195,,,,,90717.33300786278,0.3998394558445453,84441.62158207805,0.37217906330075573,18288.949401865604,0.08060911111856157,12926.696773536218,0.056974816525417256,7607.765961651248,0.033531464180452025,226884.3949285811,,,,,0.19047240912914276,0.12670663195998286,0.19871044158935547,0.14369345185424492,0.039578452706336975,0.15449802500338922,0.11187264323234558,0.22521680613594725,0.04395105317234993,0.19555693515186606,0.5409560799598694,0.6879472010629558,0.290539026260376,0.4905862058260949,0.27792418003082275,0.14526926196510115,0.11098912358283997,0.27826812913429566,0.10874877870082855,0.2648480521201181,0.12445668131113052,0.24822998952032851,0.1321166306734085,0.3475975299020987,0.06911338120698929,0.2189034714433462,0.04107050597667694,0.1325203913630746,0.034168705344200134,0.11229590228635826,114,21.949388048506194,226.91228070162808,202.99999999989282,8.300976170152662,-0.520732232072336,0.5626171250474132,0.5012095502373006,-4.143855438079413,C1,psi,none,psi,F1,F,BL2,within,C1_F1,C1_psi_F1,1.701931223946803,0.9343872944815846,0.8028559402941616,0.035312010828942676,-0.3061341699773634,-1.0736780994425834,-0.16811449541202533,-0.9356584248772444,1.2913260154610653,0.5237820859958466,0.7675439294652193,,,,,2.4912403995381864,0.7016600646798319,2.2874904183204174,0.49791008346206234,1.002424469224134,-0.7871558656342212,-0.40816654843580324,-2.197746883294158,0.6027660726107119,-1.1868142622476432,1.789580334858355,,,,,0.6300517644644905,-0.16557420407342782,1.36896141951595,0.5733354509780315,0.0008841474256286989,-0.7947418211122893,-0.2191783136916374,-1.0148042822295553,0.8886802151580973,0.09305424662017994,0.7956259685379184,,,,,0.38173429355515287,-1.8098734311367122,-0.49251640280898523,0.6355453633308268,-2.5092193735876593,-0.5921153148637225,0.3008997422694468,0.30380118758278646,-0.2665606558412351,1.1943765404184645,0.3667989622757039,0.47250396790664734,0.8850200060664087,0.07266548331254195,0.2509535379829203,0.9369802288207864,-0.21759881681138846,0.031208451774837463,0.2017760260944804,2.587550459713657,3.891284264831896,0.887170951284959,0.4633706506538119,0.8289666617534963,-0.8221735628263274,-1.19499735159851,-0.35981780011606684,-1.456863674514441,-0.13214581023033267,1.0059536035203762,-1.6905321897810595,-0.15113182724202398,-0.22917735425937527,-1.8416640170230838,-0.10927017687060431,-0.9548239348420511,-0.20259432330565613,-0.8695444390741174
Psi_C1_psi_F1_EZM,500.00000001182343,baseline,33881.526856269935,0.2823029904801056,36858.51928798096,0.30710747670275473,18813.790131060123,0.15675767030199556,14174.401096679174,0.11810199212189657,7822.445268815958,0.06517710083201407,120018.30656716911,,,,,73725.97265799338,0.28130912291084104,86423.7543965749,0.32975883086333946,41659.35510352417,0.15895560577501666,31559.439636976753,0.12041832699880986,10086.98459267627,0.038487939680959635,262081.69822263572,,,,,72363.56640796117,0.35917635448468804,81019.3529071893,0.4021393259676483,17765.4267582326,0.08817864480190557,12511.428579626303,0.062100439899425985,5706.251748219957,0.028322964199177975,201470.85270070608,,,,,0.22181348502635956,0.06950539044924442,0.26318639516830444,0.2678524813145198,0.06188537925481796,0.3544265872692931,0.06861472874879837,0.1349729963586593,0.03861246258020401,0.10275631585929039,0.4678475856781006,0.4778624865158884,0.25912654399871826,0.48704851576780545,0.27520981431007385,0.1737282434380618,0.10888494551181793,0.17499416309991628,0.09038986265659332,0.13287222209711666,0.09991567581892014,0.15114993030524984,0.15529178082942963,0.2645124145761111,0.08718371391296387,0.3722457735656792,0.040206532925367355,0.13198035872018724,0.03721380978822708,0.0858804741450872,348,33.01530278336355,231.982758615204,211.99999999498687,12.764968360334835,-0.9726983754176906,0.6278163204196813,0.5334887918406439,-7.74048772925908,C1,psi,none,psi,F1,F,EZM,within,C1_F1,C1_psi_F1,0.3307181483850943,0.20935803679388026,0.6863207838922791,0.5649606723010645,0.05430952117688956,-0.06705059041432532,-1.3765256103445853,-1.4978857219358,-0.14020782305728788,-0.2615679346485024,0.12136011159121467,,,,,1.5974679063981212,0.7608529059769477,0.530208357105996,-0.30640664331517836,1.0664787804115012,0.22986377999032703,0.34695843406339905,-0.489656566357775,-0.19988945352212867,-1.0365044539433026,0.8366150004211741,,,,,-0.3516513476255654,-0.631353299446653,1.1892834742212044,0.9095815224001164,-0.12524699151673874,-0.40494894333782594,-0.3609849175872101,-0.6406868694082978,-0.3603819444824681,-0.6400838963035559,0.2797019518210873,,,,,1.0432929979745698,-4.417682026808048,0.7279110688377237,3.340132325704114,-0.5679269231175876,3.0139182942673255,-1.822165743136068,-1.9197378737238313,-0.8289785142330035,-1.6002704312773144,-0.26377717441938775,-1.1100177268058744,0.3880942678705063,0.04123439881436374,0.20832938075809482,1.713947212972816,-0.30072465587041247,-1.9831905987247553,-0.6012705921413571,-0.4080753918649607,2.937438405660716,-1.2672920255459605,1.1652804588680463,-0.3573395548298054,0.1865586886564345,1.1107739155689502,-0.4521520848079972,-1.4745977280223634,0.23861028810042073,-0.15874115147481313,0.08239648997950025,-0.055154751360008386,-0.04077912420439401,0.027241738619491918,-0.5612363202159589,-0.4786273942571973,0.06846529743917419,-4.466176730253784
Psi_C1_psi_F1_inj,500.00000001182343,baseline,31890.816895285367,0.2728027872411575,30051.422608132496,0.25706810443204614,16442.566437156394,0.14065421930653982,19812.662117472908,0.16948294131383485,11603.04180077334,0.09925559931939468,116900.62707128393,,,,,64417.359376523265,0.26715936330312484,92838.79126196097,0.3850321187244521,27335.062622716698,0.11336723511826427,25650.78330291369,0.10638199084469688,11162.589046742232,0.046294821945603394,241119.60209844462,,,,,85937.42578328215,0.41087601124781614,72975.5356462569,0.348903830103319,17408.92987101713,0.08323395308040481,12910.07632858287,0.06172445379234155,7608.596276940021,0.036377511438936465,209156.59087103474,,,,,0.1638178825378418,0.10229724912076771,0.1591690480709076,0.08547989640263656,0.04542164504528046,0.09679612521276845,0.12203037738800049,0.23796773124808557,0.0440187007188797,0.146463150786186,0.5493863224983215,0.6839395154413973,0.28139954805374146,0.4922437528727305,0.2757684290409088,0.1666027245849865,0.11684005707502365,0.2763423136304459,0.10542218387126923,0.26343633577559616,0.11532866209745407,0.3261106268072687,0.12215407192707062,0.3053552572550966,0.0720711350440979,0.22816854844262052,0.044354669749736786,0.14806235059174602,0.03222823888063431,0.10617200405861309,214,20.769775771027174,219.11214952752897,198.99999999529427,7.584850357324259,-0.32710465829194335,0.543244119121966,0.5029884308067483,-2.603016163777406,C1,psi,none,psi,F1,F,inj,within,C1_F1,C1_psi_F1,0.06774485449082601,0.06069128175991526,-0.20040770046872075,-0.2074612731996309,-0.5307573769043004,-0.5378109496352104,0.07785554222301452,0.07080196949210318,1.5720854131024713,1.5650318403715615,0.007053572730910394,,,,,1.0112919784927845,0.5367187372659482,0.8411718424035936,0.3665986011767577,-0.7634459147634112,-1.2380191559902471,-0.5533280816993897,-1.0279013229262253,0.2401463356563115,-0.23442690557052392,0.4745732412268362,,,,,0.3949724294912555,-0.04732282167279321,0.7351686865167988,0.29287343535274957,-0.2132826785020508,-0.6555779296660997,-0.22476582920462623,-0.6670610803686751,0.8891541804105773,0.44685892924652837,0.44229525116404855,,,,,-0.2729733743851404,-2.73922734787785,-1.4561370982093993,-1.6201845419714038,-1.9111788999971786,-2.6227649088419476,0.6783402924304822,0.542973935520158,-0.25988132330621694,-0.06107195508429783,0.43395732950642646,0.44712985092019153,0.746209195388075,0.08731428826563783,0.21713565872511637,1.5320639224975783,0.00551456732902614,0.0010476634627981617,0.06685222874944283,2.5643393979493023,3.5604746422443667,2.0722779736143386,0.12287524049567171,0.2662538615002038,-0.6401813479913293,-1.0149660444250002,-0.025724832996445103,-0.9752443740956339,-0.38606530629396313,0.762414663436145,-1.9304382759522418,-0.303047242831784,-0.3156069693948416,-2.2334855187840246,0.08435739690978833,-1.1070030708085703,-0.18720773942557997,0.6712948352278896
Psi_C1_psi_F2_BL1,500.00000001182343,baseline,54510.312501288994,0.39486887864034,33477.710694151014,0.24251018705740376,16873.827148836514,0.12223281978936448,17991.89133877384,0.13033199832403225,6918.76467816501,0.050119045822362644,138046.61610452933,,,,,117628.81640903155,0.20339425250700452,219301.38086456084,0.37919824237283156,90465.95446991267,0.15642642465054862,81281.51122476142,0.14054542690213367,33565.74518855312,0.058039176631060285,578329.10693964,,,,,87815.32324426406,0.4410788039503964,58492.68896622693,0.29379707704658625,19939.502197737136,0.10015213126621,14655.844627726938,0.07361337612229175,6992.531242535956,0.03512208579434908,199092.14058297788,,,,,0.02638416178524494,0.23383020131973423,0.15895548462867737,0.6032857597376307,0.00925522018224001,0.12474398674568536,0.06941219419240952,0.29453061582895584,0.046348512172698975,0.33584946484616046,0.5836430788040161,0.6059728504054557,0.28662043809890747,0.47240271063624195,0.35036033391952515,0.12692208157055687,0.10937275737524033,0.22770207937982642,0.0986495167016983,0.19188816863648284,0.00842657033354044,0.0886389477334617,0.05245641991496086,0.30456016711446277,0.006926571484655142,0.1242626284158314,0.008335086517035961,0.14864717507663103,0.02168028987944126,0.17232333295359553,287,28.648242176479826,227.19860626640445,199.99999999527063,10.84806782413107,1.4345457488526696,0.12457207892168339,0.47992106409074975,11.41575235106835,C1,psi,none,psi,F2,F,BL1,within,C1_F2,C1_psi_F2,0.0,0.0,0.0,0.0,0.0,0.0,0.0,0.0,0.0,0.0,0.0,,,,,0.0,0.0,0.0,0.0,0.0,0.0,0.0,0.0,0.0,0.0,0.0,,,,,0.0,0.0,0.0,0.0,0.0,0.0,0.0,0.0,0.0,0.0,0.0,,,,,0.0,0.0,0.0,0.0,0.0,0.0,0.0,0.0,0.0,0.0,0.0,0.0,0.0,0.0,0.0,0.0,0.0,0.0,0.0,0.0,0.0,0.0,0.0,0.0,0.0,0.0,0.0,0.0,0.0,0.0,0.0,0.0,0.0,0.0,0.0,0.0,0.0,0.0
Psi_C1_psi_F2_BL2,500.0000000000551,baseline,45715.683593755035,0.32994785191431186,45397.86804199719,0.3276540535859459,15556.850067140387,0.1122798317491893,16117.227752687322,0.11632429524775509,7207.608898163636,0.052020114027397715,138554.2694959793,,,,,164174.5000000181,0.23738721504724603,274924.726074249,0.39752589513222675,98326.30505372176,0.14217437983722436,74049.78247071129,0.10707187556882825,30683.592399600544,0.04436677162035039,691589.4774170683,,,,,72177.45507813295,0.3412823161241561,85559.4880371188,0.4045576310787857,19021.679901125142,0.08994169947112832,13595.548677445957,0.06428489805569752,6929.8554606445305,0.03276697854550587,211488.9980173344,,,,,0.02336500585079193,0.1181254771794996,0.12892833352088928,0.34948221268015206,0.03796336054801941,0.0972130907221235,0.07214998453855515,0.24159658580439972,0.05662368983030319,0.32660637068708553,0.5538862943649292,0.6921595527307698,0.38123804330825806,0.42882743938519596,0.3273085653781891,0.14630119730092347,0.10047744959592819,0.25443720538994474,0.10286800563335419,0.22514286480761897,0.00862831436097622,0.1291279798650474,0.042389705777168274,0.22771376374411362,0.01225564070045948,0.11335569638965995,0.010964224115014076,0.15183926722233548,0.0240897536277771,0.13652852362754672,120,24.026749781425966,222.88333333330863,199.99999999997618,8.925270134082606,-3.0499054927149216,0.4847772089600874,0.500097776924258,-24.27037675643512,C1,psi,none,psi,F2,F,BL2,within,C1_F2,C1_psi_F2,-0.7641345356897583,-0.7800760113430354,1.322797061752789,1.3068555860995112,-0.35291929877766604,-0.3688607744309435,-0.47786476558613256,-0.49380624123940975,0.17762653188902738,0.1616850562357501,0.01594147565327756,,,,,1.4479197516596565,0.6711864895649694,0.9817243472255388,0.20499108513085101,0.3618454975506601,-0.4148877645440272,-0.40467982553955223,-1.1814130876342395,-0.38990088390177974,-1.1666341459964666,0.7767332620946871,,,,,-0.8516873918418184,-1.114024027811892,1.651665904513423,1.3893292685433498,-0.20465442629253094,-0.46699106226260384,-0.32614113064620615,-0.5884777666162785,-0.0391023905414576,-0.3014390265115311,0.2623366359700732,,,,,-0.5277740725098958,-2.9655702767653187,-0.909271483110857,-2.3709799742933284,6.129778944595684,-1.0829486874553376,0.16800469237642668,-0.8603965282619828,0.8696236887284832,-0.1212000891307881,-0.22726720877592205,0.5775305035245586,1.2388907639235551,-0.42029814141980104,-0.2955756102312471,0.6171069424059018,-0.36840558264814194,0.48213620240014643,0.18185358054571596,0.6940998991791587,0.10275109616485657,1.633957650447054,-0.9253824502777162,-1.262838205588017,2.4781769957947994,-0.39897186288147096,1.1906779208228844,0.09227438986984829,0.45767273675437803,-1.0112069190528696,-0.7640295371480844,-0.08328068675992195,1.0218013835478426e-10,-0.847310223908007,-4.484451241567591,5.90121481730182,0.17885112133403003,-35.68612910750347
Psi_C1_psi_F2_EZM,500.00000001182343,baseline,51499.04296996779,0.3492713054352561,50551.93847775789,0.3428479545669564,16819.861175934842,0.11407386489850761,14326.759479861486,0.09716541701767631,5922.621764323096,0.040167772368715944,147447.10535493473,,,,,291354.32031938963,0.34350951129421403,295291.9668038578,0.34815203390395694,102243.1228051521,0.12054561301679374,75571.97471797357,0.08910007606701063,31761.274853503735,0.0374468447594947,848169.5869837102,,,,,81978.21386912603,0.39190610702356937,76374.40381039977,0.3651164603484052,18606.429962598184,0.08895013916611809,13830.86380419058,0.06612000596801136,5796.186732429237,0.02770932508378915,209178.1995736949,,,,,0.013490837998688221,0.12880357332850653,0.17518161237239838,0.4011519281457737,0.026238778606057167,0.1292846022660053,0.04722648486495018,0.13263878915654548,0.03271231800317764,0.2749595977900709,0.6223640441894531,0.4097336688941737,0.4384423792362213,0.5051424846315304,0.3049909770488739,0.1227472251163628,0.09338937699794769,0.1757849254394544,0.08388359844684601,0.12426566273499443,0.04762980714440346,0.08233664533706302,0.07413946092128754,0.3396408431775247,0.003652306506410241,0.059513223921353775,0.004997324664145708,0.09476289497315701,0.020106879994273186,0.15548671582137158,308,29.636186939609846,223.80519479990255,194.99999999538886,11.054554318576182,2.6853891268217693,0.2948708556071143,0.5090089940184149,21.36964768294566,C1,psi,none,psi,F2,F,EZM,within,C1_F2,C1_psi_F2,-0.2467951336945298,-0.532899990043866,1.7898206183251244,1.5037157619757882,-0.013911889999790136,-0.3000167463491266,-0.9892884959399083,-1.2753933522892458,-0.6751456134927957,-0.9612504698421326,0.2861048563493363,,,,,3.9390773523315206,2.276000900509673,1.2921026618311549,-0.3709737899906928,0.5314893602817649,-1.1315870915400832,-0.31630999016926264,-1.9793864419911111,-0.23998367257980663,-1.9030601244016543,1.6630764518218477,,,,,-0.2987185255557506,-0.5133415716384122,1.1584624633341842,0.9438394172515228,-0.3005125913948004,-0.5151356374774612,-0.2516154748193517,-0.4662385209020128,-0.8149204702865127,-1.0295435163691742,0.21462304608266147,,,,,-2.9130437415868005,-2.589726919827422,0.42213001788981674,-1.772141901409277,4.525568600134679,0.15527183958816454,-1.6725015150631994,-3.464598968516302,-1.5132447804316689,-0.868757767706218,0.2789715446955561,-1.6995151422791048,1.846053703254413,0.2910151514088826,-0.6022794035641523,-0.14525503048856392,-0.686116829396824,-1.1238536751465624,-0.7041790932144807,-1.8869705765804174,7.522279729989755,-0.32031423289483596,1.502507766765897,0.4734680826360822,-2.779511036905883,-3.1972705832456794,-2.221725466780872,-1.9551834039495586,-0.32720398809220774,-0.4465079532478244,0.1472434626262456,-0.06535500068551757,-0.10995384301463193,0.081888461940728,2.7229282330623046,3.742111377183443,0.25555644385541226,2.722928233062305
Psi_C1_psi_F2_inj,500.00000001182343,baseline,42083.40722755764,0.3446827369192178,35446.79235923664,0.2903257651958421,15123.883240103725,0.12387165896187297,15054.809685109416,0.1233059143239581,7014.46768300431,0.05745176254231846,122093.16777422652,,,,,132843.83008126635,0.22113853820483284,233679.5293024008,0.38899472776954813,92759.11865453722,0.15441150629189584,69875.29869244822,0.11631794566613544,31045.339344758777,0.05167963733485494,600726.7261494593,,,,,82072.78320506576,0.40894986700832864,67678.30102699102,0.337225461639143,19107.13552901628,0.09520647684114392,13224.688770606912,0.06589559294526791,6448.100882205854,0.03212940874255146,200691.5512785685,,,,,0.016926970332860947,0.1424254026781423,0.17008498311042786,0.5038042044673869,0.0252591073513031,0.08348180238826347,0.059926871210336685,0.24220607708035632,0.05055978149175644,0.3474925259340321,0.5690064430236816,0.6829575864767872,0.35886237025260925,0.454064200500031,0.3366558849811554,0.12900867296419008,0.10373461991548538,0.23308842034963967,0.097111776471138,0.21738321557507057,0.005819067824631929,0.1001675397590077,0.05993799492716789,0.3075674004239306,0.011579584330320358,0.12177859002650203,0.008462580852210522,0.14646621714558378,0.024187790229916573,0.1504885415934601,233,21.39774083988518,212.92703862157438,195.99999999536521,7.593595983714452,2.97210929413784,0.3265769764427073,0.4918667389784407,23.651294278570056,C1,psi,none,psi,F2,F,inj,within,C1_F2,C1_psi_F2,-1.1236777714557276,-0.5903337366016146,0.2482118926517182,0.7815559275058305,-0.4755028014350715,0.057841233419040655,-0.7740154976951373,-0.2406714628410247,0.059661591051461814,0.5930056259055737,-0.5333440348541124,,,,,0.528276613153059,0.3632575792998426,0.27579302885203844,0.11077399499882329,0.10871443944091103,-0.056304594412304725,-0.6566809227041628,-0.8216999565573788,-0.3389988202559508,-0.5040178541091666,0.16501903385321567,,,,,-0.293711430684303,-0.3284611695786738,0.6334786102198798,0.5987288713255082,-0.18518727560178253,-0.21993701449615305,-0.44625392069180025,-0.48100365958617064,-0.3520259197015968,-0.3867756585959675,0.03474973889437017,,,,,-1.9276406832509274,-2.153131475651425,0.2939045374036254,-0.7826128657522555,4.360312435603111,-1.744278027409127,-0.6381416940680306,-0.8494540982897907,0.37769390877222636,0.14800807359190787,-0.11030155696529431,0.5194056688250487,0.9762076579395557,-0.17195118478392893,-0.1732872094298588,0.07081721844231322,-0.22985441140631835,0.1015370202748001,-0.0682306315365763,0.5417781062818846,-1.6079743085637122,0.5310241534473318,0.5790356342716709,0.04267199873208492,2.231746492502544,-0.08769594204300157,0.06592718895503566,-0.06419195223339069,0.4753110880275219,-0.588406524419607,-1.26730056076624,-0.2817484890737558,-0.0877392430750515,-1.5490490498399965,3.163503729908554,4.185648516435841,0.10677643825869144,3.1635037299085527
Psi_C1_psi_F3_BL1,500.00000001182343,baseline,35050.41748129758,0.3048729998524404,32677.737183389905,0.2842351241267126,15103.673401236061,0.13137367682092102,16887.25918237565,0.1468875333357637,8114.417063904954,0.07058023413406006,114967.27325234478,,,,,142658.13281587342,0.19661913463350844,224466.20508343293,0.3093714331375395,152555.25390985745,0.2102598808458103,131403.9283783514,0.18110798294648767,27715.033016860212,0.038198353648351065,725555.6946773439,,,,,94935.82715068244,0.4631101774236458,63672.71362455254,0.3106043586359541,18119.071869324947,0.08838735427918527,11108.714660907219,0.05418985615826507,4299.196629625893,0.020972079494973622,204996.20129020975,,,,,0.011963131837546825,0.08028449256336075,0.12113142013549805,0.40761718223624904,0.016999460756778717,0.12569930907941035,0.013766416348516941,0.17030171268368788,0.005519308615475893,0.056066564399510924,0.5014284253120422,0.4668192562993208,0.31719064712524414,0.5738163295392028,0.2858476936817169,0.21298031408159343,0.10791042447090149,0.24443057096563986,0.06415922939777374,0.10121629988640543,0.005363937001675367,0.08753038417538044,0.08546951413154602,0.14223003667234824,0.03269610553979874,0.2726759401462683,0.026222171261906624,0.19158499003287421,0.006661746650934219,0.05807637744693661,308,30.403737949453777,228.40909090368973,203.99999999517604,11.574150241847915,-2.8990426708706427,0.20233980353490655,0.4479451167341186,-23.06984856516967,C1,psi,none,psi,F3,F,BL1,within,C1_F3,C1_psi_F3,0.0,0.0,0.0,0.0,0.0,0.0,0.0,0.0,0.0,0.0,0.0,,,,,0.0,0.0,0.0,0.0,0.0,0.0,0.0,0.0,0.0,0.0,0.0,,,,,0.0,0.0,0.0,0.0,0.0,0.0,0.0,0.0,0.0,0.0,0.0,,,,,0.0,0.0,0.0,0.0,0.0,0.0,0.0,0.0,0.0,0.0,0.0,0.0,0.0,0.0,0.0,0.0,0.0,0.0,0.0,0.0,0.0,0.0,0.0,0.0,0.0,0.0,0.0,0.0,0.0,0.0,0.0,0.0,0.0,0.0,0.0,0.0,0.0,0.0
Psi_C1_psi_F3_BL2,500.0000000000551,baseline,42305.79003906716,0.2689469558001569,62185.89355469436,0.395329025880459,16351.775421144379,0.1039517337315651,15869.865074159461,0.10088812658298085,9076.191879273461,0.05769929302666502,157301.61329843348,,,,,252042.37890627777,0.2430445906064204,410992.3378906703,0.39632011465086814,184006.28759767654,0.17743735411581069,88415.91699219725,0.08525951247448962,22313.13839340456,0.021516570385911142,1037021.1419945904,,,,,129112.5351562642,0.41199496844783046,125886.86645509198,0.4017019378512724,19631.701934816618,0.06264428476617646,9792.642278672341,0.031248084020188627,5034.385206223087,0.016064601099202203,313383.7669005739,,,,,0.029200389981269836,0.22124880972423766,0.017932124435901642,0.11831671110312239,0.024228760972619057,0.07335582433453663,0.0040290928445756435,0.08258443358396807,0.010952500626444817,0.0699235702895,0.6509149670600891,0.668809555476248,0.46069714426994324,0.39556055616667374,0.30626004934310913,0.12871267142277096,0.11554337292909622,0.2611032358948753,0.09305138885974884,0.20965435494624116,0.056767914444208145,0.36137600623678284,0.02831120602786541,0.0539233336041187,0.014467359520494938,0.174454024669099,0.008958053775131702,0.11197158458441035,0.011976657435297966,0.0831281577820471,190,37.74084618950293,227.99999999997456,206.99999999997942,14.341521552009514,-2.8963455370202036,0.38918122755389584,0.4528214544815527,-23.048385455945777,C1,psi,none,psi,F3,F,BL2,within,C1_F3,C1_psi_F3,0.8170661452756247,-0.5445233121814853,2.7943990356596156,1.4328095782025052,0.3448232784037627,-1.0167661790533482,-0.2698593450633371,-1.631448802520448,0.48646342944303966,-0.8751260280140714,1.3615894574571108,,,,,2.471770346093524,0.92060179175649,2.626827611538178,1.0756590572011442,0.8140549427529533,-0.7371136115840798,-1.720778933362693,-3.2719474876997263,-0.9415474122121992,-2.492715966549233,1.5511685543370333,,,,,1.3353827004781986,-0.5079241308447032,2.960270641651733,1.116963810328832,0.34822003979180427,-1.4950867915310968,-0.5476392140782764,-2.3909460454011775,0.6855913392445433,-1.157715492078358,1.8433068313229017,,,,,3.8754376281386143,4.402492761897145,-8.296250649946597,-5.372063935819373,1.5389606019286217,-2.3389828871131173,-5.336136249372597,-3.1432082111346693,2.9762860810778315,0.9591965064273479,1.1331530787360087,1.561537069717461,1.6209514722823581,-1.615599242956602,0.29955655630768024,-2.1871815899856637,0.2968164040592703,0.2865673189943074,1.6146372058354626,3.162534310336137,10.24619270773115,6.158004793431062,-4.798528648813988,-4.212145890617877,-3.5410675255219632,-1.939658260831064,-4.664549843381426,-2.3325365648537346,2.5474751547471253,1.5574863700418922,0.9388465259559241,-0.007785382596451578,0.0634017804124552,0.9310611433594723,0.0026971338504391262,2.8407055961108,0.047021888504980944,0.021463109223894605
Psi_C1_psi_F3_EZM,500.00000001182343,baseline,39127.40234467524,0.2726218407036095,55602.551270846074,0.38741314186265574,17862.309143488794,0.12445639899673866,13774.993294087943,0.09597785190115467,6808.949562233765,0.04744164579499156,143522.62549358245,,,,,287758.01172555453,0.25870813650532243,376889.5859464122,0.33884166026783785,230518.048833576,0.20724668789223938,110992.50251269543,0.09978753786535051,26723.096714651696,0.02402533472914279,1112288.2164150043,,,,,109945.68847916237,0.3967142030565755,110504.7548854256,0.3987314680069738,21604.41687062806,0.07795466234183104,9317.834430914918,0.033621302586814214,4549.977480995959,0.016417566848387875,277140.7921169966,,,,,0.013389560393989086,0.07226353889044106,0.03367717191576958,0.2888175221783552,0.0395047664642334,0.10308245402298051,0.005657554138451815,0.08407935994182572,0.0049507590010762215,0.04722067317750611,0.5280669927597046,0.4479788382670702,0.37954097986221313,0.3705219687585019,0.31849098205566406,0.2437864151132469,0.10209045559167862,0.1813763176834688,0.08807577937841415,0.1438920708712847,0.0075186737813055515,0.058809906720618886,0.026544777676463127,0.16288894304416773,0.024972112849354744,0.27740824037259326,0.007632257882505655,0.11167990450594971,0.005904868710786104,0.04268047096130041,469,44.57920651018862,242.00852877892547,213.99999999493957,17.980913636104404,-3.013848416242,0.4160709644887094,0.47392019580162337,-23.98344365872972,C1,psi,none,psi,F3,F,EZM,within,C1_F3,C1_psi_F3,0.47787821027743427,-0.485583183366125,2.308427436741492,1.3449660430979318,0.7285501548235735,-0.23491123881998532,-0.8846777279682918,-1.848139121611851,-0.7617720863765388,-1.7252334800200995,0.9634613936435594,,,,,3.0473088859837545,1.1918430737914651,2.2506317310630584,0.3951659188707695,1.792777658672764,-0.06268815351952557,-0.7331470543753107,-2.5886128665676007,-0.15828616852727864,-2.0137519807195683,1.8554658121922898,,,,,0.6374806453065656,-0.6720657601334056,2.3942760642475265,1.084729658807556,0.764066010456116,-0.545480394983854,-0.763488224194696,-2.0730346296346656,0.24621938605637442,-1.063327019383595,1.3095464054399701,,,,,0.4892142966507121,-0.4571244074154607,-5.559211949707693,-1.496289447107547,3.662143535149603,-0.8614814154970387,-3.8619218161307884,-3.0652961863541472,-0.47212892838874165,-0.7457177049112578,0.2248007252274138,-0.1789126322016643,0.7793830151438663,-1.8995894014541044,0.4696244744550118,0.5867003794167281,-0.24078258945682862,-1.2957494166942505,1.3759735582859518,1.5278640595384263,1.4665757364228256,-1.7270834405179292,-5.0783214283702485,0.5890028323823036,-1.1704073771848198,0.07472538391885439,-5.3601561342046535,-2.3438644680025957,-0.5237786633820579,-1.337703160883528,1.6620535328474106,0.25117286242514536,0.20783605923292098,1.9132263952725561,-0.11480574537135713,3.130860856380275,0.2448040977236457,-0.9135950935600476
Psi_C1_psi_F3_inj,500.00000001182343,baseline,34013.229981273056,0.2934023166365764,35094.79773032206,0.3027320534285571,14322.845520358223,0.12355063188102508,16808.532722870612,0.14499247624724862,9239.844690541368,0.07970403984154462,115926.93054091881,,,,,147927.63476912302,0.20542208220509037,236579.44336496934,0.32852983784134204,148949.14404649092,0.2068406174441364,110751.71289324392,0.15379714213519832,25029.719112988118,0.034757920825431776,720115.5454233701,,,,,106379.42871345303,0.45292965565322757,82033.69433787734,0.3492732888094381,18287.643341496896,0.07786294870679011,10243.75535798454,0.043614640941393716,4545.810351956096,0.01935460964847214,234869.64782650344,,,,,0.0010915441671386361,0.046300581915261645,0.08269403874874115,0.4144176680868794,0.019596723839640617,0.08981833107562098,0.0062907999381423,0.1098401681321284,0.007581742014735937,0.05591960191886551,0.5576203465461731,0.5497127110608879,0.3588241934776306,0.5550231220178573,0.2889977991580963,0.12010617133202646,0.10260752588510513,0.23128284462168366,0.07885199040174484,0.1490112456279058,0.006166542414575815,0.06788656913707837,0.05336493253707886,0.13361605878154176,0.02086626924574375,0.22326838943610688,0.016599854454398155,0.1465163598753326,0.009893671609461308,0.05561238189890827,192,28.110450646326637,220.281249994791,194.99999999538886,10.320342010482854,-3.12855209650979,0.3149668516013588,0.4531195435696858,-24.89622654400227,C1,psi,none,psi,F3,F,inj,within,C1_F3,C1_psi_F3,-0.1304531958292604,-0.1665542549274512,0.30990768129631774,0.27380662219812635,-0.23053278112104314,-0.2666338402192347,-0.020293649278892836,-0.05639470837708474,0.5640734560937465,0.5279723969955548,0.03610105909819119,,,,,0.15752777876158322,0.19021346674351983,0.2282604136227029,0.26094610160464055,-0.10389157238251207,-0.07120588440057472,-0.7425789706883283,-0.709893282706392,-0.4425942438079045,-0.4099085558259673,-0.03268568798193742,,,,,0.4942751507165688,-0.09653568135893678,1.1003891101840637,0.5095782781085582,0.04021795590993675,-0.5505928761655688,-0.352046135271084,-0.9428569673465894,0.24224004681222033,-0.3485707852632847,0.5908108320755052,,,,,-10.398035755725983,-2.390452174113374,-1.6578260564420995,0.07185780156062292,0.617483272585273,-1.459679094156684,-3.401150262800538,-1.9045782657762524,1.3788432394483836,-0.01139873488472714,0.4612966209216144,0.7098701692083942,0.5356134440455159,-0.14461827127273738,0.04759842904828567,-2.4877414012499086,-0.21884185011046223,-0.24012102016829515,0.8955352128060785,1.67968588145642,0.6055805448987818,-1.1037497383164876,-2.045552703968741,-0.2713266461719523,-1.9505121960941993,-0.8681957962047007,-1.985643693082393,-1.1647536042730184,1.7176937890925896,-0.18828022658040272,-0.3405917272503562,-0.15735853022351382,-0.19595556063380726,-0.4979502574738704,-0.22950942563914722,1.9218352529555693,0.049879877072498593,-1.8263779788325998
Psi_C1_psi_M1_BL1,500.00000001182343,baseline,36673.94433680472,0.23487000972056382,50014.81860469831,0.320308631762547,31670.205139909063,0.20282468994200292,21689.4210210207,0.13890500785126,5353.195044644105,0.03428333098356826,156145.70962226077,,,,,281833.3046941645,0.19041780829221888,463598.8476672127,0.31322585027835687,374059.81934478285,0.25272971569882635,239413.06174272194,0.16175700222175596,20902.403734701435,0.014122496670576598,1480078.5032755844,,,,,95628.09961163631,0.36323397072748975,101963.97778561426,0.38730018344661826,30555.444580800668,0.11606186369385357,12749.541179958467,0.04842788350450956,5013.895729183506,0.019044791875204393,263268.60183289327,,,,,0.01832193322479725,0.08999041209494606,0.14694693684577942,0.48953458118623794,0.06065591052174568,0.17481877880825347,0.0618215948343277,0.09874440924446373,0.027738016098737717,0.18812080288867458,0.6251413822174072,0.5613772396617674,0.4438033401966095,0.5707749801337452,0.3945204019546509,0.1824456136441224,0.17025472223758698,0.34752853378419596,0.1842358559370041,0.1670980380125678,0.005601033102720976,0.10256156504177612,0.08304904401302338,0.37890935110581747,0.06777480989694595,0.17382042622357285,0.02007848396897316,0.10200924545403217,0.023401347920298576,0.08206900617225131,302,29.95506739960999,235.73509933217395,211.99999999498687,11.769101314915044,2.723782537253362,0.549222200503285,0.5016354003628256,21.67517273556286,C1,psi,none,psi,M1,M,BL1,within,C1_M1,C1_psi_M1,0.0,0.0,0.0,0.0,0.0,0.0,0.0,0.0,0.0,0.0,0.0,,,,,0.0,0.0,0.0,0.0,0.0,0.0,0.0,0.0,0.0,0.0,0.0,,,,,0.0,0.0,0.0,0.0,0.0,0.0,0.0,0.0,0.0,0.0,0.0,,,,,0.0,0.0,0.0,0.0,0.0,0.0,0.0,0.0,0.0,0.0,0.0,0.0,0.0,0.0,0.0,0.0,0.0,0.0,0.0,0.0,0.0,0.0,0.0,0.0,0.0,0.0,0.0,0.0,0.0,0.0,0.0,0.0,0.0,0.0,0.0,0.0,0.0,0.0
Psi_C1_psi_M1_BL2,500.0000000000551,baseline,42531.100585942186,0.2643538475946257,58039.631713873576,0.36074777621928894,24243.800506594467,0.15068836347849254,18395.496891023755,0.1143379859576088,6627.8086814887665,0.04119542409988178,160887.0117569147,,,,,321296.1406250354,0.21696788992522267,631318.4531250696,0.426322682802648,262425.2836914352,0.1772130220885761,138129.26340486138,0.09327723252316845,18847.621974947142,0.012727600032970639,1480846.500999614,,,,,110052.41015626212,0.35657486147552914,135523.3720703274,0.4391019474635638,25914.291992190352,0.08396349579469795,11246.43032646303,0.036438950587803734,5922.32318067616,0.019188599002643063,308637.60193542065,,,,,0.026911573484539986,0.11753407481565382,0.14497065544128418,0.27298338448433934,0.07912641018629074,0.1455070842169673,0.05933614447712898,0.07885889997690133,0.03737597167491913,0.22261616712692325,0.6781532168388367,0.7490674752160054,0.4778364896774292,0.5259061923325641,0.39305755496025085,0.23840079335602554,0.17229731380939484,0.39530072818195217,0.19721285998821259,0.3072016146688673,0.007316528353840113,0.10603588027046844,0.06284375488758087,0.3111064904934552,0.04593914747238159,0.07382385918245993,0.016367146745324135,0.09539368793092096,0.027820661664009094,0.0950686826251252,73,14.56930732590171,197.64383561641608,189.99999999999773,4.79922297027594,2.653944444693435,0.690155491449965,0.5406976701190629,21.119418853211773,C1,psi,none,psi,M1,M,BL2,within,C1_M1,C1_psi_M1,0.6434899970141834,0.5135807006055307,0.6462594996005565,0.5163502031919033,-1.1605017476926587,-1.2904110441013112,-0.7153643578450035,-0.8452736542536559,0.9275689630066608,0.7976596665980075,0.12990929640865229,,,,,0.5691319580164144,0.566879032456608,1.3410613592528087,1.3388084336930017,-1.5393538441463883,-1.5416067697061946,-2.388621447965579,-2.390874373525384,-0.44939669392237247,-0.45164961948217874,0.0022529255598056747,,,,,0.6101403281732779,-0.08035736105953332,1.2356742948205799,0.5451766055877676,-0.7154925915300425,-1.4059902807628546,-0.54479858950114,-1.2352962787339512,0.723168051445586,0.03267036221277435,0.6904976892328117,,,,,1.6696779513676976,1.1596755247371069,-0.05880435056333677,-2.5364716229225657,1.1544833664419638,-0.7970394408445209,-0.17820881060264687,-0.9766180121963451,1.2951709608986948,0.7311987743296487,0.3534957752199822,1.252661395263681,0.32088744761730537,-0.35556643117764253,-0.01613318662739191,1.1617426980449261,0.0517934018174155,0.5593714627499164,0.2956107492184053,2.6445214340201355,1.1603692055904715,0.14468206726234817,-1.2107251154963325,-0.8562625164326956,-1.688853766905479,-3.7190406608475577,-0.8875794194604708,-0.2911989618433266,0.751265811437845,0.6385830159919915,-3.1303139666662974,-0.7654097726919994,-0.47582259965657986,-3.895723739358296,-0.11280603709179986,0.9919886409429651,0.3256632116824723,-0.11280603709179986
Psi_C1_psi_M1_EZM,500.00000001182343,baseline,46458.47412219235,0.2502527838557581,75182.63891779346,0.4049781023224063,28582.739960392686,0.1539635207669612,13938.391647668466,0.07508041058616409,5408.557100900753,0.02913368328850682,185646.18305692976,,,,,538580.7500127357,0.28320748683293884,770108.5683775856,0.40495415447650346,299078.2348703535,0.15726740189295907,138981.26520104037,0.07308195629628068,17940.428036160316,0.009433800849191163,1901717.9101993123,,,,,107483.40429941665,0.3536622571000828,128622.35303038526,0.4232176305053692,28383.29751654032,0.09339210205586412,9587.512207257965,0.03154664879936122,4943.301045534679,0.016265385495409755,303915.39425424166,,,,,0.028188003227114677,0.16385989834894352,0.14778730273246765,0.291567535641334,0.0671684518456459,0.1858315872769529,0.054010216146707535,0.08391783918364465,0.024124786257743835,0.18889560005117545,0.5682380795478821,0.6272334744714204,0.37884217500686646,0.37240522693666245,0.37491855025291443,0.3015580417824651,0.1451585292816162,0.2870919846022415,0.1867690533399582,0.2754276063466368,0.0065802945755422115,0.12755089663522637,0.08850297331809998,0.3189258236663158,0.04881497099995613,0.10537596716469964,0.009223002009093761,0.059197280254205537,0.021646251901984215,0.056032580412900046,245,22.365782483404605,227.83673468848994,207.99999999508145,8.49291141628655,2.508828472596,0.4783322969363797,0.5095879364068634,19.964622639167153,C1,psi,none,psi,M1,M,EZM,within,C1_M1,C1_psi_M1,1.0270732028616474,0.2755135158751989,1.7701886739169637,1.0186289869305156,-0.4454701826348711,-1.1970298696213184,-1.920352957088136,-2.6719126440745833,0.04468351865733744,-0.7068761683291104,0.7515596869864481,,,,,2.812585136897999,1.7239716799386604,2.204096076630178,1.1154826196708392,-0.971562509580169,-2.0601759665395085,-2.361915797590865,-3.4505292545502044,-0.6636343142687291,-1.7522477712280686,1.0886134569593386,,,,,0.5075588803858992,-0.11597743965309172,1.0086968066365147,0.38516048659752333,-0.32025757529004933,-0.9437938953290397,-1.237886260962799,-1.8614225810017895,-0.06158238300195338,-0.6851187030409442,0.6235363200389903,,,,,1.8709301654533408,2.602764405132972,0.024765853938122008,-2.2504421003690607,0.4429221201230962,0.26531454270432286,-0.586642892119575,-0.7065822331505273,-0.6061192163587217,0.017850183883211097,-0.4144791476261568,0.48174427184813656,-0.6873224522200652,-1.8544915966053297,-0.22132537916394276,2.182374879635953,-0.6925660711543353,-0.8296940059872286,0.0593076114782451,2.1703611717366793,0.6997719640845197,0.9469887652766529,0.2762322376086883,-0.7484563754203338,-1.4251527245106657,-2.1735923681341642,-3.3785861495345353,-2.3633778111213033,-0.33858165425681647,-1.657385512351254,-1.268862042129374,-0.1480050301721047,-0.08272525965989885,-1.4168670723014793,-0.35701461375945426,-0.600183784766906,0.06830961270522376,-0.35701461375945476
Psi_C1_psi_M1_inj,500.00000001182343,baseline,38235.4125985604,0.25217606302309803,52186.57995728874,0.3441889437532756,26514.36773744339,0.17487162855480384,18713.18595930481,0.12342007686388295,6066.8494178299225,0.040013016655662474,151621.8951957317,,,,,262636.6757874605,0.2036469943141891,502459.44727750664,0.3896042161515906,274951.40918618924,0.21319576900421428,138339.1634706785,0.1072674056366046,19073.44477126401,0.014789441296572538,1289666.3497142582,,,,,105600.00586187211,0.3658567255975181,119979.7006864309,0.4156759279798179,27534.279602701878,0.09539394713962047,11614.561331069937,0.04023925323825229,5341.246233112754,0.01850502603203233,288637.59628692333,,,,,0.025227060541510582,0.029038168887578042,0.18456503748893738,0.3882612340988024,0.07908916473388672,0.1525330098093815,0.06153297424316406,0.07862252922452283,0.03792356327176094,0.22326120664601765,0.6437796950340271,0.6738356130927844,0.4773481488227844,0.5260054799928997,0.3909723460674286,0.19960138053997517,0.16192887723445892,0.35829486290710544,0.18112759292125702,0.2781393812036926,0.0028351505752652884,0.07796857190584937,0.08311772346496582,0.3318241365070582,0.05319749936461449,0.09934111298651559,0.019702821969985962,0.11346507412329966,0.02202589251101017,0.07882762515417333,190,18.17590449083484,219.32631578428732,203.99999999517604,6.64409028003648,2.7985086630761433,0.5662642300935075,0.5291730639288492,22.269824350702986,C1,psi,none,psi,M1,M,inj,within,C1_M1,C1_psi_M1,0.1810815953984786,0.3087629447079173,0.18460138307804352,0.3122827323874822,-0.7716960109441994,-0.6440146616347602,-0.6410022573576313,-0.513320908048192,0.5435014840547477,0.6711828333641865,-0.12768134930943925,,,,,-0.30636940224702686,0.2917044246655932,0.34958668473258525,0.9476605116452055,-1.33685109899956,-0.7387772720869411,-2.382026954780176,-1.7839531278675567,-0.39767095828592475,0.20040286862669515,-0.5980738269126197,,,,,0.43078417046741835,0.031245848740495633,0.7066100448446665,0.3070717231177437,-0.45214888837045386,-0.8516872100973761,-0.40491744385773554,-0.8044557655846586,0.27467301572737024,-0.12486530599955278,0.39953832172692244,,,,,1.3889535344821347,-4.9122701379651375,0.9898889773912983,-1.0065934557136762,1.1524386253016534,-0.5922424223495893,-0.020322969757856916,-0.9896550529508962,1.3583374071223155,0.74376443994358,0.12759026152553743,0.7929915955398548,0.31644676152605344,-0.3547465888987261,-0.03923426605891448,0.39030114231082025,-0.21774861855057806,0.13250113383856954,-0.07389540731591716,2.2129113347310247,-2.9569201011897417,-1.1906505972265449,0.0035900209349807254,-0.5762735044324312,-1.0517709003903108,-2.429717891335381,-0.08202485017895744,0.4622266600813882,-0.2630735805832175,-0.17500731559381089,-2.169742691563611,-0.31333507333478494,-0.16705693502852675,-2.483077764898395,0.11754224449491657,0.1327104503393887,0.23209552510433054,0.11754224449491563
Psi_C1_psi_M2_BL1,500.00000001182343,baseline,96251.21875227604,0.5242025455939622,39021.017701118035,0.21251592526052496,16787.024170318837,0.09142534418890585,15958.65622748919,0.08691389394496318,5847.978826661114,0.031849211129525136,183614.55807738577,,,,,193594.1855514529,0.1965093613734541,319435.19336692867,0.32424530555984915,199708.3906297225,0.20271563524379077,184641.8522535117,0.18742222224182367,26791.564537681872,0.027194996701470065,985165.2063717153,,,,,158189.1894568657,0.5475614556461877,77182.26977721574,0.26716134101447453,18960.18426558507,0.0656294284800959,12522.85659628917,0.043347042931668266,6441.1354571911925,0.022295565955318244,288897.59829822864,,,,,0.06364542990922928,0.20603197798985948,0.19585402309894562,0.5610407327419231,0.06934122741222382,0.15354804190755203,0.044726692140102386,0.2838478991281378,0.024184981361031532,0.07726921427190807,0.5723845362663269,0.45618629272691424,0.3783438503742218,0.5051126391222395,0.4545370638370514,0.1799831129557171,0.21632060408592224,0.3363559419406622,0.2639431953430176,0.2105184522765653,0.03855361416935921,0.19032266648796048,0.1047511026263237,0.4650834686715654,0.052032407373189926,0.17142784585673596,0.06929866224527359,0.28531453753976016,0.023674702271819115,0.060822536381227185,311,31.08922240363549,239.29903536411624,209.99999999503416,12.399368219017408,-2.891078558103458,0.5699422002859876,0.47979917685766715,-23.006472169457734,C1,psi,none,psi,M2,M,BL1,within,C1_M2,C1_psi_M2,0.0,0.0,0.0,0.0,0.0,0.0,0.0,0.0,0.0,0.0,0.0,,,,,0.0,0.0,0.0,0.0,0.0,0.0,0.0,0.0,0.0,0.0,0.0,,,,,0.0,0.0,0.0,0.0,0.0,0.0,0.0,0.0,0.0,0.0,0.0,,,,,0.0,0.0,0.0,0.0,0.0,0.0,0.0,0.0,0.0,0.0,0.0,0.0,0.0,0.0,0.0,0.0,0.0,0.0,0.0,0.0,0.0,0.0,0.0,0.0,0.0,0.0,0.0,0.0,0.0,0.0,0.0,0.0,0.0,0.0,0.0,0.0,0.0,0.0
Psi_C1_psi_M2_BL2,500.0000000002771,baseline,37457.875000020766,0.30588375347555663,44123.44116213382,0.3603152554415831,15266.317962654946,0.12466587173366399,12291.558883673802,0.10037377100014033,5830.799012664211,0.047614732222645034,122457.87680585019,,,,,261623.378906395,0.20020938997736443,540975.3261721749,0.4139857091460011,207947.29589855275,0.15913333675805563,175533.21936044886,0.1343282045963184,27858.064292923147,0.021318607233613743,1306748.7940299604,,,,,82542.64062504575,0.38719109150629477,82366.93054203782,0.38636687049381774,17736.00784302741,0.08319608124606423,11456.759307867678,0.05374137667449659,5904.998850348884,0.027699173819697904,213183.2122064818,,,,,0.11762843281030655,0.11464419947571634,0.28713735938072205,0.4128065532263678,0.11305654048919678,0.16361259181251347,0.05888140946626663,0.27643897465269573,0.016555557027459145,0.09045450225334539,0.5954539179801941,0.6224462473454836,0.4746628403663635,0.50008885052563,0.45052778720855713,0.1265381108129915,0.234785258769989,0.3256064418551042,0.2138652354478836,0.2542434941721282,0.06586512178182602,0.24925748085487032,0.13987572491168976,0.526097058122381,0.04706032574176788,0.1927282575702942,0.05448527634143829,0.22685338877953026,0.0166875459253788,0.08658787483164802,121,24.043715847007864,226.47933884285246,203.99999999989404,9.075674780592923,-3.031036878788245,0.6814159412715974,0.5264162139830962,-24.120225097648962,C1,psi,none,psi,M2,M,BL2,within,C1_M2,C1_psi_M2,-4.098631012980682,-2.339427148615916,0.533707834958309,2.292911699323075,-0.4123941223050687,1.346809742059696,-1.1338935348412662,0.6253103295234997,-0.012777199640897829,1.7464266647238678,-1.7592038643647654,,,,,1.3078424086542129,0.08101198114193618,2.287946951508768,1.0611165239964917,0.1755696538720492,-1.0512607736402275,-0.21970830101598723,-1.446538728528264,0.16952860655592314,-1.0573018209563532,1.2268304275122763,,,,,-2.8249844248561677,-1.5050751285459854,0.2823533585400929,1.6022626548502754,-0.2898668158164238,1.0300424804937582,-0.38641618141737116,0.933493114892811,-0.3774261507624754,0.9424831455477058,-1.319909296310182,,,,,2.667450864720891,-2.545825458453243,1.6615720518069002,-1.3324781008021036,2.123041671357352,0.2757244186650667,1.1941141715656298,-0.11486410739647929,-1.6460195943623308,0.6842369211425464,0.1716026498516975,1.34959621315365,0.9849855439805061,-0.04341063665633425,-0.03847720091492445,-1.5301041277691758,0.3557293876119088,-0.14106115713003084,-0.9137027583692142,0.819596801497562,2.32590402362962,1.171576877767583,1.2558374717788343,0.5353497042860631,-0.4361899083221461,0.5086402714760901,-1.0444569307090883,-0.9957862946279311,-1.5189205219037094,1.5339255382605979,-1.1160827295095868,-0.2391235940627999,-0.12589127297976377,-1.355206323572388,-0.1399583206847872,0.7758147470742983,0.40269758824142443,-1.1137529281912286
Psi_C1_psi_M2_EZM,500.00000001182343,baseline,26326.312500622535,0.24748682659086252,38017.67590421931,0.35739429757481783,18145.595581483773,0.17058203145451542,12231.687856963434,0.11498692084196313,4945.54599869025,0.046491793522015094,106374.6012798668,,,,,225653.82422408598,0.16482625991994646,513652.76563714625,0.3751917989806917,258987.20410768673,0.1891742467338045,261620.42403267574,0.191097652168102,29355.41480706013,0.021442327634746454,1369040.4935092414,,,,,52455.012208271655,0.317615281649284,67537.68164222204,0.4089408976126673,17929.156494564595,0.10856110503120316,12139.090441037175,0.07350223490727104,5703.089850560582,0.03453222891198438,165152.67129430297,,,,,0.15056084096431732,0.14683203830083774,0.3912220597267151,0.595458132115012,0.11738870292901993,0.1807708269261202,0.0943426787853241,0.246846159043558,0.01350424624979496,0.05050183220311284,0.5634774565696716,0.3980531740669999,0.4469275176525116,0.5922757959856608,0.44294261932373047,0.24754192242992687,0.2569204568862915,0.23494329993750773,0.22089877724647522,0.13015672630661507,0.029964210465550423,0.1869508436657538,0.1729392111301422,0.5662887407572341,0.05514359474182129,0.11859735546312607,0.06471917778253555,0.19585690980250223,0.015016233548521996,0.05356710655281647,378,36.29055485591996,245.89947089365614,215.99999999489228,14.873047062513201,-2.9182311211795833,0.6858442320408936,0.545019428426742,-23.222545401016724,C1,psi,none,psi,M2,M,EZM,within,C1_M2,C1_psi_M2,-5.630162051525499,-3.259470386630424,-0.11313027913745319,2.2575613857576213,0.3379751160961979,2.7086667809912726,-1.1550992980599104,1.2155923668351634,-0.7279154592989792,1.6427762055960948,-2.3706916648950744,,,,,0.6655038856308826,-0.7635684011461621,2.062868685267342,0.6337963984902979,1.1288199535743717,-0.3002523332026732,1.5134149706060684,0.08434268382902373,0.39690145868058585,-1.0321708280964588,1.4290722867770447,,,,,-4.7938980834032545,-2.3653147958111727,-0.5797139757963982,1.8488693117956836,-0.2428269576300757,2.185756329962006,-0.13517260250003696,2.293410685092045,-0.5285221864728833,1.900061101119199,-2.4285832875920814,,,,,3.7394480747658534,-1.4711380431007535,3.0049083829036176,0.25856837657457227,2.286347791124777,0.708840621272331,3.241414233647818,-0.6065931025327546,-2.530754083116605,-1.8469936147422952,-0.06811346588521555,-0.5920114033520124,0.7235041600095627,0.6913574934128214,-0.11221832712210808,1.384170003590868,0.747007986045476,-1.5583603975461833,-0.7731715813493988,-2.088235517208746,-1.0946225794026934,-0.07763084326502441,2.177348704772948,0.8550702399929742,0.2522115402696335,-1.6000636283343275,-0.29691859794176645,-1.6338500268916887,-1.9772351183365418,-0.5516633841886014,0.6718374858789908,0.11816646323482004,0.12234456417011585,0.7900039491138107,-0.027152563076125347,0.8039467589267696,0.5535248538507973,-0.2160732315589904
Psi_C1_psi_M2_inj,500.00000001182343,baseline,54602.881348947434,0.4088419444877298,35972.05066003032,0.26934262031103273,15664.695953739563,0.11729023442202308,13885.175197929659,0.10396597921629261,6143.183028843237,0.0459974058659215,133554.9888780704,,,,,161856.5683632024,0.1751829458994496,335293.25000792864,0.3628994477677523,180242.01758238717,0.1950821516497784,160452.76218030788,0.1736635580545308,27415.56064479807,0.02967280676841922,923928.7964486212,,,,,107472.9052759789,0.45687891548469095,78590.45276064746,0.33409649373981154,17671.39929241006,0.07512302494364391,11502.846927914828,0.04889984332252683,6278.758215575872,0.02669167858407249,235232.79721053378,,,,,0.03816842660307884,0.16950016335852736,0.25849151611328125,0.5688777034504187,0.07587561756372452,0.17335895566239323,0.040254004299640656,0.27928677762171134,0.017881471663713455,0.0884961029704621,0.6087962985038757,0.6046060941215551,0.432237446308136,0.5296310814130383,0.4598918855190277,0.1743462534199092,0.2211010456085205,0.30774198842925504,0.2368927001953125,0.2600611506887368,0.025634050369262695,0.2532717939647339,0.12555401027202606,0.5239616726245165,0.04513532668352127,0.179434620502176,0.05523567646741867,0.2580498890120185,0.01673666201531887,0.0619678759945959,268,24.28078737456473,238.5074626809272,209.99999999503416,9.651914981004209,-2.9141356394561306,0.5510052565913897,0.4825512540800948,-23.189954592985227,C1,psi,none,psi,M2,M,inj,within,C1_M2,C1_psi_M2,-2.4619067666885535,-1.0794368044210025,-0.3533339560740357,1.0291360061935149,-0.30051745940040153,1.0819525028671486,-0.6044495561304154,0.778020406137135,0.21387663265529153,1.5963465949228415,-1.3824699622675507,,,,,-0.7776198110989424,-0.4989141903751795,0.21042048189138404,0.48912610261514616,-0.44540271756648797,-0.16669709684272518,-0.609829503292285,-0.33112388256852227,0.09999055885684713,0.37869617958060897,-0.2787056207237624,,,,,-1.6787781162153246,-0.7863175310488314,0.07852244595801446,0.9709830311245083,-0.3057161368646968,0.5867444483017964,-0.36898066815235936,0.5234799170141341,-0.11088673042581641,0.7815738547406768,-0.8924605851664934,,,,,-2.22062966758952,-0.8476451085754332,1.205137968363407,0.060245192990555904,0.3911071403477524,0.5270199951549785,-0.45757691518651084,-0.07035308964375564,-1.3114249820265311,0.5891765039913265,0.26784111049622117,1.2233028867256888,0.5783570938379256,0.205852280304119,0.05086444590115029,-0.1381913989945035,0.09492909352823646,-0.3861234858566254,-0.4695879181324307,0.9178531139177994,-1.7724786344845014,1.2409631286371465,0.7867198578901602,0.5176861700531481,-0.6175732960539958,0.1982487262852498,-0.9850517383753883,-0.4362022407300651,-1.5061568015336282,0.08102083718472214,-1.0734709382415761,-0.01438975670063836,0.0,-1.0878606949422158,-0.023057081352672704,-0.14675072631219016,0.024839500690582158,-0.18348242352749367
Psi_C1_psi_M3_BL1,500.00000001182343,baseline,12734.938232723018,0.2083254484756787,18918.580078572366,0.30948102043121617,11056.688690447001,0.1808716766426608,11507.002762112923,0.18823817337946147,3197.662633017814,0.05230920558261057,61130.01712419105,,,,,90451.17773651387,0.2092392806530241,162144.5537147717,0.37508643480480186,78056.1613787989,0.18056608510961464,59850.4303450432,0.13845105509461353,16843.01980630649,0.03896269165850262,432285.8377940356,,,,,27632.7614752628,0.2688550588490965,37285.25952236606,0.36276977427910967,13352.081268626282,0.12991009235352935,12230.889200499794,0.11900136867322912,6193.408141759462,0.06025923655584905,102779.39940409517,,,,,0.009521840140223503,0.16373742843757655,0.2455255389213562,0.6171845332504122,0.018712172284722328,0.15821882481184446,0.028304869309067726,0.18768294961440707,0.02268763817846775,0.05661398052897173,0.6989901661872864,0.2228600225974143,0.5666919946670532,0.41233285176059403,0.42973655462265015,0.15453564215608728,0.1465606540441513,0.16670040194095143,0.1808381825685501,0.1314179511305233,0.009360614232718945,0.1459865237262358,0.19948415458202362,0.4191833539915555,0.035733599215745926,0.22766688458123893,0.032875292003154755,0.1572691327356191,0.020657066255807877,0.046755413991156194,291,28.995134265096027,236.21305841365825,205.99999999512875,11.415048906454986,-0.861921348153468,0.3079952678610722,0.46013157348750233,-6.858952155752745,C1,psi,none,psi,M3,M,BL1,within,C1_M3,C1_psi_M3,0.0,0.0,0.0,0.0,0.0,0.0,0.0,0.0,0.0,0.0,0.0,,,,,0.0,0.0,0.0,0.0,0.0,0.0,0.0,0.0,0.0,0.0,0.0,,,,,0.0,0.0,0.0,0.0,0.0,0.0,0.0,0.0,0.0,0.0,0.0,,,,,0.0,0.0,0.0,0.0,0.0,0.0,0.0,0.0,0.0,0.0,0.0,0.0,0.0,0.0,0.0,0.0,0.0,0.0,0.0,0.0,0.0,0.0,0.0,0.0,0.0,0.0,0.0,0.0,0.0,0.0,0.0,0.0,0.0,0.0,0.0,0.0,0.0,0.0
Psi_C1_psi_M3_BL2,500.0000000002771,baseline,15414.724365242917,0.22457014231593872,24591.70031739644,0.3582653513105231,10170.292846685323,0.14816639323922834,9356.96853638214,0.13631743948656616,4840.339241507351,0.07051671159126816,68641.02327350606,,,,,97825.25390630422,0.1830655168465274,225566.82226575,0.42211499845488465,94955.72399907606,0.1776956153681583,62873.96949771551,0.11765934932626161,18572.89028359489,0.034756421510100804,534372.9151805025,,,,,34740.89013673801,0.2633427401864964,54648.37634280372,0.4142453781757965,14681.256103523761,0.11128679191766641,12425.450546271535,0.09418734471189294,7326.940888885744,0.055539644587956,131922.71832568804,,,,,0.016641492024064064,0.18057664803177312,0.1592351794242859,0.5683783711960111,0.015949929133057594,0.2057550849289906,0.015904787927865982,0.18883431146238178,0.0218272116035223,0.10249855564993711,0.7248007655143738,0.44675263060549814,0.6116026639938354,0.4666400573319005,0.42922377586364746,0.18722115755205193,0.17170415818691254,0.21763621787550322,0.19748756289482117,0.19928094506272198,0.01252094004303217,0.10329990223796492,0.12140989303588867,0.28517888165455146,0.024168387055397034,0.19455343911803877,0.02296013943850994,0.13092289859234105,0.02145419269800186,0.07812139949873328,116,22.99990086250903,235.49999999986957,208.99999999987529,9.027461088529796,-1.829946369216019,0.27800777902368573,0.4673152843451668,-14.5622505126898,C1,psi,none,psi,M3,M,BL2,within,C1_M3,C1_psi_M3,0.8293892051752555,0.32609688784051594,1.1390002012569902,0.6357078839222509,-0.362916235525044,-0.8662085528597839,-0.8982704821441784,-1.4015627994789184,1.8004315889229212,1.2971392715881815,0.5032923173347402,,,,,0.34036757743962814,-0.5803667220613776,1.4337285564120896,0.5129942569110841,0.8511395957087465,-0.06959470379225875,0.2140360257072813,-0.7066982737937244,0.4245953386309693,-0.4961389608700366,0.9207342995010053,,,,,0.9941665358788422,-0.08996862431952596,1.660400928353888,0.5762657681555196,0.4121424762238425,-0.6719926839745258,0.06854113268666329,-1.0155940275117055,0.7299298713211027,-0.35420528887726593,1.0841351601983686,,,,,2.4247137524462663,0.42513621799673745,-1.8805765139912334,-0.3577749090242513,-0.6936544962067861,1.1409242253724796,-2.5033327131243936,0.026560888837176923,-0.1679102872186527,2.5779405440637255,0.1574757748520797,3.0203494821481973,0.3312229077087352,0.5373407909231336,-0.005185268842413932,0.8332626492424389,0.6876341824853283,1.157945230637881,0.38249616705847816,1.8081108206965975,1.2633258834063148,-1.502128566366152,-2.1565432803875346,-1.6728666666733518,-1.6982909457372806,-0.6826095242892093,-1.5589509774781285,-0.7962787997897307,0.1644353458535661,2.2293810804787495,-1.0059916007342866,-0.013129912972954698,0.06279065751911111,-1.019121513707241,-0.968025021062551,-0.44487095691298395,0.06727950724819567,-7.703298356937055
Psi_C1_psi_M3_EZM,500.00000001182343,baseline,15928.1782230329,0.2458939861951875,22366.00341849764,0.34527901802836425,11956.009842201667,0.18457295479257085,7391.83955591515,0.11411279232742967,2989.629114698533,0.04615291277915112,64776.607470136805,,,,,148163.2773472536,0.2463113028569868,208699.9414111851,0.34694936151207295,117502.56250277856,0.19533996397272857,70479.75931715735,0.11716777364318792,18790.98842856019,0.031238731517536977,601528.535754123,,,,,31179.09033276854,0.29039601443292357,37543.18261807528,0.3496699385728486,14313.374206881435,0.13331199782942152,11812.778755467323,0.11002193564192485,6051.176974916498,0.05635949148577974,107367.48709741804,,,,,0.02295932173728943,0.17162951520976752,0.20014452934265137,0.5983750670737285,0.028263311833143234,0.24726373147084657,0.015278932638466358,0.1813070441296322,0.017595931887626648,0.04999002917830798,0.7028121948242188,0.17994461009369625,0.5417944192886353,0.46323648662727956,0.463889479637146,0.17889484395479555,0.2009015828371048,0.1708620797307132,0.1594190150499344,0.07615087983848509,0.011479915119707584,0.17156856872264936,0.11016002297401428,0.3768230288897746,0.026807259768247604,0.26490237756549084,0.024853596463799477,0.1617382400833315,0.020693566650152206,0.04550070522814892,390,37.37565407483011,249.430769224871,213.99999999493957,15.537730243612597,-1.5115721138927023,0.32590362320970856,0.48066164847829224,-12.028708688294449,C1,psi,none,psi,M3,M,EZM,within,C1_M3,C1_psi_M3,0.971692635595516,0.7200558193902147,0.7269984933569869,0.47536167715168687,0.3396118200875704,0.08797500388226931,-1.9220968563540264,-2.1737336725593273,-0.2921532764830594,-0.5437900926883603,0.25163681620530054,,,,,2.143263499210523,0.7084112312984496,1.0961996143999904,-0.33865265351208157,1.7764014795679175,0.34154921165584506,0.7099713484561126,-0.724880919455959,0.47529665761482165,-0.9595556102972508,1.4348522679120725,,,,,0.5243915202596855,0.3347243886220146,0.029939156189793637,-0.1597279754478772,0.3019305851095837,0.11226345347191269,-0.1510596189233162,-0.3407267505609868,-0.10089846037818194,-0.2905655920158523,0.18966713163767057,,,,,3.8223816807860085,0.20444010428028306,-0.887529491790908,-0.1344154486231641,1.790988427636112,1.939022645022416,-2.6776813778590136,-0.15010142567498433,-1.1037701525679813,-0.540403009603617,0.023682226624810163,-0.9289332751896046,-0.19512550352061414,0.5055482140149927,0.33212225852425326,0.6356916251340218,1.369659640059794,0.10709041303405152,-0.547500121370107,-2.3697976655664776,0.8863432940707845,0.7012496112005859,-2.5788438670802547,-0.46266592147765856,-1.24824339324564,0.6578599156380872,-1.2148037636074316,0.12169221260495779,0.0076670768276686395,-0.11813778805929592,1.1026367742636831,0.2364612328645172,0.1654655298003743,1.3390980071282,-0.6496507657392343,0.2454514481834471,0.1895743670488442,-5.169756532541704
Psi_C1_psi_M3_inj,500.00000001182343,baseline,12802.042969052727,0.21494305892335558,19667.083862769752,0.3302053567375809,9831.253952258847,0.16506426377876832,9996.85858750141,0.16784472365981784,3861.3604393918463,0.06483126376429658,59560.15994737323,,,,,70870.71777511337,0.1702073352423694,164239.08203513376,0.39444635772645525,79220.90881534989,0.1902616511903652,59612.26504657566,0.1431683648744201,16595.818483745097,0.03985750573668144,416378.75168068346,,,,,29541.185059292307,0.2650134765316636,43002.106568399686,0.38577117800126925,13726.617645588263,0.12314125706118072,12031.209173487016,0.10793177604574472,6681.037105718287,0.05993547200864606,111470.50122095487,,,,,0.007458880543708801,0.12558778945033777,0.25198256969451904,0.6396869609092052,0.019761458039283752,0.195539523980412,0.024039091542363167,0.2069284216575039,0.02045644260942936,0.06923564131462391,0.7472154498100281,0.34854105704648686,0.6136699318885803,0.4759079555802723,0.44012248516082764,0.19859155877367635,0.14999523758888245,0.18098116457912486,0.1768152266740799,0.16875344949339846,0.004201790783554316,0.09296386071102943,0.16751590371131897,0.3697984489427857,0.032858993858098984,0.23028787025357578,0.026357600465416908,0.137139076296946,0.022274423390626907,0.05530375872566802,246,23.208787891725386,227.60162601087808,201.99999999522333,8.803929769830463,-0.7385746741403821,0.2907972192225495,0.44575585274052965,-5.877390511596383,C1,psi,none,psi,M3,M,inj,within,C1_M3,C1_psi_M3,0.0228243765745777,0.13581099735964336,0.16851432064619656,0.2815009414312635,-0.510161673124077,-0.397175052339011,-0.6109866858579148,-0.49800006507284916,0.8190770089788945,0.9320636297639615,-0.11298662078506612,,,,,-1.0594739474859751,-0.8966494581638574,0.05574143306176162,0.2185659223838799,0.06432630411448517,0.22715079343660283,-0.017316537451678552,0.14550795187043916,-0.0642128325088587,0.09861165681325958,-0.16282448932211788,,,,,0.2900362503434301,-0.06250253341703287,0.6195256080462155,0.266986824285752,0.12014569543170366,-0.23239308832876035,-0.07148754457229375,-0.42402632833275744,0.3291418309251357,-0.0233969528353275,0.3525387837604632,,,,,-1.0604723409253982,-1.1520054912146644,0.11273827535143699,0.15552464310991948,0.2369477712629016,0.9197639918981028,-0.7094310269045481,0.423953250190002,-0.4495917563833014,0.8740602813033349,0.289747771368899,1.942217737603749,0.3458776693384431,0.622750271148638,0.10371258958887333,1.0893212351399388,0.10060075826037823,0.3569673150621034,-0.09770471582316229,1.0859796697188342,-3.4786992344998864,-1.9599861583858125,-0.7585235992571255,-0.5443894298616357,-0.3642250088493936,0.04971198709801745,-0.9596374841909199,-0.5948227192657974,0.32737827961756205,0.7292274241029668,-0.9667266466623713,-0.1612854238063499,-0.08515850922529627,-1.1280120704687204,0.12334667401308586,-0.24953794688294642,-0.13784980736739508,0.9815616441563622
Psi_C1_psi_M4_BL1,500.00000001182343,baseline,36728.71386805602,0.3054205552917542,34396.610474446185,0.2860277631555291,16296.137115863869,0.1355118304691441,16824.182247559704,0.13990283195972217,8332.106409269905,0.0692862966944911,120256.19504545385,,,,,103142.333986814,0.20527172630534865,182287.52344181054,0.3627848350378695,81899.57336619448,0.16299482626308948,80967.9146595074,0.16114065849650086,17019.155281469342,0.033871168606021934,502467.319017848,,,,,96268.75586165146,0.4190688181869295,72079.33838061069,0.3137695390420114,21265.190765883715,0.09256978843255635,16561.024876032483,0.07209202051740544,7455.326104817256,0.032453880513776234,229720.63700217823,,,,,0.0453294962644577,0.16205470370500075,0.12574613094329834,0.39813642305928876,0.00918166060000658,0.13181432892410808,0.029065806418657303,0.1394403832030737,0.022355353459715843,0.1593565863666236,0.6023821234703064,0.6365255598872449,0.3600044250488281,0.5856792683791451,0.2623963952064514,0.077627147138494,0.08556567877531052,0.1963169587764447,0.07357361912727356,0.11565002902470733,0.04068954288959503,0.1612233466654123,0.1029081791639328,0.2583677938524291,0.06752058118581772,0.41728683652571,0.02758825197815895,0.1914155351157771,0.01358820777386427,0.06553867974801406,295,29.318226993338882,232.51525423178987,207.99999999508145,11.361558338302524,-0.5961110798023385,0.23018779165336548,0.46210676042862836,-4.743701249119473,C1,psi,none,psi,M4,M,BL1,within,C1_M4,C1_psi_M4,0.0,0.0,0.0,0.0,0.0,0.0,0.0,0.0,0.0,0.0,0.0,,,,,0.0,0.0,0.0,0.0,0.0,0.0,0.0,0.0,0.0,0.0,0.0,,,,,0.0,0.0,0.0,0.0,0.0,0.0,0.0,0.0,0.0,0.0,0.0,,,,,0.0,0.0,0.0,0.0,0.0,0.0,0.0,0.0,0.0,0.0,0.0,0.0,0.0,0.0,0.0,0.0,0.0,0.0,0.0,0.0,0.0,0.0,0.0,0.0,0.0,0.0,0.0,0.0,0.0,0.0,0.0,0.0,0.0,0.0,0.0,0.0,0.0,0.0
Psi_C1_psi_M4_BL2,500.0000000002771,baseline,32059.308593767768,0.2578030049842396,41385.190917991684,0.33279652770112395,16040.726043710061,0.1289905352793948,16406.885196694882,0.13193498212128088,10496.328993803121,0.08440559932823004,124355.83749587275,,,,,123923.40820319369,0.21439841695998854,225406.63867199997,0.38997334889554364,100159.30566411802,0.17328442535237745,67150.55242923643,0.11617637335482815,16813.442642221227,0.029088737458133417,578005.2388461456,,,,,103042.0996094321,0.36082357022304073,114270.62548834458,0.4001426137142717,23002.91143800103,0.08054952938695943,15966.652420052795,0.05591058948284909,7888.96920490702,0.027624883855080273,285574.74653259845,,,,,0.021225949749350548,0.1087569453103673,0.06630933284759521,0.30180808211141813,0.006993182934820652,0.10258673606690406,0.02759353071451187,0.1534740847238184,0.023469682782888412,0.17257306977741252,0.6022775769233704,0.7269508383191859,0.3467157781124115,0.46376301415833987,0.28838467597961426,0.14179192557008927,0.09732218086719513,0.23925424748408908,0.1011999249458313,0.2536739745345925,0.043369490653276443,0.1676586462796393,0.08469779789447784,0.20285513467441285,0.05214254930615425,0.38794942194573223,0.01823405548930168,0.1646398722796828,0.02096276544034481,0.0875233225360976,157,30.753760969511404,228.0127388533761,201.9999999998845,11.687082114500592,-0.6282044590825968,0.10928741413566974,0.44905382425404444,-4.99909224676828,C1,psi,none,psi,M4,M,BL2,within,C1_M4,C1_psi_M4,-0.5905156897263896,-0.7361028717913526,0.8032931477822576,0.6577059657172941,-0.0686064850925767,-0.2141936671575405,-0.10907824956694467,-0.2546654316319079,1.0028262695876569,0.8572390875226927,0.1455871820649631,,,,,0.7971639435515736,0.18892439676026176,0.9220975807953706,0.3138580340040581,0.8740966578454566,0.2658571110541444,-0.812633642608705,-1.4208731894000168,-0.05281354111714781,-0.6610530879084597,0.608239546791312,,,,,0.29529340184045594,-0.649904479317197,2.0012381302334687,1.056040249075816,0.3411352434571227,-0.6040626377005303,-0.15873338330256903,-1.1039312644602213,0.24553616006675646,-0.6996617210908961,0.9451978811576528,,,,,-3.2951376113848285,-1.732046402040321,-2.779199728122678,-1.2030104478304273,-1.182463459280778,-1.0887141058154488,-0.2257510284068478,0.41646484440273135,0.21125678824496785,0.34603006517127616,-0.0007538060505468917,0.5768919414023634,-0.16334233304122275,-1.0136374132831876,0.4101431494762737,2.6163787460293304,0.559122324885576,0.8590183894581892,1.384580706574112,3.411301673330011,0.2770151069691931,0.16998023256581704,-0.8457777494006695,-1.0505237182502458,-1.1224391135629694,-0.3165957584573438,-1.7984091188035336,-0.6544216131572823,1.882863959525509,1.2562610743304399,0.20760531533109025,-0.08492338883027041,-0.12711965506116424,0.12268192650082053,-0.03209337928025835,-3.23512136278197,-0.12443922811038795,-0.25539099764880646
Psi_C1_psi_M4_EZM,500.00000001182343,baseline,33840.729492987724,0.2674360306165555,44272.21508893753,0.34987382504390874,16568.313629542183,0.13093583080155216,15545.185100923014,0.12285026537184814,8307.316849904999,0.06565094419353411,126537.6599217773,,,,,151510.43164420774,0.24112860928630628,228173.5585991456,0.36313785304315627,121900.44970991382,0.1940043704644185,67292.31683508733,0.1070956144604082,14778.290186277805,0.023519625160957472,628338.6782375145,,,,,99196.55273672068,0.36347401712885063,111238.63281513048,0.4075983652027594,22015.71472220029,0.08066953991112512,14737.467243543077,0.05400073161345361,6876.622030420789,0.02519718039302932,272912.3625404997,,,,,0.018397256731987,0.1104557825160649,0.09486094117164612,0.3946371421027799,0.01763538457453251,0.15425013428265807,0.03605994954705238,0.17967806582368057,0.019029587507247925,0.17056718739978574,0.553179919719696,0.44514072708239444,0.35931825637817383,0.2945167786044851,0.28288963437080383,0.17981563568410228,0.08797428011894226,0.18787834818903668,0.07963894307613373,0.17568282956183626,0.013173247687518597,0.1408979659296199,0.1050838828086853,0.2839381732829672,0.06082988530397415,0.4383795330029186,0.013972447253763676,0.1257815089689903,0.015249067917466164,0.05904016970937287,385,32.454030482267235,235.35584415027876,213.99999999493957,12.730409567054807,-2.069246824286092,0.2941780738355312,0.4641328468369941,-16.466543028116906,C1,psi,none,psi,M4,M,EZM,within,C1_M4,C1_psi_M4,-0.3556600448634455,-0.5767834474240545,1.0961560350022712,0.8750326324416622,0.07193636765729614,-0.1491870349033136,-0.3433806651110515,-0.5645040676716604,-0.012940324479332745,-0.23406372703994188,0.22112340256060944,,,,,1.670055807325896,0.6991960666850028,0.9750837106672212,0.004223970026327426,1.7272366837593922,0.7563769431184983,-0.8034747303738111,-1.7743344710147047,-0.6131381066582133,-1.5839978472991065,0.9708597406408935,,,,,0.13011220675938057,-0.618119764751784,1.8844485092208076,1.1362165377096418,0.1506350600140351,-0.5975969114971305,-0.5066435670311543,-1.2548755385423194,-0.3509149050953977,-1.0991468766065629,0.7482319715111654,,,,,-3.9162782394329625,-1.6647318439716132,-1.224072019861237,-0.03833952963561622,2.834636997237074,0.6826292781880634,0.9364273796912542,1.1010649629287115,-0.6995216642060678,0.29525470129163506,-0.3700566813731325,-1.5531851674193722,-0.008285554324976595,-2.9854980977185193,0.32659169929290166,3.648138268929482,0.12056121881346399,-0.19081084360990486,0.34403367922985845,1.8158357150670357,-4.897899533315822,-0.5852320849958815,0.09086217471163462,0.4098540709476224,-0.4531917424664273,0.21415584734026713,-2.954517051555381,-1.8236038128282595,0.500811197843353,-0.45350091251394264,0.44130936735867626,0.052735366187548864,0.12350438386429242,0.4940447335462261,-1.4731357444837534,1.0652801358581356,0.01899982560759673,-11.722841778997433
Psi_C1_psi_M4_inj,500.00000001182343,baseline,32742.2231453055,0.2844917089123447,34478.203369955925,0.2995753511731985,15461.268951781625,0.13434038386841768,15844.969776528249,0.1376742962560649,9583.938825833931,0.08327324392643728,115090.25437150357,,,,,112749.40234641617,0.2199862815831125,192656.12646939943,0.37589294492217035,84263.11779984411,0.16440645869176698,67110.2701508179,0.13093939727642237,16840.919660966476,0.032858456165233106,512529.24289198726,,,,,99732.60547110836,0.4067961258918606,83780.66870315303,0.3417302826099861,21190.03448536436,0.08643135206828914,17271.276852062467,0.07044725723785605,7690.66294688291,0.031369198443716134,245166.0650711813,,,,,0.016924696043133736,0.1539665936991801,0.06722567975521088,0.2945499378877019,0.005415717139840126,0.10467903429805611,0.0238234493881464,0.1441930877000833,0.023092877119779587,0.18818636882675585,0.6054313778877258,0.7084655062368831,0.33637571334838867,0.5237342399783853,0.2698814868927002,0.14592275810199068,0.08347437530755997,0.19944978999530708,0.08088631927967072,0.18837368336355848,0.014442586340010166,0.1740473121382032,0.08237631618976593,0.1796276233388333,0.049259819090366364,0.36204765127277805,0.021733472123742104,0.1697247667906663,0.014873174019157887,0.04975968114546368,322,30.39561497700955,221.36645962209457,203.99999999517604,11.214282792494863,-0.9152767487287933,0.14517496279983844,0.45978578946563514,-7.283540942863305,C1,psi,none,psi,M4,M,inj,within,C1_M4,C1_psi_M4,-0.4989755690394099,-0.3082864836822024,0.010289787770374533,0.20097887312758095,-0.22839535296129923,-0.037706267604092555,-0.26042549056003067,-0.06973640520282344,0.6078922527486587,0.7985813381058657,-0.1906890853572068,,,,,0.386772937374126,0.3006646423596956,0.24025879491791047,0.15415049990348015,0.12355884890329098,0.03745055388885973,-0.815239670402131,-0.9013479654165618,-0.04572196697636025,-0.13183026199079015,0.08610829501443071,,,,,0.15351805737944949,-0.12908539038518588,0.653330308192739,0.3707268604281032,-0.015376195421079484,-0.2979796431857148,0.18237236291491796,-0.10023108484971688,0.1349713350133871,-0.14763211275124835,0.2826034477646354,,,,,-4.278600151055089,-0.2223513942155861,-2.719594289124654,-1.3087297484835831,-2.292652617466007,-1.001029154995868,-0.8637773374674476,0.1455587414892438,0.14096503754711828,0.7221814435049432,0.02192850434953845,0.4650286259830835,-0.29483207219926183,-0.4854888379396693,0.122152297836888,2.741094039320858,-0.10746422236639729,0.06875765761038577,0.4115295360272768,2.1187448373367377,-4.498378384722802,0.3323938876827225,-0.9664752723740282,-1.5786525311457487,-1.3694335930543704,-0.6166895053221819,-1.0359506954241686,-0.522319612207837,0.3924148036635593,-1.1962009965528377,0.15673231641311663,-0.21339630855406955,-0.08433167536862812,-0.05666399214095296,-0.3191656689264548,-2.0019056304052136,-0.021867776492513796,-2.539839693743832
Psi_C1_sal_F1_BL1,500.00000001182343,baseline,41115.60839940976,0.3289231906584286,31608.291748794312,0.2528650451254215,19096.573395226962,0.15277180847677999,17753.184879722787,0.1420247551309789,6947.320926830542,0.055578284129537,125000.63713083215,,,,,58508.02050919603,0.21787794343770334,90181.42675994498,0.3358265008409643,45936.06030382062,0.17106123675904697,43817.37460812232,0.16317146578145816,11995.796933457794,0.044671133000428465,268535.7663380227,,,,,111163.76172137867,0.4295862046268205,89347.75195523779,0.3452794423293393,21629.77505544312,0.08358706856546314,13474.932525953405,0.05207313095373206,6034.961971902505,0.023321776525291885,258769.39371911652,,,,,0.19482214748859406,0.15606544626823377,0.18331439793109894,0.08162989666104281,0.04913356900215149,0.21293357438111524,0.06287507712841034,0.18196474446280503,0.041616618633270264,0.1140248821994847,0.5956347584724426,0.5358784578233152,0.2756738066673279,0.5416046788228623,0.28366562724113464,0.11377174149293562,0.10720422118902206,0.24111523833343076,0.10976749658584595,0.12751409765321028,0.1239067018032074,0.1641772580274824,0.12609204649925232,0.303693031941178,0.0932718887925148,0.33696981426147726,0.030522147193551064,0.12999229623227357,0.031555403023958206,0.08491993747313184,312,30.776009180921946,249.82051281460534,214.99999999491592,12.814130659941538,-0.5184050778864545,0.5629835379679053,0.5069726202579216,-4.125336533478412,C1,sal,none,sal,F1,F,BL1,within,C1_F1,C1_sal_F1,0.0,0.0,0.0,0.0,0.0,0.0,0.0,0.0,0.0,0.0,0.0,,,,,0.0,0.0,0.0,0.0,0.0,0.0,0.0,0.0,0.0,0.0,0.0,,,,,0.0,0.0,0.0,0.0,0.0,0.0,0.0,0.0,0.0,0.0,0.0,,,,,0.0,0.0,0.0,0.0,0.0,0.0,0.0,0.0,0.0,0.0,0.0,0.0,0.0,0.0,0.0,0.0,0.0,0.0,0.0,0.0,0.0,0.0,0.0,0.0,0.0,0.0,0.0,0.0,0.0,0.0,0.0,0.0,0.0,0.0,0.0,0.0,0.0,0.0
Psi_C1_sal_F1_BL2,500.0000000002771,baseline,32513.20800783052,0.2737562672101589,33072.59252931521,0.27846619981662174,17331.106567392417,0.14592528179219189,18277.16552353918,0.15389095433773406,9178.07928085836,0.07727803185344112,118766.99057585622,,,,,85211.7597656722,0.2215411338891725,149820.85644539556,0.38951762653927907,57302.57312014895,0.14898034096133267,46392.71310045907,0.12061591372757036,14770.164085396369,0.03840079008116035,384631.77591345174,,,,,104944.45996099566,0.39936113926221417,97444.67651372589,0.3708210708981029,21260.52917481647,0.08090593020086939,13732.821062095623,0.05225959585366382,7269.263503078674,0.02766283570629363,262780.8508230712,,,,,0.14302296936511993,0.05245533705835692,0.15812948346138,0.11384759739905281,0.046373847872018814,0.19630017313809556,0.05942417308688164,0.1612067666011483,0.036026112735271454,0.11861387315937177,0.5965988039970398,0.5704749762786758,0.29682105779647827,0.4831524430886189,0.27633166313171387,0.1322671568696374,0.13043953478336334,0.29526194104943565,0.12684842944145203,0.21808082512257615,0.10838425904512405,0.28013226179619044,0.10869299620389938,0.32375547704865304,0.08067162334918976,0.290981619026623,0.035506561398506165,0.1448835405838768,0.02920641377568245,0.11704520649758865,128,25.18544753361095,229.60937499987176,199.99999999987494,9.638024778807454,-0.684428949393667,0.5671008106265479,0.5272440048245202,-5.44651252455974,C1,sal,none,sal,F1,F,BL2,within,C1_F1,C1_sal_F1,-1.0194689851592884,-0.7973042396387144,0.1966721489415768,0.41883689446215044,-0.4212915364860894,-0.19912679096551583,0.1263256916538225,0.34849043717439737,1.2093444355937302,1.4315091811143033,-0.22216474552057391,,,,,1.6328412935178638,0.07241106892184812,2.204551733745226,0.6441215091492108,0.9602037872086338,-0.6002264373873818,0.24803418795747828,-1.3123960366385368,0.9035621467180284,-0.6568680778779867,1.5604302245960149,,,,,-0.25003717612520887,-0.3168452375950911,0.37674488360526004,0.30993682213537793,-0.07477932985968669,-0.1415873913295686,0.08233162072271294,0.01552355925283077,0.8081587403327746,0.7413506788628921,0.06680806146988193,,,,,-1.342325357996589,-4.735170765765628,-0.641837244912016,1.4447462313808437,-0.2510517890459129,-0.35323461731763084,-0.24515383763905252,-0.5260398467465955,-0.6264938700316924,0.1713585513912152,0.0070234517139233475,0.271703001014337,0.32099205185240115,-0.4959822756676753,-0.1137606311920942,0.6541761248893414,0.851973550809063,0.8798281208870838,0.6281133485101226,2.3305927969227116,-0.5812858395567095,2.320501296815658,-0.6448613289693372,0.2778229681487906,-0.6302997517929307,-0.6372544256586727,0.6569353306132624,0.4710143512309734,-0.33595497640452654,1.3934396645667093,-0.8706263038310393,-0.36638479088546205,-0.31408464241625994,-1.2370110947165012,-0.16602387150721254,0.031645721138144636,0.17027144866927624,-1.3211759910813283
Psi_C1_sal_F1_EZM,500.00000001182343,baseline,27080.474121734118,0.2304499953532265,38735.414307556595,0.3296314535356481,19175.09277389093,0.1631766128161823,16960.238144321953,0.1443285957246869,7014.7119685878115,0.05969394528686956,117511.28083220839,,,,,77059.1328143222,0.21516417643116983,130669.53100894931,0.36485489775667784,59520.49231097778,0.1661928604845273,53308.337666818436,0.14884730922982664,12519.204890547195,0.03495606959837229,358141.0906428149,,,,,71919.76953295068,0.3314848087416763,89611.88867399405,0.41302940722675296,21531.173706563834,0.0992391528011519,13631.847587907801,0.0628304348000308,6154.195675518606,0.028365251859205166,216962.49009407015,,,,,0.1024695336818695,0.15538521095120697,0.23750410974025726,0.0843678692418815,0.05041894316673279,0.25882687843207297,0.04392719641327858,0.1720050024968158,0.026201412081718445,0.0711867898539553,0.3952740728855133,0.3902090479609755,0.28576433658599854,0.42036701004917637,0.27735668420791626,0.159928243560247,0.11275066435337067,0.2435036484640711,0.09580491483211517,0.1190597288859567,0.055246543139219284,0.1432280551420598,0.13980302214622498,0.3108544102231931,0.09205032885074615,0.3542795376598259,0.023679960519075394,0.1294200773016492,0.024587096646428108,0.09461980247519572,363,33.55022366895115,240.30853993922105,211.99999999498687,13.437342107533242,-0.6435251412642158,0.5484867218500057,0.48610503225230056,-5.121010361805508,C1,sal,none,sal,F1,F,EZM,within,C1_F1,C1_sal_F1,-1.8135045736628197,-1.545177906971962,0.8830718018070689,1.1513984684979275,0.01782027496316635,0.28614694165402466,-0.1984432975562499,0.06988336913460831,0.04192481864650087,0.3102514853373589,-0.26832666669085853,,,,,1.1960871241131699,-0.05443301751863944,1.61057230364141,0.3600521620095998,1.1251276944150201,-0.1253924472167897,0.851487874560547,-0.39903226707126144,0.18547641844561272,-1.0650437231861964,1.2505201416318097,,,,,-1.8911494761377237,-1.1258669595922735,0.01282000816715185,0.7781025247126029,-0.019842981885446236,0.7454395346600042,0.050281225927535034,0.8155637424729861,0.08496762903575665,0.850250145581207,-0.7652825165454507,,,,,-2.790435663593507,-0.018970768401272126,1.1247455221977158,0.14327834186788213,0.11215426274903148,0.8476523019747741,-1.5574504484740346,-0.24446174026908024,-2.009420931781257,-2.046002232336035,-1.7808170451773966,-1.377689635016849,0.15612524564790065,-1.10053781753473,-0.09768077298609468,1.4789076171566926,0.21907223391460995,0.04280814334297925,-0.5908597043700379,-0.2979331270857715,-3.5078968817559004,-0.5928490332353277,0.44828866261413525,0.10122205867712691,-0.057254271220491884,0.21755070708705893,-1.1023410844759867,-0.019159604739375637,-1.083664829875519,0.469723713749512,0.37483116966468777,-0.1685889074086933,-0.06102598986853877,0.20624226225599382,-0.12512006337776127,-0.1132957762927894,-0.18254388308366024,-0.9956738283270967
Psi_C1_sal_F1_inj,500.00000001182343,baseline,37558.62597745064,0.30790826487900197,30943.935913817666,0.25368056918458537,18059.257172057904,0.14805106406689314,19386.208954315844,0.1589295083714969,8025.258528899183,0.06579163546404276,121979.92149450736,,,,,70477.48144697907,0.2386209896974583,103805.11377198594,0.35146089893355975,44037.026429264,0.14909952248775374,40896.618783010534,0.13846680455832228,12544.017638503106,0.04247123822002421,295353.2358420596,,,,,104857.43945560454,0.41793176715440955,88406.81567591867,0.3523642852215003,20686.32006884854,0.08244975604192578,14274.4236148395,0.05689377041279299,6780.291346233483,0.02702430231812847,250896.0737049304,,,,,0.1838197261095047,0.08937358347724524,0.16362802684307098,0.09480242125710175,0.045875608921051025,0.1627435502150031,0.07123897224664688,0.1802133528702091,0.040358345955610275,0.11666179432300097,0.5795428156852722,0.4875113955953454,0.2777305543422699,0.5102779576760632,0.27319392561912537,0.13723917097290578,0.11307061463594437,0.2627999972795265,0.11045076698064804,0.16370406881197988,0.1368107944726944,0.2671775819800107,0.10882984101772308,0.3395630877994317,0.08119351416826248,0.2946242363691183,0.03288152068853378,0.10981938254847662,0.0317298099398613,0.09540218059236702,287,28.046059382737827,226.71080138836723,193.9999999954125,10.597240997410383,-0.469963428342258,0.6022887356445258,0.5034879572849429,-3.7398501346542052,C1,sal,none,sal,F1,F,inj,within,C1_F1,C1_sal_F1,-0.39297025109981815,-0.28673148000967574,-0.09225472326662815,0.013984047823514346,-0.24255563761314006,-0.13631686652299685,0.38216613679175704,0.48840490788190033,0.6264167055895962,0.7326554766797387,-0.10623877109014299,,,,,0.8083497096400922,0.39495375350355244,0.6110164677902752,0.19762051165373618,-0.1833575943923504,-0.59675355052889,-0.29958949268266327,-0.7129854488192022,0.19407550663245496,-0.21932044950408436,0.41339595613653946,,,,,-0.2536398630004126,-0.11944943055631072,-0.045978818577220804,0.08821161386688015,-0.19368762886082375,-0.059497196416722506,0.25031981760834165,0.38451025005244194,0.5057381789429122,0.6399286113870133,-0.13419043244410145,,,,,-0.252462115124517,-2.420975870321633,-0.4933888343141223,0.6497018266887477,-0.29796470076309345,-1.1674035858044036,0.5423911452853034,-0.042002851018503484,-0.13333431883837654,0.09929019596788631,-0.11894506766089448,-0.4108152706623813,0.032281577143395045,-0.2587559883427958,-0.16335675282679962,0.8144368008856194,0.2313786680828412,0.37400698005427696,0.026949764249640813,1.085012718137189,0.4302556797896631,2.1148701695435634,-0.6393969872827159,0.48485646762360507,-0.6022943280471496,-0.5832252864219498,0.3233681195963129,-0.732386177701094,0.023937393710903292,0.5054863569555589,-0.4034045361063997,-0.42155883407639305,-0.4463672998537931,-0.8249633701827928,0.0484416495441965,0.2930904485480049,-0.029954179975312665,0.3854863988242063
Psi_C1_sal_F2_BL1,500.00000001182343,baseline,37759.836914955406,0.3227130001200526,37249.45532314645,0.31835104339154036,13496.06140168633,0.11534357191616015,14712.809913983165,0.12574246647916615,6624.251959003689,0.05661391568125476,117007.48622121933,,,,,110673.72558855459,0.2020571352810821,216021.90625510825,0.39439141768965275,81349.33960153304,0.14851957345324532,67561.40007941745,0.12334691800632687,35913.94482697534,0.0655681262177726,547734.8049827398,,,,,98263.3408226361,0.47377046714981963,60620.686036589745,0.2922787939231313,17593.022461353517,0.08482364226896556,13373.85382493173,0.06448118821512432,6475.4649407010675,0.031221043618959686,207407.06235613133,,,,,0.007745546754449606,0.11181757296803718,0.2025182694196701,0.6432932632404538,0.012754552066326141,0.12107694419885282,0.03533177822828293,0.1610973202156136,0.041243232786655426,0.3247659256485944,0.5775551199913025,0.5507309150210494,0.35048747062683105,0.5656994276139151,0.32869595289230347,0.1117166248466114,0.10692544281482697,0.20988973080688997,0.09460319578647614,0.16700956729083494,0.006862555164843798,0.08891054492860549,0.06404615193605423,0.29172366406618666,0.007200319319963455,0.12352902482379964,0.011040608398616314,0.18686778653736863,0.02250472828745842,0.19432458381577034,315,30.800219024508053,218.65396824879775,199.99999999527063,11.224316854401334,2.452014872802214,0.09805994647931637,0.4427955730956942,19.51251437706587,C1,sal,none,sal,F2,F,BL1,within,C1_F2,C1_sal_F2,0.0,0.0,0.0,0.0,0.0,0.0,0.0,0.0,0.0,0.0,0.0,,,,,0.0,0.0,0.0,0.0,0.0,0.0,0.0,0.0,0.0,0.0,0.0,,,,,0.0,0.0,0.0,0.0,0.0,0.0,0.0,0.0,0.0,0.0,0.0,,,,,0.0,0.0,0.0,0.0,0.0,0.0,0.0,0.0,0.0,0.0,0.0,0.0,0.0,0.0,0.0,0.0,0.0,0.0,0.0,0.0,0.0,0.0,0.0,0.0,0.0,0.0,0.0,0.0,0.0,0.0,0.0,0.0,0.0,0.0,0.0,0.0,0.0,0.0
Psi_C1_sal_F2_BL2,500.0000000002771,baseline,56910.91503909404,0.3936995294636646,41214.7408447494,0.2851162042711556,14898.445190437944,0.10306477864898846,15041.99892426371,0.10405785769931004,7809.82605076269,0.05402697952169998,144554.18607338335,,,,,158414.40234383778,0.23214035374607025,266701.26562514785,0.3908238470159201,94769.23730474002,0.13887477367378018,76672.72441105323,0.1123561564107319,41262.44871523282,0.060465963318112624,682407.8613971677,,,,,109114.69140631049,0.4639232225129372,72677.94799808717,0.3090050240379482,19851.131500255142,0.08440110838817651,13723.306406028725,0.05834741820155191,6915.888525489824,0.029404301565022155,235199.89108384773,,,,,0.0077051869593560696,0.15220056439111004,0.14909669756889343,0.514105439500415,0.025886300951242447,0.10067171771232643,0.04302886873483658,0.14361458379742148,0.04612307995557785,0.34406111563726416,0.5860163569450378,0.6056827203797251,0.3740233778953552,0.5617929016824658,0.34265801310539246,0.10985862830205027,0.11706938594579697,0.20809081431729515,0.09596844017505646,0.2198887696587953,0.0065364777110517025,0.08030045994456476,0.050335805863142014,0.29382582658368606,0.007220290135592222,0.12657005999009133,0.012628836557269096,0.17528802034478247,0.025744592770934105,0.18366061480249268,188,36.888542967978424,243.9999999998654,206.99999999987284,15.001340806969617,-3.0834775873769744,0.3864086935785653,0.4461960971883269,-24.537534997205857,C1,sal,none,sal,F2,F,BL2,within,C1_F2,C1_sal_F2,1.7816545853632684,0.8634843492917141,0.43932646678402154,-0.4788437692875333,0.4293390212502989,-0.4888312148212559,0.09609929257222768,-0.8220709434993269,0.7150451804197495,-0.20312505565180536,0.9181702360715549,,,,,1.5575013343616348,0.6027645053213013,0.9152728250070556,-0.039464004033277475,0.6631335381112836,-0.2916032909290494,0.5494225440549322,-0.40531428498540156,0.6029188643057047,-0.35181796473462856,0.9547368290403335,,,,,0.45491703263836786,-0.09121872690710828,0.7878180994782986,0.24168233993282248,0.5244480911069869,-0.021687668438489023,0.11202188035367344,-0.4341138791918029,0.28577028062822174,-0.26036547891725415,0.5461357595454764,,,,,-0.022688988745174818,1.3390620135040692,-1.3299618343826882,-0.9735680441170479,3.0740478492352774,-0.8015397264995758,0.8559443248637515,-0.49889772224777607,0.4856560098021661,0.25065136328043874,0.06316300054895736,0.4130572770036945,0.2822625088052384,-0.030094917729193597,0.18066535496650907,-0.07283634330136007,0.3936228289745949,-0.03738280825475784,0.0622262851441274,1.1946169847613843,-0.21142063957310614,-0.4423523918891604,-1.0461601534700193,0.031183068835934434,0.01202892374026775,0.10561972964347834,0.5837033655341883,-0.27782205120402026,0.584122527101288,-0.2451171247082093,0.7833769686578882,0.4763246277827673,0.14940349802939443,1.2597015964406553,-5.535492460179189,5.9555523691148515,0.03322496939628929,-44.05004937427172
Psi_C1_sal_F2_EZM,500.00000001182343,baseline,30682.895508538055,0.2608258397577492,42197.06347756032,0.35870423356176023,15120.843719839982,0.12853763296151402,14989.650966998744,0.12742240379676895,6916.036577388273,0.05879109576182744,117637.48383609473,,,,,269432.55860012124,0.316627008150554,297046.45606171177,0.3490778217495741,101679.20556881065,0.11948957771714222,86605.9437276339,0.10177604738272941,38353.797600699436,0.04507194026073393,850946.2290469166,,,,,71765.70605638453,0.3722868678657993,68841.89575358102,0.3571195095315934,19637.371826636238,0.10186948686480742,14184.261452056606,0.07358130448583479,6804.66074005959,0.035299392607045725,192769.9101174162,,,,,0.012286928482353687,0.11026265044385175,0.17184679210186005,0.5379891553867107,0.023273445665836334,0.10620329057526195,0.02921990118920803,0.09649973801681193,0.032675642520189285,0.30206701641844086,0.5015905499458313,0.3900360870015491,0.3528597354888916,0.5453380409430995,0.3277488052845001,0.13712991250878231,0.11053140461444855,0.17097488463405355,0.0853004902601242,0.1539137656074405,0.027558403089642525,0.15818484008616238,0.06574001908302307,0.30450452472154743,0.005029210355132818,0.08447768897683021,0.004500614944845438,0.0905043303904735,0.019153038039803505,0.17574362310523933,401,38.50906227483393,237.72069824874276,211.99999999498687,15.257335288129733,-3.038990806570283,0.26434760633126053,0.4595124491819415,-24.183520443824328,C1,sal,none,sal,F2,F,EZM,within,C1_F2,C1_sal_F2,-0.9013376884149742,-0.924658464916627,0.5416230246567761,0.5183022481551233,0.49368979353995257,0.4703690170382993,0.08095896422752207,0.0576381877258681,0.18720438647984655,0.1638836099781934,0.02332077650165331,,,,,3.864055455343131,1.9507376587191967,1.3832658122672168,-0.5300519843567185,0.9687811270665071,-0.9445366695574281,1.0784905757262166,-0.8348272208977185,0.2854526094871801,-1.6278651871367549,1.9133177966239354,,,,,-1.3647456353153378,-1.0469026806325306,0.5523197441508335,0.8701626988336403,0.4774290624405759,0.795272017123383,0.2555015573119514,0.5733445119947597,0.21535521088954432,0.5331981655723516,-0.31784295468280765,,,,,2.0039125059679646,-0.0608163389715323,-0.7132277806424949,-0.7763548197702492,2.6119547494355926,-0.5692347845737764,-0.8248675279989255,-2.2256218188097057,-1.0112856332131261,-0.31467150925356757,-0.6124409248648873,-1.4983466531054412,0.029296069906899532,-0.15919945650403414,-0.012532395451000603,0.890143924857048,0.1440463150409962,-0.8905887118189773,-0.4495428027314925,-0.35463887177724496,6.037681996005584,2.5021158777942016,0.11336784521084062,0.18622090636050143,-1.5585195586848553,-1.6502698845111563,-3.8972114810488723,-3.148650818409786,-0.7003610260162711,-0.4364817074159837,0.9700913851015462,0.3630963366591599,0.2530586526477026,1.333187721760706,-5.491005679372497,4.306837303462653,0.16094011539599887,-43.6960348208902
Psi_C1_sal_F2_inj,500.00000001182343,baseline,42070.8774424011,0.35501630517772015,32838.24267655777,0.2771064520706014,13668.105041827113,0.11533869616515158,15588.285126101035,0.13154219084453103,7517.835087000281,0.06343946686579827,118504.07102102124,,,,,108583.66797131767,0.20785148956918167,202188.2841844686,0.3870299910321664,76538.48767270833,0.14651041882603502,67115.30665747085,0.12847251085064304,36821.21634761144,0.07048338676145816,522409.8619470152,,,,,89265.65625211084,0.445261039336378,61877.27832177572,0.30864659952812123,18086.68689007613,0.09021719372209852,13683.280456866536,0.06825280778251683,6653.052652516331,0.033185720726150135,200479.37808606244,,,,,0.016012178733944893,0.15248019916977712,0.17265543341636658,0.6012867964166382,0.014915339648723602,0.11559697717584658,0.041928406804800034,0.20921006494458255,0.05023892968893051,0.3500352705593178,0.574449360370636,0.5849345139915502,0.329296350479126,0.5478255661066782,0.33896568417549133,0.09719237292921369,0.10079986602067947,0.21240974119867792,0.10241840779781342,0.18679525098717933,0.011003131978213787,0.08680674085889271,0.05463571101427078,0.2765660262017991,0.005072139669209719,0.09779721848664638,0.008404035121202469,0.1535499859096513,0.023609476163983345,0.19047502144654577,288,28.724454684859847,242.34027777204716,212.99999999496322,11.601820545299194,2.7475720577026945,0.16571628738403335,0.4555725127265121,21.864483724227707,C1,sal,none,sal,F2,F,inj,within,C1_F2,C1_sal_F2,0.4695145997425205,0.4143183896916452,-0.5474001869829034,-0.6025963970337788,0.05501262318257495,-0.0001835868683006233,0.25102716869495795,0.19583095864408262,0.5495595184885758,0.4943633084377007,0.05519621005087513,,,,,-0.08280021669902937,0.12278949856863003,-0.28741807372016726,-0.08182835845250774,-0.26474154930623084,-0.05915183403857071,-0.028770620367706657,0.1768190948999524,0.10835019709398205,0.31393991236164076,-0.20558971526765948,,,,,-0.41707123359246046,-0.2695328943473505,0.08910356046767257,0.23664189971278138,0.1201856313941172,0.2677239706392268,0.09933656400990049,0.24687490325501027,0.117500041109118,0.2650383803542275,-0.1475383392451096,,,,,3.153983494004783,1.347033890297563,-0.6928395753016552,-0.293273360317215,0.6796793646354027,-0.2011497390854383,0.7434286462059808,1.1349425811252023,0.8568767899409473,0.32541350412615716,-0.02341687998964566,0.2616779153154482,-0.27085579692880396,-0.13943443121747406,0.1336137700245143,-0.6048562098226619,-0.25621102632248777,0.051832392456717814,0.344722124522582,0.48624479889549044,2.0503047362035427,-0.10399820993669676,-0.69016442051973,-0.23172830044913081,-1.5216055295371989,-1.0144251006307747,-1.185051473891603,-0.852846604477674,0.20812577443919483,-0.08689715107200527,-0.3030201219846259,0.4466823778494377,0.27349607774756507,0.1436622558648119,0.49425990946347453,2.2787354316786135,0.12354242433513483,0.49425990946347453
Psi_C1_sal_F3_BL1,500.00000001182343,baseline,37272.94506924076,0.30019763034525243,33031.56884843734,0.266037434832861,15032.315979359373,0.12107080959719499,21270.28753712407,0.1713116552380031,10884.74813105573,0.08766615006616124,124161.35672481409,,,,,130468.95703433518,0.16369526423641237,272512.28418613155,0.3419125237260652,169844.97119542255,0.21309910089757017,141282.46138334577,0.1772626253311059,33049.422631091584,0.041466062835419606,797023.405917895,,,,,82947.78418164895,0.453581724032955,55982.85473765195,0.3061299348585668,16831.77426187263,0.09204085755340469,11158.351244236637,0.06101699092579073,4765.990985506225,0.026061774033617844,182872.85352710195,,,,,0.014036989770829678,0.16101380150233838,0.1113138347864151,0.41439769893581757,0.024078618735074997,0.1465907311135997,0.00939001701772213,0.12787007914856954,0.005875455681234598,0.05721984411106138,0.47901031374931335,0.5339917393486535,0.2999861538410187,0.5072900979524182,0.2653571367263794,0.191940392435615,0.10807294398546219,0.29299462345127725,0.056653548032045364,0.12349871363328627,0.00987422838807106,0.1533767688741984,0.11007148027420044,0.13856647892413987,0.04516463726758957,0.37451144143834314,0.030872128903865814,0.21086641634150416,0.006143166683614254,0.04495326379604044,319,31.88235842909024,236.06269591918274,211.99999999498687,12.543725805054537,-2.7816965248802497,0.309983776179606,0.44262373173601804,-22.13603760581196,C1,sal,none,sal,F3,F,BL1,within,C1_F3,C1_sal_F3,0.0,0.0,0.0,0.0,0.0,0.0,0.0,0.0,0.0,0.0,0.0,,,,,0.0,0.0,0.0,0.0,0.0,0.0,0.0,0.0,0.0,0.0,0.0,,,,,0.0,0.0,0.0,0.0,0.0,0.0,0.0,0.0,0.0,0.0,0.0,,,,,0.0,0.0,0.0,0.0,0.0,0.0,0.0,0.0,0.0,0.0,0.0,0.0,0.0,0.0,0.0,0.0,0.0,0.0,0.0,0.0,0.0,0.0,0.0,0.0,0.0,0.0,0.0,0.0,0.0,0.0,0.0,0.0,0.0,0.0,0.0,0.0,0.0,0.0
Psi_C1_sal_F3_BL2,500.0000000000551,baseline,44146.63818359861,0.31915825064273873,37663.62817383227,0.2722893107019143,15422.3840637224,0.11149617096657623,20926.68184662095,0.151289507983556,12319.765985490249,0.08906578444104009,138322.0959968719,,,,,248820.4335937774,0.230186741813553,417032.5263672334,0.3858017490294607,179488.31176759792,0.16604677149164734,128782.88819886671,0.119138581215693,32680.755954746026,0.03023335593694982,1080950.3259545562,,,,,90693.35351563498,0.4675601276401259,57909.03283692044,0.2985439807348069,16924.674102785066,0.0872533926358949,10961.44157219054,0.05651056909842517,4969.993311882567,0.025622282308413933,193971.53040697327,,,,,0.04336226359009743,0.15804152105490374,0.057445574551820755,0.2803068785191843,0.023306917399168015,0.12101887323895874,0.008901153691112995,0.13079860178553876,0.005515271332114935,0.06444496678718395,0.5886842608451843,0.6485482436736975,0.29506564140319824,0.5104958778344095,0.27040719985961914,0.13908537366546309,0.10704407840967178,0.22578251295256502,0.05497034639120102,0.1286854792700835,0.04911850392818451,0.3705409835868099,0.047974832355976105,0.10419781529809555,0.023672141134738922,0.26940767598830934,0.021253470331430435,0.1963587782629374,0.006524241529405117,0.06805727397526964,161,31.851334063125865,229.63975155276967,203.9999999999793,12.190554068134155,-2.972391771793093,0.2792910175509592,0.4741426206016483,-23.653542164327384,C1,sal,none,sal,F3,F,BL2,within,C1_F3,C1_sal_F3,0.7350392788082928,0.26598816217721083,0.5699295252174846,0.10087840858640361,0.11125618100945098,-0.35779493562163006,-0.07072989168726075,-0.5397810083183419,0.5378407437975768,0.06878962716649434,0.4690511166310815,,,,,2.803788518892813,1.4804419043095005,1.847838450195629,0.5244918356123163,0.23983479974151295,-1.0835118148418,-0.4023009171864362,-1.7256475317697486,-0.048717829652852096,-1.372064444236165,1.323346614583313,,,,,0.38770671822230823,0.1318192111755307,0.14691270955502728,-0.10897479749175044,0.023904167701782362,-0.23198333934499507,-0.07732354796141139,-0.3332110550081885,0.18202587726203073,-0.07386162978474635,0.25588750704677743,,,,,4.898379616659564,-0.08091902876483892,-2.872925670831308,-1.6978358004722551,-0.14146733078195628,-0.832534058047495,-0.23220079532850774,0.09834167485110953,-0.27474671641917964,0.5164233391931307,0.8953756013060726,0.8440774885445186,-0.0718256839216294,0.027358543942700195,0.08187478559936573,-1.3988491679289958,-0.04154334644401413,-1.1316934856423715,-0.1309863989125554,0.1786711035724533,6.967419623061425,3.830766655721527,-3.606613412324627,-1.2379956810148698,-2.805609851669251,-1.430551245449387,-1.6213672582221057,-0.3095709602573323,0.2613773111217452,1.8011332068240213,-0.004228128476549966,-0.11980294279852369,-0.16705693492627047,-0.12403107127507418,-0.19069524691284334,-0.4528199616380666,0.2987430036267547,-1.517504558515423
Psi_C1_sal_F3_EZM,500.00000001182343,baseline,28463.658692079323,0.23088756798011836,40354.90576267302,0.327345340541314,17859.1251530102,0.14486718019769296,17830.514584009285,0.144635100942998,10740.10347200995,0.08712008520525341,123279.30404000929,,,,,272454.8359439427,0.23945798376590427,356890.62500843935,0.3136678018336135,246033.8037167554,0.21623678791442755,148274.27749984412,0.13031686301858875,35432.152317884975,0.031140984248386863,1137798.0874101755,,,,,60855.868165501546,0.3827080885530107,51843.24047974155,0.32602981547215004,19616.974518286144,0.1233664895005534,11650.019886292333,0.07326420568287947,4723.682246319891,0.029706114757979782,159013.8018655232,,,,,0.009799974970519543,0.09547395079883493,0.0832127183675766,0.39662938705140705,0.04399440065026283,0.1424873574249258,0.010302921757102013,0.12286416111257961,0.0031150602735579014,0.045166641009102296,0.36378905177116394,0.39929800631846835,0.30012246966362,0.5635542406577667,0.3033921420574188,0.39152689945962743,0.10878482460975647,0.21371563171779265,0.05206647515296936,0.07269304353000043,0.011818227358162403,0.1322672025932451,0.0372123084962368,0.20651051893159778,0.06894870847463608,0.4404559534039233,0.02520984783768654,0.18993017356376482,0.004209375940263271,0.042322868963794294,447,43.005028478619685,254.97091721992155,213.99999999493957,18.275052593770845,-2.8670903295569397,0.42711746289095387,0.458235966819477,-22.81557991199791,C1,sal,none,sal,F3,F,EZM,within,C1_F3,C1_sal_F3,-1.1710298613315198,-1.140067105642058,0.8696713629300796,0.9006341186195415,0.7483428466622456,0.7793056023517075,-0.7660948386309824,-0.735132082941521,-0.05809918632089865,-0.027136430631437367,-0.03096275568946111,,,,,3.1978733016997256,1.6519320613116641,1.1714905584335227,-0.3744506819545388,1.609420882040431,0.06347964165236976,0.2097756405600357,-1.3361655998280255,0.3023365742963912,-1.2436046660916702,1.5459412403880612,,,,,-1.3450232660932195,-0.7378790624731769,-0.33362901265603806,0.2735151909640048,0.6650212994699629,1.2721655030900063,0.18726638616798602,0.7944105897880294,-0.038725408688763424,0.5684187949312799,-0.6071442036200428,,,,,-1.5604901693815916,-2.2697820929303414,-1.2635943490960135,-0.19032446403228806,2.6176583545617933,-0.12330178763269485,0.4029402235249603,-0.17343714256485857,-2.755751004414044,-1.0272887650151274,-1.1949523963643658,-1.2623739692625389,0.001973016492391919,0.4567933693933299,0.5817355586154924,3.0959522676788556,0.028513337516640147,-1.3702336222405633,-0.3666893615789836,-2.301695816087912,0.7804917254183759,-0.6430741596415386,-4.709881943635368,1.7328399664958862,1.837276089041901,0.7043739441801171,-0.8799635456820958,-0.45413452185399,-1.6417458485444627,-0.2618612903420398,1.2996879968375814,0.3346328365980467,0.04077912420439447,1.6343208334356276,-0.08539380467669,1.3920836363718478,0.15054478479856204,-0.6795423061859509
Psi_C1_sal_F3_inj,500.00000001182343,baseline,39559.47558687296,0.30516106921626646,35578.810425646014,0.2744542911619323,14583.693481790171,0.11249834407567713,21242.250313307486,0.16386232936615344,11679.744480409248,0.09009733473305151,129634.73908540187,,,,,110118.08594010396,0.17089260781628918,212598.13525893353,0.329931722306188,136747.6665071399,0.2122191385973458,115316.64918790753,0.1789602746553068,27646.75824802925,0.042905092059464835,644370.0950393461,,,,,76302.88672055432,0.43422741913676627,58461.351197671494,0.3326941186744733,15116.940185904343,0.08602806793156179,10150.469028712925,0.0577646817676477,4760.77006112866,0.02709277440994391,175721.0239561625,,,,,0.019943267107009888,0.15583263873616485,0.10824939608573914,0.45176603431650997,0.019711045548319817,0.09911318884942244,0.004706524312496185,0.09549733829438245,0.00602797931060195,0.05274451256502599,0.5265524983406067,0.5893597366268635,0.27311795949935913,0.4896049164315086,0.25489211082458496,0.1485853454535812,0.09552191197872162,0.2734304743595002,0.0623452290892601,0.122659073389253,0.01245055254548788,0.17993226370609203,0.08510875701904297,0.11147668013380423,0.03282814100384712,0.32133370076549966,0.02147027477622032,0.18291882417987437,0.007581053767353296,0.04638125330210016,283,28.271257555487793,226.01413427027387,207.99999999508145,10.649506335225855,-2.9347382841455856,0.23815334355179912,0.4534638140649144,-23.353905230139862,C1,sal,none,sal,F3,F,inj,within,C1_F3,C1_sal_F3,0.25856816539816735,0.07121868144372127,0.3226222221062583,0.13527273815181257,-0.13158368263857362,-0.31893316659302,-0.005728386952400683,-0.19307787090684597,0.30614957668471515,0.11880009273026869,0.18734948395444567,,,,,-0.7364853672916599,0.18687161853844528,-1.0782663306555575,-0.1549093448254531,-0.9413276854650516,-0.01797069963494605,-0.8819623806280846,0.0413946052020213,-0.7751966188815534,0.14816036694855145,-0.9233569858301048,,,,,-0.3626382036399505,-0.18938304046938706,0.18813808136737892,0.36139324453794225,-0.46666003323516286,-0.29340487006459964,-0.41113917661362137,-0.23788401344305823,-0.004760104433197337,0.16849505873736603,-0.17325516317056297,,,,,1.5252232251879052,-0.14204679029784625,-0.1212366241053949,0.374962405165545,-0.8692190857782977,-1.6997506159553866,-2.9996607288252672,-1.2677766691561976,0.1113019832996112,-0.35369387105763067,0.41096813240119456,0.42845924061064405,-0.4075095077806983,-0.15410615006290085,-0.17474378572236193,-1.1119040009657355,-0.5361397536020406,-0.300127350830416,0.415761115670769,-0.0296275444627457,1.00685457392033,0.6934945937157667,-1.1170055918056407,-0.9447415477412704,-1.3855223647484514,-0.6650881428482405,-1.5772897636024619,-0.6174901626762115,0.9133727754388775,0.13581251032324348,-0.5220531281019092,-0.18891763095023367,-0.08272525965989885,-0.7109707590521435,-0.15304175926533592,-1.144822813152452,0.10507941166216112,-1.2178676243279014
Psi_C1_sal_M1_BL1,500.00000001182343,baseline,37262.7622079124,0.2608914345661101,40605.645752913326,0.28429629324986994,27172.449524568325,0.1902451379633513,23022.399815150122,0.1611889875854043,5698.773996011071,0.03989938574042888,142828.6147833266,,,,,257573.77344359085,0.21428659762832677,408232.7871190284,0.3396262508505108,266294.046881297,0.2215413646815569,162051.00327684227,0.134817134796747,22949.670536583944,0.019092808829982214,1202005.9877489132,,,,,90606.68750214257,0.38922727481417635,83910.24756057796,0.36046077709456426,24714.824738133255,0.10616968951774251,13484.374674162245,0.057926037820037926,5697.733649865416,0.02447626551960311,232786.0696437569,,,,,0.015417148359119892,0.0962049517800424,0.123684823513031,0.3973202686116531,0.06970984488725662,0.1813437021447972,0.06605886667966843,0.14412449058500726,0.04234042018651962,0.23468859961644023,0.5744323134422302,0.6465994751434845,0.36283183097839355,0.5574793647834263,0.3711627423763275,0.18394202361647655,0.17724737524986267,0.3938302440429491,0.18087515234947205,0.1996793460894411,0.008121419697999954,0.16777962233492952,0.06005486845970154,0.3507479681747276,0.0491577684879303,0.14310795635813583,0.02316751889884472,0.1624423849909056,0.02952713333070278,0.12346934616464438,302,30.279129459033744,237.50331125266197,215.99999999489228,11.985655847280896,2.712717511577727,0.5863947259937511,0.5286633248233616,21.587120058977053,C1,sal,none,sal,M1,M,BL1,within,C1_M1,C1_sal_M1,0.0,0.0,0.0,0.0,0.0,0.0,0.0,0.0,0.0,0.0,0.0,,,,,0.0,0.0,0.0,0.0,0.0,0.0,0.0,0.0,0.0,0.0,0.0,,,,,0.0,0.0,0.0,0.0,0.0,0.0,0.0,0.0,0.0,0.0,0.0,,,,,0.0,0.0,0.0,0.0,0.0,0.0,0.0,0.0,0.0,0.0,0.0,0.0,0.0,0.0,0.0,0.0,0.0,0.0,0.0,0.0,0.0,0.0,0.0,0.0,0.0,0.0,0.0,0.0,0.0,0.0,0.0,0.0,0.0,0.0,0.0,0.0,0.0,0.0
Psi_C1_sal_M1_BL2,500.0000000000551,baseline,52547.45703125579,0.31549630051103933,48490.572509770966,0.2911386601904498,24786.555572512494,0.14881912517455448,22265.35295486695,0.133681758998437,7249.4407062538485,0.043525830797802284,166554.90712930606,,,,,307243.7187500338,0.2214241584253822,589043.621093815,0.4245114875160433,225028.43798830602,0.16217331539290739,135205.03590394557,0.09743945754758065,23429.988739016248,0.016885505616059997,1387579.932266388,,,,,103739.64746094894,0.3990780360751772,96889.4758300888,0.37272597967118154,23028.479156496676,0.0885886973833445,13041.129001618869,0.050168168849120245,6718.681475163246,0.025846224406460852,259948.27598431587,,,,,0.05614626407623291,0.1537158811937452,0.11173810064792633,0.26768579602687836,0.04845539852976799,0.11182072089625388,0.07269155979156494,0.1607390472798037,0.052794814109802246,0.2811176300789572,0.6357991695404053,0.74988193019816,0.356606662273407,0.4932157660802581,0.3713740110397339,0.15556842480434716,0.17995685338974,0.39889173142199424,0.18391336500644684,0.25866689185837294,0.01808658242225647,0.15604721080541703,0.060256268829107285,0.3762645770673013,0.033037036657333374,0.1360602026058625,0.023347634822130203,0.11631191656182052,0.027008872479200363,0.11226422037290403,119,23.706438589037884,219.76470588232846,199.99999999998863,8.683064173395653,2.8575823108742515,0.5079299659752629,0.5347962877441902,22.739917503379914,C1,sal,none,sal,M1,M,BL2,within,C1_M1,C1_sal_M1,1.4927665866871478,0.8253445026766375,0.7707089021531437,0.10328681814263262,-0.399126108208599,-1.0665481922191098,-0.14521007713704237,-0.8126321611475529,1.0452306816871584,0.37780859767664854,0.6674220840105104,,,,,0.7658137258116758,0.1422999339969498,1.5923957522529189,0.9688819604381922,-0.7312405212396483,-1.3547543130543747,-0.7865885632201783,-1.4101023550349046,0.08995624639916971,-0.5335575454155572,0.6235137918147264,,,,,0.5878451450968456,0.10854560793020142,0.6246160399585694,0.14531650279192462,-0.30692277768944815,-0.7862223148560926,-0.14515620305160834,-0.6244557402182533,0.7158190863137279,0.23651954914708298,0.47929953716664525,,,,,5.613168123423254,2.035213128060624,-0.4411512886321895,-1.7151539319137843,-1.5795194652968925,-2.0998018985582374,0.4155286933679512,0.4738360461183292,0.9583610142450282,0.7839608936619744,0.44081094103931284,0.6435754084069154,-0.07515927820762669,-0.5319184576099235,0.0024713340254271157,-0.7275950569499334,0.06588578068755327,0.05545969404455052,0.07234380687843919,1.1240769885356607,3.47724557334889,-0.3148320201011503,0.014540158585363637,0.30498170251516016,-1.7259107468087942,-0.2193266652753589,0.03363365969587706,-1.4507514521451812,-0.38714830753384394,-0.4131778361644945,-1.0627706985942995,-0.33711722723192306,-0.33423755476704675,-1.399887925826222,0.2259417790198945,-0.6238622028622572,0.050092010100098346,0.2259417790198945
Psi_C1_sal_M1_EZM,500.00000001182343,baseline,30355.161133530302,0.21229640668297445,49294.23046991565,0.3447515219217816,29883.627930394152,0.20899862136675876,17925.297516293016,0.12536504862195333,5390.166120656635,0.03769747404093678,142984.80887083567,,,,,415693.3789160798,0.24203565009811653,584397.6386856941,0.34026296681442,360180.7363366421,0.20971365697324876,217596.78170527975,0.12669477357715525,24249.46496257904,0.014119144817878368,1717488.2243486273,,,,,71759.20312669688,0.3260437847343948,88944.63842983764,0.4041272099175196,27258.396301914105,0.12385074399968743,12955.697021790735,0.05886526475773055,5334.572322017932,0.02423806388623335,220090.69482846948,,,,,0.01752408780157566,0.1453432892989514,0.15185049176216125,0.3868394646228769,0.08548419922590256,0.26724774911782534,0.07615305483341217,0.10259654000032249,0.0363076850771904,0.22029823162261328,0.4517875909805298,0.41942900466382,0.33844518661499023,0.5430764595854558,0.3931232690811157,0.2806305393986368,0.1664482057094574,0.2947992298014011,0.15536971390247345,0.15194441717425014,0.02375483699142933,0.18528813239721487,0.07401072978973389,0.2980708084595871,0.08970241248607635,0.17571013097558136,0.022446302697062492,0.11215164190939751,0.02298622764647007,0.10648345558846588,403,38.142771961389954,246.17866004380645,213.99999999493957,15.649894153019083,2.560565796304474,0.5415157284302583,0.5029545140702424,20.37633517969461,C1,sal,none,sal,M1,M,EZM,within,C1_M1,C1_sal_M1,-0.8904250249402015,-0.8951717744942812,0.842096697702216,0.837349948148136,0.4130452985318298,0.40829854897774986,-1.086842191286503,-1.0915889408405826,-0.24179283906187365,-0.24653958861595326,0.004746749554079534,,,,,2.078714667934954,0.5288432980848061,1.5580057041893458,0.008134334339196749,1.3115902388543725,-0.23828113099577608,1.280007436369497,-0.2698639334806515,0.23925705594900687,-1.3106143139011412,1.5498713698501487,,,,,-1.012826459857734,-0.7692733971882798,0.25304771606317866,0.4966007787326315,0.4254276625900838,0.6689807252595364,-0.17370028066105242,0.06985278200840121,-0.2860253621810828,-0.04247229951162918,-0.24355306266945353,,,,,0.5563136883509571,1.791975583394061,0.8909978899876254,-0.11609946844002482,0.8859173141022112,1.6841157843275487,0.617562109117133,-1.4760507053869873,-0.667566038055736,-0.2748098254714394,-1.0430456401127828,-1.8797688793091958,-0.30217038486793824,-0.11367818421414952,0.24964375703404068,1.8345397100633392,-0.27300694817559196,-1.2578272001968944,-0.660125439003097,-1.186483981544714,4.66120100082623,0.43108391404881774,0.907464665752763,-0.7067571839080109,2.6121196335272017,0.8913302261788135,-0.13734710717728654,-1.608937211349752,-1.0875358165850484,-0.642770119642556,1.0026886666148744,0.15580734579060446,-0.0403997780174008,1.1584960124054786,-0.2506863098110348,-0.34578980314029517,-0.21650472620598574,-0.2506863098110348
Psi_C1_sal_M1_inj,500.00000001182343,baseline,41097.19629003432,0.2696557639092742,49488.69629023275,0.3247158786414048,23589.107391915233,0.15477792520963957,22000.96239523461,0.14435744666272582,6488.9152948006595,0.042576466735429065,152406.14809873485,,,,,254251.16797476227,0.2257479800063322,442079.9941510788,0.3925199890948918,212271.55640150394,0.1884745523575978,109400.21335097564,0.09713574719427055,20561.226704130007,0.018256181208065676,1126261.0986270201,,,,,103784.62695557918,0.37908815661756634,111348.12109638305,0.4067148980293971,22571.50567680328,0.08244564469807839,12365.70050459539,0.04516748527292345,5788.475669997718,0.021143233210292954,273774.385044373,,,,,0.017258288338780403,0.05391122420203651,0.12502449750900269,0.2591973709745995,0.05958349630236626,0.11003471616795811,0.08337154984474182,0.28100382958800657,0.05891699343919754,0.2649034257730284,0.6306770443916321,0.7527011269025327,0.3702942132949829,0.5374794346551255,0.359362930059433,0.2352616757280448,0.1766720712184906,0.41738025125196165,0.1777147501707077,0.24517964472892495,0.003802678780630231,0.07352763040979864,0.0630510151386261,0.3300913066737393,0.036493539810180664,0.09467751886417217,0.01754431612789631,0.14003603974839454,0.03173404559493065,0.09332967199256133,192,19.100486465966334,222.48958332807214,195.99999999536521,7.082765458627219,2.845055633829331,0.568442555246444,0.5325407943394264,22.640233374769174,C1,sal,none,sal,M1,M,inj,within,C1_M1,C1_sal_M1,0.4253714962767729,0.1434988696215255,0.8591959160699645,0.5773232894147158,-0.6141728312117128,-0.8960454578669613,-0.19708913037136666,-0.4789617570266152,0.5639067107765133,0.28203408412126585,0.28187262665524854,,,,,-0.056386837550182936,0.2262886361957189,0.345929797878591,0.6286052716244918,-0.9846965348593077,-0.7020210611134068,-1.7063355519073173,-1.4236600781614155,-0.47727433669494734,-0.19459886294904613,-0.2826754737459012,,,,,0.5897277534497751,-0.11463049015115515,1.2286789069365585,0.5243206633356291,-0.39397004552579074,-1.0983282891267208,-0.37612087493725,-1.0804791185381797,0.06862068660679904,-0.6357375569941308,0.70435824360093,,,,,0.48993668948386887,-2.5151823246539093,0.04678704028454327,-1.855101282135271,-0.681681327703689,-2.16972750102099,1.0108675636946605,2.8997445334483536,1.434854128471965,0.525955811541448,0.4056816146101939,0.6598721848548221,0.08841544839645625,-0.15866944833404945,-0.140310992863717,1.0687022608438994,-0.014119121670076545,0.25222831593049155,-0.07655434561461827,0.8915126562997227,-3.295423132054834,-3.5828864238363725,0.21143863168932792,-0.26361077064501415,-1.2937616868584991,-1.7941691164799747,-1.2074308175330541,-0.6445953688973907,0.3130415626331343,-1.2153940883089225,-2.000989564753228,-0.2835998621086535,-0.4219767979445483,-2.2845894268618805,0.2068619232752611,-0.1350347261884697,0.03173698778904859,0.2068619232752611
Psi_C1_sal_M2_BL1,500.00000001182343,baseline,40219.050782201055,0.34102255651634644,33932.98339923991,0.2877221745411428,15424.806640989747,0.13078893937518157,15336.028988247172,0.13003618212430204,5923.690592429048,0.05022774209121777,117936.62915747102,,,,,178372.94922296793,0.18277453036327057,315087.2461012009,0.3228624277418617,192968.1767623756,0.19772991384872127,198888.80768292575,0.20379664392562954,30627.097588309687,0.031382860475643024,975917.9731904968,,,,,94155.51367410149,0.4371957883985616,73553.15564138774,0.3415320953071684,17383.9201664267,0.08071940119114965,11706.404588976158,0.05435678255980596,5847.718885083194,0.027152929961661135,215362.35291513448,,,,,0.07118356227874756,0.1884791851258096,0.2401217222213745,0.6416077843060619,0.05837227776646614,0.19175195350391147,0.030564822256565094,0.2085319788631284,0.015907203778624535,0.08006088259036082,0.567409098148346,0.5000460355705078,0.38457581400871277,0.5415696569468361,0.4511515200138092,0.15822750247826625,0.21716229617595673,0.33149901109828994,0.27083906531333923,0.2233083322020087,0.04335847869515419,0.2560494184404829,0.12099773436784744,0.5244279857787741,0.029353059828281403,0.10689329421138147,0.04325268045067787,0.18632732080931097,0.014216577634215355,0.0532570023628251,282,28.097071063670263,236.15602836321,210.9999999950105,11.058821185058735,-2.7282190760896854,0.5366233258049737,0.4767885367677358,-21.710477589863856,C1,sal,none,sal,M2,M,BL1,within,C1_M2,C1_sal_M2,0.0,0.0,0.0,0.0,0.0,0.0,0.0,0.0,0.0,0.0,0.0,,,,,0.0,0.0,0.0,0.0,0.0,0.0,0.0,0.0,0.0,0.0,0.0,,,,,0.0,0.0,0.0,0.0,0.0,0.0,0.0,0.0,0.0,0.0,0.0,,,,,0.0,0.0,0.0,0.0,0.0,0.0,0.0,0.0,0.0,0.0,0.0,0.0,0.0,0.0,0.0,0.0,0.0,0.0,0.0,0.0,0.0,0.0,0.0,0.0,0.0,0.0,0.0,0.0,0.0,0.0,0.0,0.0,0.0,0.0,0.0,0.0,0.0,0.0
Psi_C1_sal_M2_BL2,500.0000000002771,baseline,28263.59277345316,0.26230723009466544,36484.45727541085,0.33860298675152944,14877.731231697699,0.13807644699526705,14337.907997139293,0.1330664845841628,6584.920024875474,0.061112971233520504,107749.95703798544,,,,,213839.7421876185,0.17887086803602936,458591.96777369163,0.3835991500497636,202222.34716808083,0.1691532472130537,204288.2139130771,0.1708812860431793,33942.93485643361,0.028392300511350957,1195497.8724905918,,,,,81081.43164066994,0.39492866825414374,76295.50012211261,0.37161751645608754,17612.82177735351,0.08578793082433454,11233.511150366332,0.05471580247982402,6057.088782790681,0.029502661189874265,205306.52281867916,,,,,0.13424016535282135,0.05995668912504409,0.2185622751712799,0.5068474097147602,0.09403485804796219,0.11212982216116543,0.045299746096134186,0.22343891729535195,0.014684036374092102,0.1029688246683685,0.5744113326072693,0.6561264629262696,0.3978790044784546,0.49376309175732314,0.45423224568367004,0.13290328379906002,0.24739013612270355,0.3686642921190529,0.24886612594127655,0.26075996603489937,0.0808458998799324,0.3627404422224773,0.13196168839931488,0.5607417416499147,0.039640504866838455,0.14777701976273663,0.05961564928293228,0.19506106831877293,0.013262331485748291,0.06544320812500934,136,26.44131065949205,227.86764705869803,198.9999999999057,10.041865408544206,-3.004132299727777,0.7226775522952633,0.5837307217652132,-23.90612526018495,C1,sal,none,sal,M2,M,BL2,within,C1_M2,C1_sal_M2,-1.5320444942670366,-1.1397284440174096,0.31485845648896676,0.7071745067385933,-0.15683019750535787,0.2354858527442686,-0.29227131479495344,0.10004473545467336,0.4595813846733794,0.8518974349230064,-0.39231605024962724,,,,,0.7875942913759315,-0.09376062096696755,1.6299561936687115,0.748601281325813,0.20343453396436667,-0.6779203783785328,0.11632967199805838,-0.7650252403448412,0.44643548282252804,-0.4349194295203713,0.8813549123428992,,,,,-0.6492434869606771,-0.44157308907798754,0.1589761425404362,0.36664654042312567,0.056812216590076195,0.2644826144727648,-0.1790800911238036,0.028590306758885898,0.1527745265721826,0.36044492445487236,-0.20767039788268954,,,,,2.7550276058238716,-4.974257528599409,-0.40856246671391405,-1.0239239304691976,2.0708223288986765,-2.3301866373023628,1.7087389322775106,0.29986153779072394,-0.3474839298997724,1.0928538208763914,0.053267043181223835,1.1797756561409194,0.14769054674796456,-0.40135699937769803,0.029555363660240384,-0.7574626136676625,0.565979545164746,0.4614883780008654,-0.36745519088298734,0.673359877936376,2.7058396359909898,1.5127218435164531,0.3767062513119678,0.2907702671401129,1.304857973150727,1.4065644258306078,1.393472515943919,0.1989405913608487,-0.3017518229025825,0.8948786297601992,-0.2637807116977034,-0.1551636843584991,-0.2542937887792214,-0.41894439605620254,-0.2759132236380917,1.2927501838837783,0.8788674555047626,-2.195647670321094
Psi_C1_sal_M2_EZM,500.00000001182343,baseline,24535.652100189567,0.21663220327910107,42294.816773461076,0.3734328848284396,20530.055115231567,0.18126565598880626,13833.705061285984,0.12214168976240418,4728.855393521552,0.04175240008717435,113259.48648815948,,,,,271587.46094392217,0.1696025084162695,508847.7050901577,0.3177681579451588,337300.10645328864,0.21063912135238333,351125.2961203636,0.2192727557577315,35305.51832664052,0.022047794284476185,1601317.4774357849,,,,,58560.43359513476,0.289081602177401,92630.31884984665,0.45726643980214465,22352.158966593015,0.11034067764695482,11378.803306848662,0.05617107813010807,4928.204073068808,0.024327912924099068,202574.05920698447,,,,,0.16928185522556305,0.14139847133132397,0.3165585994720459,0.6249896593002325,0.09336193650960922,0.11222046780668005,0.06851129978895187,0.2529967684891531,0.011691642925143242,0.06280689055629887,0.47326257824897766,0.3636929682797601,0.402322381734848,0.40014261445864047,0.5025232434272766,0.25678834069454437,0.26327890157699585,0.29124733232132566,0.2203201800584793,0.15362441928091722,0.037317629903554916,0.19376187571808726,0.12481165677309036,0.5284566231956052,0.0729772076010704,0.11924414345815017,0.06622957438230515,0.21710718383303507,0.007907360792160034,0.06229787493463081,557,52.11419589571902,268.17953320730294,223.9999999947031,23.293267881313113,-2.894226632487294,0.5762669589312139,0.5096589029825853,-23.031523749428157,C1,sal,none,sal,M2,M,EZM,within,C1_M2,C1_sal_M2,-2.1463421151054747,-1.9706008904385617,0.956651032409423,1.1323922570763356,1.2417038668130918,1.417445091480004,-0.44774408623021095,-0.27200286156329845,-0.9783633260269103,-0.8026221013599972,-0.17574122466691278,,,,,1.8258072190298584,-0.3248340549273764,2.0815699574683,-0.06907131648893494,2.425307847701168,0.27466657374393394,2.4685177425170832,0.3178764685598482,0.6173674948600509,-1.5332737790971842,2.1506412739572345,,,,,-2.062414733664443,-1.7965551660168735,1.0015184902948897,1.267378057942459,1.0917175857372798,1.35757715338485,-0.12326939529746495,0.14259017235010574,-0.7429780347375671,-0.4771184670899978,-0.26585956764756946,,,,,3.762306921301083,-1.2481868117623338,1.2002266626497018,-0.1139679255513894,2.039632108416749,-2.3266772230017754,3.505403324024269,0.839423095127173,-1.3371830153630087,-1.0541308056950462,-0.7879412987699019,-1.3827508409346656,0.19592225668482943,-1.3143951830450586,0.4683372924420214,2.1029332791867588,0.8363163233341591,-0.5622028105579752,-0.8965702850023687,-1.6244467379441523,-0.6515998256633009,-1.2105546374678697,0.13477909724015213,0.033234858279278454,3.9553386174137835,0.47486597093446725,1.8503893741814659,0.6639765469640636,-2.5476350601938176,0.6809651455428041,2.6829499123975986,0.5522659420456377,0.25965563036470174,3.235215854443236,-0.16600755639760845,0.30954172868858393,0.2895380979992707,-1.3210461595643004
Psi_C1_sal_M2_inj,500.00000001182343,baseline,30607.524658926897,0.28017084201251213,35148.76342856553,0.32173979291747984,16187.16223182809,0.14817176242841634,14532.867328987455,0.13302891108611778,6172.943383362828,0.056505018445126516,109245.93165751344,,,,,178742.1757854767,0.1804329905746235,326421.70117959386,0.3295094930643437,198455.00879375535,0.20033229747715742,191176.60840295826,0.19298504692848342,30975.974404113836,0.031268992184615554,990629.1261716492,,,,,86121.6250020365,0.40395410314683794,79284.87170597642,0.37188626250773216,17913.74148601931,0.08402453362692726,10987.34172084087,0.051536205577927215,5731.001075880149,0.026881301876108182,213196.5595376838,,,,,0.08428362756967545,0.1650470593731362,0.24167083203792572,0.6552144701649782,0.06218816339969635,0.16650769829237524,0.034971415996551514,0.2461181658486753,0.013561445288360119,0.08807887666155048,0.5973915457725525,0.6078827251790242,0.4078357219696045,0.5299946047899293,0.4639170169830322,0.1526656087924263,0.22256778180599213,0.31825638529293304,0.25400805473327637,0.25319796079705875,0.06148746237158775,0.3316433009836037,0.13314218819141388,0.6014555751767505,0.03277751803398132,0.15844323946020178,0.05095851048827171,0.20799423472183234,0.01320868730545044,0.06376034846532559,340,33.38898163684964,241.12941175900391,209.99999999503416,13.418442502209565,-2.7499742301614885,0.558858398895772,0.47803144093401634,-21.88359960527652,C1,sal,none,sal,M2,M,inj,within,C1_M2,C1_sal_M2,-1.1860360845732143,-0.8536017048297326,0.15288006036242818,0.48531444010590963,0.20950990744562048,0.5419442871891021,-0.23361611894719908,0.09881826079628278,0.17899927476725294,0.5114336545107343,-0.33243437974348206,,,,,0.00898047181865786,-0.05599729297306659,0.1534819938622906,0.08850422907056618,0.1217637102899813,0.056785945498256704,-0.1717559154550727,-0.23673368024679775,0.049191344180677186,-0.01578642061104768,0.06497776479172472,,,,,-0.3873354125085457,-0.34343945827732947,0.3258901783674387,0.3697861325986556,0.1303858372954739,0.17428179152669182,-0.2753089797693965,-0.2314130255381794,-0.08755996808847016,-0.043664013857253936,-0.043895954231216436,,,,,0.7336350153203491,-0.5765560452060338,0.02792787716053871,0.09113855702840945,0.2750109059491929,-0.6130547967497142,0.5849134271454002,0.7197100544252513,-0.6928786841605196,0.414513936501006,0.22362776986719943,0.8480981328845193,0.25503294616494687,-0.09382875100673602,0.12117878281580372,-0.1554075915704037,0.10677872439003844,-0.17705111369344934,-0.2786381779194001,0.5455527563749673,1.5171253394441553,1.123474354400731,0.41538451893257994,0.5951769542499711,0.47922685240924856,1.709232519574141,0.7120369844434351,0.4777475784620819,-0.31935401915048783,0.7817396393497262,0.749421233863893,0.09051150371372385,-0.020631605637734182,0.8399327375776187,-0.021755154071803062,0.17632235635379054,0.011306565393250376,-0.17312201541266248
Psi_C1_sal_M3_BL1,500.00000001182343,baseline,48746.958008965215,0.4068838294600338,34776.02038656454,0.29027042765752165,14240.285553315254,0.11886161014337934,10972.669845840524,0.0915872930051375,3840.848527045475,0.03205900882620772,119805.59186551155,,,,,138930.7441439103,0.20201935184380831,284873.20117861143,0.41423444331487413,112348.27417257856,0.16336575226002373,85385.7841969654,0.12415956515915873,20795.729143634453,0.03023909321585948,687710.0776529809,,,,,105636.32226812295,0.4221556999554811,79238.06421085811,0.3166600250920165,21813.21893362128,0.08717242809563282,19229.64950988465,0.07684767866245193,8537.442135059062,0.03411828226286959,250230.71411629158,,,,,0.02931484393775463,0.2633350326370741,0.19221872091293335,0.5992837505878761,0.01778792403638363,0.14535031592074474,0.021197432652115822,0.21524725428025274,0.015549957752227783,0.07173576485558628,0.676059901714325,0.32871198241792393,0.489042729139328,0.5732194381737316,0.39115476608276367,0.15574752643209439,0.14842863380908966,0.1946278227998107,0.1493295282125473,0.08326855036044116,0.012639359571039677,0.1877341796667508,0.13154181838035583,0.3432572786937484,0.02938108891248703,0.2323928367171954,0.02409246563911438,0.19590967022430833,0.00962555967271328,0.058106820326537724,292,28.791354706226777,233.04794519996855,205.99999999512875,11.182943423015992,-1.8561453847296772,0.2660349606666555,0.4537571387954894,-14.770735653846797,C1,sal,none,sal,M3,M,BL1,within,C1_M3,C1_sal_M3,0.0,0.0,0.0,0.0,0.0,0.0,0.0,0.0,0.0,0.0,0.0,,,,,0.0,0.0,0.0,0.0,0.0,0.0,0.0,0.0,0.0,0.0,0.0,,,,,0.0,0.0,0.0,0.0,0.0,0.0,0.0,0.0,0.0,0.0,0.0,,,,,0.0,0.0,0.0,0.0,0.0,0.0,0.0,0.0,0.0,0.0,0.0,0.0,0.0,0.0,0.0,0.0,0.0,0.0,0.0,0.0,0.0,0.0,0.0,0.0,0.0,0.0,0.0,0.0,0.0,0.0,0.0,0.0,0.0,0.0,0.0,0.0,0.0,0.0
Psi_C1_sal_M3_BL2,500.0000000002771,baseline,29958.61401368848,0.282365308769294,37448.64123537232,0.3529601583232433,14376.235229500156,0.13549859475017917,11539.68317986174,0.108763583078065,5665.278300288479,0.05339626378556845,106098.77730470814,,,,,151815.26171883414,0.20387767284217723,309282.9980470464,0.4153462384319743,127820.42871100832,0.17165422798896926,82768.17483525095,0.11115208497323273,23395.16058160171,0.03141812516833583,744638.976904328,,,,,83061.25585942104,0.34218781826832,94924.22656255263,0.39105975044757774,22489.958526623792,0.09265198029506459,17118.338268289517,0.07052249287344102,9036.783747678042,0.03722887744454718,242735.86441434963,,,,,0.015331477858126163,0.2166147770014953,0.1444060504436493,0.5507860657096222,0.02544410713016987,0.1978733644122038,0.018419913947582245,0.2146417558937041,0.020939761772751808,0.09974084212087604,0.6391051411628723,0.48099214570509186,0.4947469234466553,0.5777878278684359,0.405500590801239,0.20235854101635153,0.13967940211296082,0.22699578316275756,0.16414383053779602,0.17326020256479335,0.0038784726057201624,0.10427980417814442,0.10741207003593445,0.2840751855152868,0.025552118197083473,0.2549358122758507,0.01145503856241703,0.14024548779303542,0.012076517567038536,0.0678358579346257,158,30.695903327349317,234.56962025303454,206.99999999987284,12.00054397803365,-1.9115562069554797,0.3361136318553362,0.4537836544766967,-15.211680966747934,C1,sal,none,sal,M3,M,BL2,within,C1_M3,C1_sal_M3,-2.1142580172540155,-1.5865909179079498,0.3215618285696894,0.8492289279157557,0.041264721747829095,0.568931821093895,0.21881573489785072,0.7464828342439167,1.6879406886911679,2.215607788037234,-0.5276670993460659,,,,,0.3851707071015537,0.039766943095015744,0.35704450695220324,0.011640742945665253,0.5603386441040674,0.2149348800975298,-0.13522192959136636,-0.48062569359790397,0.5115187820417813,0.1661150180352441,0.3454037640065378,,,,,-1.0441477960594585,-0.9120811270941299,0.7844321005418469,0.9164987695071751,0.13268896274312117,0.264755631708449,-0.505097645854406,-0.3730309768890774,0.24686116492521798,0.3789278338905462,-0.13206666896532818,,,,,-2.8150356635982163,-0.8482055913669123,-1.2421029294244055,-0.3664955753783811,1.5546194934770146,1.339713580284366,-0.6099566714138844,-0.012234077901600407,1.2924252306709914,1.431372975163451,-0.2441286677671558,1.6532244913146734,0.050362958521311216,0.03447479286212404,0.15642864961385072,1.1370038156968252,-0.2638532266408866,0.6681286505505526,0.41078871104615844,3.1821781381182697,-5.130643407575349,-2.5534314232543402,-0.8801075472493546,-0.8218645615772707,-0.606409797091151,0.40208110337348635,-3.228846927183077,-1.4516697625073438,0.9851572672122186,0.6723221100186074,0.27818318424721394,0.028264866860087327,0.021031250977672687,0.3064480511073003,-0.055410822225802514,1.0154741395828397,0.0002537762295842023,-0.44094531290113714
Psi_C1_sal_M3_EZM,500.00000001182343,baseline,25225.03393614337,0.25057308688917934,37506.198487215035,0.37256813831096064,16115.081695937712,0.16007929964512826,10935.161587020057,0.10862451965091459,4145.088970282345,0.041175276169826025,100669.36656808485,,,,,210335.8437549738,0.2424951178473466,327871.3193436906,0.3780011661523247,151823.51269890266,0.1750365508163557,90638.66821503396,0.10449685673135044,26337.664864209226,0.030364559035931358,867381.766784198,,,,,75060.74218927496,0.32371829668822727,92175.76465061717,0.3975311282346505,24503.850830657564,0.10567900905110264,17333.51404231052,0.0747551313474753,8484.701566896803,0.03659240581738108,231870.55831313072,,,,,0.005812021438032389,0.08010659888417217,0.14475172758102417,0.5310177478882637,0.03258451074361801,0.22561037785447108,0.019295573234558105,0.21024299148579598,0.009751592762768269,0.08780541171703975,0.604896068572998,0.41758422453724836,0.45731431245803833,0.5667715386803953,0.42608943581581116,0.15456773754828448,0.15969859063625336,0.2051661495318768,0.139319509267807,0.08083626323859341,0.006660707760602236,0.1330134526606429,0.07981476187705994,0.24509412115683982,0.03586902469396591,0.3141602287354197,0.013212685473263264,0.15216307909086904,0.005911189131438732,0.04524277683033299,411,39.47785494142858,245.20194646622122,215.99999999489228,16.133411456582365,-2.2238162357642164,0.3512650917300178,0.4483007189598776,-17.69656732249434,C1,sal,none,sal,M3,M,EZM,within,C1_M3,C1_sal_M3,-2.8611576011191047,-2.10536007061573,0.32823165852984026,1.0840291890332148,0.537138134461986,1.292935664965361,-0.014871070920810055,0.7409264595825636,0.33106676620954206,1.0868642967129154,-0.7557975305033742,,,,,1.8011492609338933,0.7931002598892933,0.6105183241134536,-0.39753067693114547,1.3077262992544,0.29967729820979944,0.25927944258275126,-0.7487695584618492,1.026031148703118,0.017982147658518403,1.0080490010446,,,,,-1.4840041848555905,-1.1530541090746342,0.6568289184969444,0.9877789942779008,0.5051458171430532,0.8360958929240093,-0.45084751985286864,-0.11989744407191234,-0.026912016983140153,0.30403805879781665,-0.3309500757809564,,,,,-7.027603789376812,-5.168403459620023,-1.2317192734270483,-0.5252346559361858,2.6288593833028133,1.9094309283584745,-0.40825578953844943,-0.10216092876297644,-2.0265365705309093,0.8778555046422856,-0.4830441605305982,1.0392854801419538,-0.2913201279593108,-0.0491287578408111,0.371521403799143,-0.03302307880098265,0.3178339337706474,0.22900783435460775,-0.3013375695024554,-0.12874774520919183,-2.782046897069588,-1.4964778259487923,-2.1698061878551735,-1.462868607617192,0.8665168060436907,1.3092846724559948,-2.608901514884337,-1.0974658573845288,-2.1175113568194965,-1.0867785856246717,1.3709144691023316,0.22078635303166488,0.2058653078177749,1.5917008221339963,-0.3676708510345392,1.2069627964104848,-0.05254035330726985,-2.9258316686475414
Psi_C1_sal_M3_inj,500.00000001182343,baseline,33357.89477617943,0.3110864561048773,37225.86779873184,0.347158097554935,14755.080444684849,0.13760177960502287,10785.52974726432,0.10058285298885619,4237.185417275488,0.03951481363448519,107230.30244985469,,,,,138144.82031576667,0.20270288389536611,265776.7226625348,0.389979935786315,123888.94629199208,0.18178493148525798,85363.89360248244,0.12525628810554476,21706.965408838496,0.03185110001903077,681513.8376969324,,,,,92658.31543187858,0.37950159431424074,87776.08593957563,0.35950539788544694,22968.91265923455,0.09407400656072269,18581.87657972407,0.076105978772517,8440.053843697811,0.03456801340335371,244157.90821462063,,,,,0.028487980365753174,0.1802972480391948,0.18539340794086456,0.602214145489769,0.02759583480656147,0.21035609086458196,0.020288385450839996,0.22484490306771476,0.01615799590945244,0.08072299568813175,0.6752393245697021,0.37276581210530985,0.493808388710022,0.5991070645692906,0.39187484979629517,0.15190713982547735,0.13179871439933777,0.1874477145868182,0.14659737050533295,0.10404098110594004,0.012540504336357117,0.08268126093582075,0.1200287938117981,0.39471032938792483,0.032555464655160904,0.29911822322479076,0.01643829233944416,0.16527312882765294,0.0102848457172513,0.06262236721636939,303,29.857315535707084,233.0759075852476,203.99999999517604,11.59836819424007,-1.9859989788627053,0.28743929063346446,0.4676093315683353,-15.804077723072806,C1,sal,none,sal,M3,M,inj,within,C1_M3,C1_sal_M3,-1.6474888487960804,-1.1658932682295795,0.29564948913334277,0.7772450696998439,0.15422883537620757,0.635824415942709,-0.07470831029735217,0.40688727026914884,0.42650288870768294,0.9080984692741846,-0.48159558056650087,,,,,-0.024637560358157208,0.014669541439868827,-0.30134654099144653,-0.2620394391934207,0.42466153739654733,0.46396863919457254,-0.0011135557693738726,0.03819354602865106,0.1862496190166821,0.22555672081470712,-0.03930710179802566,,,,,-0.569288725440613,-0.4625905276386454,0.44442353968331283,0.5511217374852808,0.22420678037329864,0.33090497817526593,-0.14881797442846634,-0.04211977662649875,-0.04982555909859069,0.05687263870337722,-0.10669819780196749,,,,,-0.12425925145555239,-1.645195411524921,-0.15701395171360838,0.021184504164471776,1.9071827040120861,1.6053911148798936,-0.19035776845479668,0.18945426893701986,0.16658280422252253,0.5126153733816059,-0.005274511562773013,0.5462053901641418,0.042116569580863863,0.1918353161757269,0.007987653726248323,-0.10842971234833096,-0.5160651601347517,-0.16324774691566768,-0.08019512500483847,0.9672343493707024,-0.034100663660712134,-3.5613625804116067,-0.3977839924709448,0.6065873670754038,0.4455601085720782,1.0962013520550942,-1.6602454856603146,-0.7385362466194535,0.28771790516184553,0.3250236956814568,0.1578865781326333,0.0005210593523388087,-0.042370529432546426,0.1584076374849722,-0.1298535941330281,0.33607419737810496,0.13059698622046195,-1.0333420692260091
Psi_C1_sal_M4_BL1,500.00000001182343,baseline,23.272896051957186,0.24728833097357175,16.67141300479257,0.17714365619656305,15.277324557665644,0.16233063917668236,17.01112572516494,0.18075330544020804,17.334280922487498,0.18418702117601177,94.11239082868173,,,,,109601.34570571674,0.24946986681783234,154464.8559606839,0.3515862583294681,77846.96313660647,0.17719190764323764,51276.599938651496,0.11671359028668785,13274.36034615435,0.030214527808250367,439337.01133431774,,,,,99212.88379140859,0.47583543668993933,55742.927003271274,0.2673489470253046,20228.324249745914,0.09701717292202175,16008.966701886131,0.0767806898705059,6793.6624681171925,0.03258312049508766,208502.51188008307,,,,,0.0042628077790141106,0.04710281020688684,0.0032524000853300095,0.06297238201056388,0.0014563817530870438,0.044618441705540926,0.0018391088815405965,0.04901300409284207,0.0017411953303962946,0.04556803551524533,0.001359103131107986,0.06379577573104771,0.003292391076683998,0.07194075874494692,0.0019003251800313592,0.0538273623695894,0.0014260333264246583,0.04110515517207424,0.0015073006507009268,0.04584057096838136,0.021726125851273537,0.1058272144934812,0.07846835255622864,0.1578768641114914,0.05557555332779884,0.3951787199931851,0.018045699223876,0.1306730521931861,0.014511724933981895,0.08000258457585414,283,27.323635428040557,226.72084805117586,203.99999999517604,10.324729660144179,-0.49929204645754977,0.06595191492195132,0.4458428531246854,-3.973239862009365,C1,sal,none,sal,M4,M,BL1,within,C1_M4,C1_sal_M4,0.0,0.0,0.0,0.0,0.0,0.0,0.0,0.0,0.0,0.0,0.0,,,,,0.0,0.0,0.0,0.0,0.0,0.0,0.0,0.0,0.0,0.0,0.0,,,,,0.0,0.0,0.0,0.0,0.0,0.0,0.0,0.0,0.0,0.0,0.0,,,,,0.0,0.0,0.0,0.0,0.0,0.0,0.0,0.0,0.0,0.0,0.0,0.0,0.0,0.0,0.0,0.0,0.0,0.0,0.0,0.0,0.0,0.0,0.0,0.0,0.0,0.0,0.0,0.0,0.0,0.0,0.0,0.0,0.0,0.0,0.0,0.0,0.0,0.0
Psi_C1_sal_M4_BL2,500.0000000011653,baseline,21.124171257068276,0.22829982322581585,16.18673747781711,0.1749384276342591,15.520491123235635,0.1677379593590883,17.571858510415975,0.18990814564309555,17.803008853499357,0.19240630672228418,92.52819804496275,,,,,102973.59960961499,0.23849971783883142,152490.0034183241,0.3531858935337914,72376.191528489,0.16763229918381978,54810.888015874814,0.12694886238648415,13950.02472117814,0.03230999957716395,431755.6454268027,,,,,75261.49218767541,0.36826293502717383,71770.2414552454,0.3511798530383877,19520.135101363852,0.09551421365164463,16147.402133979282,0.07901105239974288,7823.167043704146,0.03827963508268214,204368.90338182397,,,,,0.004333397839218378,0.06550396079773853,0.002620439510792494,0.07023972396148483,0.003571444656699896,0.06863838868519313,0.0038321339525282383,0.07459642279551093,0.00455480208620429,0.07167191739456505,0.002449153224006295,0.06458391209825964,0.003554916474968195,0.08688550027558159,0.0023581255227327347,0.052295616871371284,0.003205362241715193,0.06818634509602421,0.003569458145648241,0.07010815739442995,0.054666001349687576,0.21805835712138463,0.0992635041475296,0.22435125140922188,0.030950983986258507,0.28289631213640054,0.01422578189522028,0.10318631779141599,0.01917322538793087,0.07500499520145935,161,29.433989859662983,223.87577639699347,199.99999999953388,10.982595553822138,0.6507067104761038,0.05367028601692072,0.44455532780120666,5.178159473766937,C1,sal,none,sal,M4,M,BL2,within,C1_M4,C1_sal_M4,-0.4207075002053542,-0.34698048170676205,-0.128130872827992,-0.05440385432940027,0.0685815470050141,0.14230856550360635,0.14084643287719095,0.2145734513757827,0.11587577277157407,0.189602791270167,-0.07372701849859242,,,,,-0.27089992052606127,-0.19530225612671664,-0.055883096125617336,0.01971456827372807,-0.3164594852926955,-0.24086182089335129,0.2894761816905202,0.3650738460898654,0.2156137439801124,0.29121140837945764,-0.07559766439934489,,,,,-1.1999524862611848,-1.112987718032746,1.0975463799461476,1.1845111481745876,-0.15477087386884375,-0.06780610564040415,0.03739359751326614,0.12435836574170593,0.6127863772484639,0.6997511454769024,-0.08696476822843892,,,,,0.07132812803689756,1.432207426681385,-0.9382982471738982,0.4743267479159101,3.8956869561338934,1.8705268119334573,3.1883323974882654,1.8240667977233933,4.176220171153021,1.9668871693174492,2.5576354331755673,0.05332425732019207,0.3331798520308127,0.8197229214754477,0.937389958585702,-0.12537808946811782,3.517474416485368,2.1980112013908837,3.7440240729016145,1.8451853463314007,4.007350168316845,3.1397537063846133,1.0209506767680334,1.5261000485587892,-2.5420933480426413,-1.4516626420183747,-1.032975685426318,-1.0256392033232435,1.2097613972716172,-0.28013829995634454,0.32310653895545766,-0.05484352403647648,-0.0860017175266,0.2682630149189825,1.1499987569336536,-0.8949350014612123,-0.012559898369172184,9.151399335776302
Psi_C1_sal_M4_EZM,500.00000001182343,baseline,21.839379787961498,0.2368668336654599,15.845775246994881,0.17186104395689605,15.349303722744555,0.16647638381104968,17.269443791768033,0.187301952245666,17.580124738110573,0.19067155398137606,92.20108805442327,,,,,112453.76172140917,0.2520115505618339,153267.15820674933,0.3434753413191982,78631.73022646878,0.17621557477840769,58988.97905489222,0.13219570292820831,13728.697128620539,0.030766336293388544,446224.63323885377,,,,,73908.04882987269,0.39504859422727534,59052.64123674798,0.3156444159374936,19190.429810024107,0.10257546287709624,17059.277637885087,0.09118416405352839,7219.650438479438,0.038590015589490795,187085.96843494312,,,,,0.000829088210593909,0.04152584108983968,0.001998936291784048,0.06067023866890092,0.0017946582520380616,0.05016462262672611,0.0020577479153871536,0.04504698353854534,0.0018454249948263168,0.04652273618502584,0.0014654514379799366,0.0654620368519458,0.0014032893814146519,0.05659749546085259,0.0012897906126454473,0.04562373775855072,0.001566307502798736,0.05424169094126456,0.001841622986830771,0.051826723576325916,0.011703011579811573,0.06016048592282761,0.07931319624185562,0.2821431872111685,0.06973768025636673,0.44923693122418035,0.02354554459452629,0.16808714874216335,0.020645853132009506,0.06883458236501656,310,28.248930793825075,230.14838709133193,204.9999999951524,10.835743098755833,2.927479371774418,0.028155741469141144,0.4154413371327625,23.29614064087275,C1,sal,none,sal,M4,M,EZM,within,C1_M4,C1_sal_M4,-0.27610128978295906,-0.18699368758284252,-0.22058918820085358,-0.13148158600073778,0.020413746805573493,0.10952134900568988,0.06545295830997136,0.15456056051008737,0.061161217043746226,0.1502688192438632,-0.0891076022001163,,,,,0.11158101188085123,0.044023512677700785,-0.03380578737275567,-0.10136328657590511,0.043561569546687225,-0.0239959296564627,0.6085165957080023,0.5409590965048526,0.14615721239772836,0.07859971319457855,0.06755749920315032,,,,,-1.2787633625603783,-0.8080626122699952,0.2504955766553184,0.7211963269457017,-0.22875204753444484,0.2419487027559381,0.2759733604789135,0.746674110769297,0.26412204512237314,0.7348227954127555,-0.4707007502903825,,,,,-7.110950099905779,-0.5472838072226389,-2.1140501087288683,-0.1617441794881683,0.9070653117252757,0.5088315100591404,0.4878472867729669,-0.36645607180359424,0.25248904711800757,0.09004943268136081,0.3271901839179008,0.11197591610925274,-3.7036417700772035,-1.0417780060908681,-1.683087112273136,-0.7181223688843602,0.4074735315309485,1.2043692784549185,0.8700084047798272,0.5330373576915743,-2.6868465615824952,-2.4528602965356168,0.046509171717648144,2.5215107654080664,0.9858370160848463,0.5568190168956467,1.1553502536716782,1.0934847508052001,1.53113795729934,-0.6529733580773065,0.14463532637840454,0.06516478262172008,0.021236936298555355,0.2098001090001252,3.4267714182319677,-3.6966044107616254,-0.3067210187669029,27.269380502882115
Psi_C1_sal_M4_inj,500.00000001182343,baseline,21.02108216335414,0.23083814207264117,15.877446413415612,0.17435449813902304,15.214915663363707,0.16707907025098645,17.199239299107997,0.18886946038344918,17.434381246047717,0.19145161717885592,91.06416285718993,,,,,97529.85351793127,0.23325626762095103,150574.2207066856,0.3601192809698766,71983.65100267874,0.17215895602188044,50880.08482481155,0.12168682976941961,14112.386984205175,0.03375174468556929,418123.18491017114,,,,,91103.56640840431,0.42993044379490875,65053.67431794457,0.3069973676400803,19547.213409886055,0.09224602798305861,15614.367786776702,0.07368638064125832,7543.300405680696,0.03559788731600568,211903.03623128342,,,,,0.0022049089893698692,0.0479953804114381,0.0017176838591694832,0.027292563569203936,0.002346983179450035,0.044251797743771255,0.0018736845813691616,0.042619987936403994,0.0016645215218886733,0.04152774568912128,0.0008032339974306524,0.04035678314662119,0.0024191546253859997,0.05492670149934126,0.0014840718358755112,0.04407872901851788,0.0017716257134452462,0.04649442872428797,0.0022013222333043814,0.06091839344989984,0.04554026946425438,0.14750678017511473,0.07800815999507904,0.1581396244189624,0.04248693585395813,0.3429789678567661,0.014965984039008617,0.11542128919499468,0.015252667479217052,0.04719107112958322,276,26.902682471004223,229.18840579168187,210.9999999950105,10.276304845082137,-0.8953035210409489,0.05965046588680584,0.43483319622878686,-7.124599047062287,C1,sal,none,sal,M4,M,inj,within,C1_M4,C1_sal_M4,-0.44195360039527515,-0.29896053202160067,-0.21191754852374767,-0.06892448015007346,-0.01777755656322983,0.1252155118104447,0.04776184673048442,0.1907549151041586,0.02500708141301332,0.16800014978668754,-0.14299306837367412,,,,,-0.5067831458897485,-0.29184773074925324,-0.11079059602755771,0.1041448191129386,-0.34007804866382285,-0.12514263352332766,-0.03371393484911924,0.1812214802913773,0.26586874163700003,0.4808041567774952,-0.21493541514049588,,,,,-0.37032694802821575,-0.4405858291114765,0.6708206179088159,0.6005617368255558,-0.14875052065736566,-0.2190094017406261,-0.10838896616903666,-0.1786478472522962,0.4545743761078195,0.3843154950245601,0.0702588810832605,,,,,-2.863050815556197,0.08152619841448824,-2.772607291181454,-3.631057908270397,2.0723474802425774,-0.03583479775090113,0.08089041257330376,-0.6069799954659437,-0.1955807892060098,-0.4032194979321122,-2.2841033100086507,-1.9887538146994308,-1.3384778785681728,-1.171914947074963,-1.0737299966360327,-0.8677403575875728,0.9424229992129667,0.5350462390953475,1.6448373334118829,1.2349842316919888,3.214133051183356,1.4421461809992329,-0.025545005174022747,0.007222115429896592,-1.1662838434467784,-0.6152606112141523,-0.8126843678346329,-0.5390011440313385,0.2162676453063716,-2.292441826550734,-0.06742896288856133,0.04701186325493162,0.1465228787179395,-0.02041709963362932,-0.39601147458339914,-0.4361356987822299,-0.10859117497217821,-3.151359185052922
Psi_C2_psi_F1_BL1,500.00000001182343,baseline,42787.14355569928,0.3016530410069398,40812.44006444164,0.28773121160392173,22902.219482963443,0.161462616541601,19908.530876630444,0.14035685446256432,6720.529907385481,0.04738031369403916,141842.24171210965,,,,,183422.9589887124,0.23864671458652517,279668.10742848826,0.3638687074966842,151173.92602896542,0.19668835884486585,82225.33816722759,0.10698119209047563,18588.80695768444,0.02418540041548194,768596.2042532519,,,,,63519.24023587703,0.3711910322895782,65352.27221834225,0.38190282656269003,18868.283020465708,0.11026166915552504,10359.393289811009,0.06053778154239891,3712.9195137901906,0.02169740100816668,171122.77698110873,,,,,0.11924637109041214,0.11903355808133916,0.29127439856529236,0.43211968870669415,0.11239727586507797,0.13013078483185234,0.03381772339344025,0.24515330275056876,0.012134132906794548,0.07513031180551864,0.3986347019672394,0.6182049615708859,0.24000832438468933,0.4508447443978918,0.40008029341697693,0.1845577408665306,0.20763522386550903,0.334498158499838,0.13854780793190002,0.16960468628868933,0.04054468497633934,0.2278316661060983,0.11680890619754791,0.57331328480172,0.04774576053023338,0.28643149068227086,0.025792919099330902,0.16497761394482233,0.009151670150458813,0.0663042648604845,328,31.428361541882715,249.4268292623945,215.99999999489228,13.065127613839977,3.057452784818516,0.7023912750907713,0.5487718631191663,24.33043619869739,C2,psi,none,psi,F1,F,BL1,within,C2_F1,C2_psi_F1,0.0,0.0,0.0,0.0,0.0,0.0,0.0,0.0,0.0,0.0,0.0,,,,,0.0,0.0,0.0,0.0,0.0,0.0,0.0,0.0,0.0,0.0,0.0,,,,,0.0,0.0,0.0,0.0,0.0,0.0,0.0,0.0,0.0,0.0,0.0,,,,,0.0,0.0,0.0,0.0,0.0,0.0,0.0,0.0,0.0,0.0,0.0,0.0,0.0,0.0,0.0,0.0,0.0,0.0,0.0,0.0,0.0,0.0,0.0,0.0,0.0,0.0,0.0,0.0,0.0,0.0,0.0,0.0,0.0,0.0,0.0,0.0,0.0,0.0
Psi_C2_psi_F1_BL2,500.0000000011653,baseline,74283.57617204812,0.3142848601637485,94761.70129416615,0.4009253400931783,21913.876342824507,0.0927149703468616,16576.872863808167,0.07013475169649391,6461.010575309551,0.027335757240262597,236357.4756141449,,,,,398597.945313429,0.29562708310845637,568449.8769544497,0.4216007156917555,182166.66699261204,0.13510706975739412,63659.50560012394,0.04721417702716152,14672.70250514589,0.010882264431904189,1348313.3585808708,,,,,91045.4882814622,0.3149068490457551,140176.21997102982,0.48483952994746593,16977.83200077199,0.05872268554882235,7675.255779284244,0.026547066292869202,3887.117676743984,0.013444707723125466,289118.79356499336,,,,,0.2750159800052643,0.2773272312459328,0.2584041357040405,0.1164794565490778,0.13267549872398376,0.13128650758364652,0.03092518262565136,0.23779035072156893,0.012943001464009285,0.0882463715318961,0.5126487612724304,0.4975301930141685,0.43171536922454834,0.3244985873181919,0.3828350901603699,0.13287512815133817,0.19951267540454865,0.4004058129636378,0.12599869072437286,0.28611118985520195,0.03418640047311783,0.1318892449071963,0.04776987433433533,0.1630713653435482,0.02905283309519291,0.20086828257628417,0.01234010886400938,0.08908769112607698,0.009776236489415169,0.08692291640445983,146,26.84234717334278,230.26027397206622,207.99999999951524,10.301210356978709,3.011661340156704,0.8164881314267264,0.6068058240538635,23.966039460235073,C2,psi,none,psi,F1,F,BL2,within,C2_F1,C2_psi_F1,2.3957950923695677,0.1781575268271255,3.6584028834902376,1.440765317947794,-0.191583657529676,-2.409221223072119,-0.7953660636262445,-3.013003629168688,-0.17103066221321098,-2.3886682277556543,2.2176375655424434,,,,,3.3708136044829926,0.9298875843140141,3.0804923335016836,0.6395663133327045,0.8099202037258051,-1.631005816443173,-1.111424068467871,-3.5523500886368495,-1.0274140521251596,-3.468340072294139,2.440926020168979,,,,,1.5635313461285358,-0.7141536903036703,3.3141365244023517,1.0364514879701456,-0.45850150121085115,-2.736186537643057,-1.3024146384875122,-3.580099674919718,0.19912153473909494,-2.0785635016931114,2.2776850364322057,,,,,3.6291275811397568,3.673231003384671,-0.520028540124776,-5.6935471884596325,0.7203494329542237,0.038400465338197735,-0.38832094581925347,-0.13243521083019344,0.2802625277724203,0.6988166608311999,1.0924481007904554,-0.9431304490254339,2.5497120504661015,-1.428142008987324,-0.19135422259516074,-1.4268856904924665,-0.173305380312308,0.7810664259624587,-0.4123362656904866,2.2709699553751768,-0.7408055457112472,-2.374047042745911,-3.8832185839317463,-5.460142979301724,-2.1574632635958486,-1.5410939684173819,-3.2018150491200394,-2.6760731462599923,0.28671340059345307,1.1759282493643988,-0.685012513501896,-0.3472414889285485,-0.1639041617891182,-1.032254002430445,-0.06553625028869857,0.6537076791364994,0.4365790451904744,-0.06553625028869857
Psi_C2_psi_F1_EZM,500.00000001182343,baseline,41764.083985362595,0.24595366700664203,74095.75891288495,0.4363587531490286,22396.86434989485,0.13189780286424124,14496.011412009655,0.08536873848360908,5470.992977271706,0.03221932954160253,169804.68107529677,,,,,230648.88672420412,0.21802867869386983,488263.7255974835,0.4615478377463775,167663.97998443348,0.15849006054068832,84425.25630387629,0.0798058353619351,15950.448778529646,0.015077702394962943,1057883.2477724368,,,,,72343.74218921071,0.3391905540157249,93458.29760963187,0.43818816644385966,17885.611236995206,0.08385839881657452,8285.142624097287,0.03884568356191523,3247.5372236542935,0.015226388858859321,213283.48131374214,,,,,0.1920987218618393,0.07313879534776448,0.41468650102615356,0.20465455135149224,0.13750407099723816,0.13739651993388935,0.04958873614668846,0.15069494889840795,0.010308069176971912,0.07116181907019925,0.40715232491493225,0.5915599780085659,0.3918422758579254,0.46275415534873443,0.35130125284194946,0.11299510461025689,0.16466791927814484,0.2630168220039123,0.11599141359329224,0.17653326160134403,0.021603969857096672,0.2248780239087752,0.15649406611919403,0.4530023014445207,0.0283214058727026,0.14527502580319968,0.014716778881847858,0.08211554923369929,0.009889869019389153,0.06854576615451372,320,30.39860166504227,226.3812499946468,203.99999999517604,11.46945573836937,3.018096532946366,0.7577435036213515,0.6045550966869373,24.017249097346276,C2,psi,none,psi,F1,F,EZM,within,C2_F1,C2_psi_F1,-0.10510333775466416,-0.8865440587119272,2.590007897462648,1.8085671765053857,-0.09690352770212145,-0.8783442486593844,-1.3779069079830895,-2.159347628940353,-0.8933736080580903,-1.6748143290153537,0.7814407209572627,,,,,0.9949766750745987,-0.3924183700898727,2.4201151713490763,1.0327201261846053,0.44962879197025934,-0.9377662531942116,0.11466719493455738,-1.2727278502299137,-0.6647861056524327,-2.052181150816904,1.3873950451644714,,,,,0.5649567536219825,-0.3915372617189849,1.5535717380024257,0.5970777226614579,-0.2322859529174502,-1.1887799682584175,-0.9703433222478088,-1.9268373375887768,-0.5816139727197498,-1.5381079880607174,0.9564940153409678,,,,,2.070793038229876,-2.115216125713702,1.5341758415327855,-3.245826471127531,0.8755977073088297,0.23595683709276133,1.6623867212399182,-2.1133905295302577,-0.7083142310144731,-0.23568150067433902,0.09181816803359623,-0.19133702164194122,2.128849852856444,0.11323315865895853,-0.5646746143461404,-2.1307263687992073,-1.0069203260307098,-1.0441020526368534,-0.7717381764110358,0.17388697314341336,-2.7340036772996603,-0.05667069813837898,1.2702191758365338,-1.0229159693334648,-2.2682000759755354,-2.948298019603117,-2.4368773126250973,-3.0299961612646604,0.33690181225040744,0.1443917077987098,-0.14468133954961693,-0.42102712351720684,-0.24823583725032153,-0.5657084630668239,-0.05626632655898852,0.3294311346322918,0.42044050903969016,-0.056266326558988035
Psi_C2_psi_F1_inj,500.00000001182343,baseline,36176.78564538671,0.24900598864975101,52604.396363548614,0.3620777658973458,20869.480347173187,0.14364530993419217,19075.82759139347,0.1312995398559643,7425.085724052533,0.051107105801220486,145284.8015485787,,,,,177565.52930107387,0.22287944988925673,312994.78614021384,0.3928696410149159,158199.1093787409,0.19857080712732056,70870.81211257676,0.08895672307023869,16239.306721117653,0.020383504404442553,796688.6556355993,,,,,67711.76562660118,0.3289157908032467,92353.92285374638,0.44861721280072897,17752.3975834276,0.08623381528708525,9433.864357217713,0.045825816631279895,4431.262974843859,0.02152524531209859,205863.52957163285,,,,,0.16470520198345184,0.11552031410556159,0.32550501823425293,0.3192417887780448,0.1202685683965683,0.09022578758626729,0.04124146327376366,0.3103955162907866,0.015074643306434155,0.08803504479142907,0.4520210027694702,0.6259594836632524,0.34978753328323364,0.40215610722602246,0.4084639549255371,0.1639572611996906,0.21624401211738586,0.38806215331271693,0.13523748517036438,0.27673395153364994,0.02003812976181507,0.15541181265710025,0.08416930586099625,0.45052358980452856,0.039484668523073196,0.2613722235908136,0.017753375694155693,0.14238217243574214,0.00889611430466175,0.06533229038825127,253,24.891366730112257,223.50197627929987,203.99999999517604,9.272116094121508,3.1087732720654238,0.7325481423739023,0.5951706100249148,24.738831660058892,C2,psi,none,psi,F1,F,inj,within,C2_F1,C2_psi_F1,-0.7288331760338083,-0.8329791575772603,1.1022948059664248,0.9981488244229731,-0.403659371952645,-0.5078053534960969,-0.1855582443327905,-0.2897042258762432,0.4329795392168512,0.3288335576733986,0.1041459815434524,,,,,-0.14095034952271293,-0.29685432720331845,0.4889415967653712,0.3330376190847666,0.19727142229117423,0.04136744461056943,-0.6453825888177058,-0.801286566498311,-0.586840326924843,-0.7427443046054477,0.15590397768060485,,,,,0.2775884366299315,-0.5251275155368053,1.5019465532909106,0.6992306011241725,-0.2647536614277585,-1.0674696135944959,-0.4064469363602547,-1.2091628885269925,0.7681198917353118,-0.034596060431426004,0.8027159521667373,,,,,1.4026214452126042,-0.13011054372248337,0.48255374188311606,-1.3148431897359885,0.2939635591373531,-1.5904936733729822,0.8618969835928519,1.0247769066626147,0.9423829721378272,0.68840398283674,0.545835121677961,0.054137373513189535,1.6357802187745751,-0.49632342994028933,0.0900657800984703,-0.5140161034003685,0.17643060064692687,0.6450755799456704,-0.10502572697614063,2.1262459657340456,-3.060767457319489,-1.6613006021562007,-1.4232221161143985,-1.046744694077579,-0.8250631907182444,-0.39761330623096836,-1.6221955231472944,-0.6396940313361807,-0.12300004200005077,-0.06413580493576565,-1.0127299707073567,-0.4766179829647916,-0.24823583725032153,-1.489347953672148,0.072292902878796,0.18257063142133154,0.35249641352058536,0.072292902878796
Psi_C2_psi_F3_BL1,500.00000001182343,baseline,44451.14111433238,0.3075995915407054,34462.7603767915,0.23848051477464272,20966.444305915713,0.14508670740246046,27399.40949314059,0.18960249292293457,9786.55727028147,0.06772246883798619,144509.75338323897,,,,,239538.15234941433,0.25552460753822853,286869.3711005335,0.3060146483816756,187488.6171919335,0.2000013561763248,132220.24287727213,0.1410444446467186,28428.63041754237,0.030325919103256455,937436.729312176,,,,,104070.07617433593,0.4718092025340684,64909.44116364427,0.2942716369405641,20484.390411861343,0.09286746257806788,12343.483650499404,0.05596007413195877,5664.002553596919,0.025678164427273623,220576.6136297887,,,,,0.022665783762931824,0.15891731395902128,0.10738371312618256,0.36168744693386323,0.06590719521045685,0.0896601586107359,0.03945076838135719,0.31395483341692193,0.010877390392124653,0.08696003700736714,0.5191938281059265,0.5577632629156051,0.24199211597442627,0.357964888287134,0.3655244708061218,0.1346354848909509,0.1867738515138626,0.3792473243192505,0.10780835151672363,0.22902507909179368,0.012826353311538696,0.15245083002365348,0.08055676519870758,0.4916966063535634,0.04166092723608017,0.21062852409279897,0.02641919068992138,0.17236021503420898,0.009120774455368519,0.05781177553670651,292,28.556340094950308,241.03424656964276,211.99999999498687,11.471759865954713,-3.124473013188223,0.580849353734221,0.5051434967707787,-24.86376623030672,C2,psi,none,psi,F3,F,BL1,within,C2_F3,C2_psi_F3,0.0,0.0,0.0,0.0,0.0,0.0,0.0,0.0,0.0,0.0,0.0,,,,,0.0,0.0,0.0,0.0,0.0,0.0,0.0,0.0,0.0,0.0,0.0,,,,,0.0,0.0,0.0,0.0,0.0,0.0,0.0,0.0,0.0,0.0,0.0,,,,,0.0,0.0,0.0,0.0,0.0,0.0,0.0,0.0,0.0,0.0,0.0,0.0,0.0,0.0,0.0,0.0,0.0,0.0,0.0,0.0,0.0,0.0,0.0,0.0,0.0,0.0,0.0,0.0,0.0,0.0,0.0,0.0,0.0,0.0,0.0,0.0,0.0,0.0
Psi_C2_psi_F3_BL2,500.0000000000551,baseline,39659.96484375437,0.24954414520225657,55238.37451172483,0.3475649311388951,20199.57293701394,0.12709757010315612,21224.65007782216,0.13354744972047616,9864.98063278307,0.06207136514475105,158929.6547575172,,,,,288732.0742187818,0.23959202466796947,457494.97460942535,0.379632735776479,218091.6513672115,0.18097407589936582,119325.79515839939,0.09901743314964408,24561.31198311123,0.020381159531574083,1205098.8534318344,,,,,111661.08203126228,0.40541668966128414,100842.26904297987,0.3661359727992896,20684.31991577376,0.07510019028653302,10341.7898139965,0.03754875123267558,6564.6106576926795,0.02383464922014481,275423.00274947344,,,,,0.07662154734134674,0.047311477717082696,0.12926436960697174,0.2040638315857678,0.09483148902654648,0.07380845722946475,0.039067454636096954,0.2835295567945432,0.018433181568980217,0.1065979931747996,0.5448763966560364,0.6599896437003502,0.3481273949146271,0.38625152173555377,0.35271599888801575,0.14154561426031512,0.17321886122226715,0.36808020110263107,0.1277063488960266,0.2922041627373627,0.04149859398603439,0.3067417527969911,0.0656648576259613,0.3958827150840817,0.035382725298404694,0.12499360314473593,0.02420789562165737,0.16306346183447204,0.01209924928843975,0.08942048108902365,135,26.77579732374548,224.02962962960626,204.00000000000773,9.997619929126838,3.114439491453979,0.6438074281419797,0.5254327445913632,24.783922001275474,C2,psi,none,psi,F3,F,BL2,within,C2_F3,C2_psi_F3,-0.49530589419054616,-0.9083836951654013,2.0489082984523197,1.6358304974774631,-0.16182597204556393,-0.5749037730204208,-1.1090066415078441,-1.5220844424827005,0.03466295061462639,-0.37841485036023037,0.41307780097485614,,,,,0.811203354386441,-0.2796037238570248,2.027021465694527,0.9362143874510614,0.656641349566061,-0.43416572867740466,-0.44563613505581723,-1.536443213299283,-0.635043759038073,-1.725850837281539,1.0908070782434656,,,,,0.30575959541226305,-0.6586478426066571,1.9133473903732312,0.948939952354312,0.042182017472164636,-0.922225420546756,-0.7684203919056837,-1.7328278299246038,0.6408553301588356,-0.32355210786008504,0.9644074380189199,,,,,5.289801769612886,-5.262047030178795,0.8054041560106315,-2.485673991053915,1.580197399101364,-0.8449337516178056,-0.042403498320260566,-0.44268834514071237,2.2907558521521776,0.8842931279332843,0.20968474067569468,0.730872147555398,1.579369831864092,0.3302977337231401,-0.15491297695970954,0.21736878654132247,-0.3272089545149607,-0.12980067881969948,0.7356008331382297,1.058033568036463,5.099301839151512,3.036431016716479,-0.887690115949542,-0.9413067071160353,-0.7093765098806768,-2.266293971074323,-0.37962471443583046,-0.24080369086211373,1.227267085274775,1.8942069428255326,-0.27960133575363605,-0.31773291387506203,-0.16705693492566515,-0.597334249628697,6.238912504642202,0.4469247270745729,0.17102367969802523,49.647688231582194
Psi_C2_psi_F3_EZM,500.00000001182343,baseline,39081.36718842415,0.23775492857854522,63426.46386868734,0.385860461697361,24483.168366057464,0.14894550434184045,16893.263225954892,0.10277165003928365,7457.664880928913,0.045369359075369486,164376.68578345852,,,,,416268.2578223434,0.25865925562657904,628372.156264859,0.3904556043888983,291198.1611396984,0.18094365396548887,135487.45630203196,0.08418870268215099,24855.22181760435,0.01544444730762742,1609330.610706238,,,,,100815.80859613398,0.3922372077995689,97122.66797104667,0.37786855682144294,21176.12295582302,0.08238850092931646,9190.888233402151,0.0357583635747957,4794.558234804995,0.018653861540564552,257027.65212333022,,,,,0.026084432378411293,0.08165472940781193,0.11417832970619202,0.14547929964710288,0.10582800954580307,0.147900096489547,0.044737864285707474,0.1894322113978653,0.00916038267314434,0.07589685155562513,0.3932434022426605,0.33477623775260507,0.2982485592365265,0.2447224247235899,0.32280731201171875,0.2463380237253494,0.14845404028892517,0.21621609556692628,0.10697086155414581,0.21281404825036185,0.01384058129042387,0.19944979410490873,0.11026984453201294,0.4632885946498124,0.04502390697598457,0.08899359456048879,0.010785618796944618,0.08829255911504746,0.007010231725871563,0.0574617063437096,450,42.77485219013337,259.1155555494283,226.99999999463216,18.47271598131848,2.8537487854181665,0.6730890899977388,0.5387943287742286,22.709411277089686,C2,psi,none,psi,F3,F,EZM,within,C2_F3,C2_psi_F3,-0.5591316602035885,-1.1185622595405462,2.6492043907446416,2.0897737914076844,0.673428343292153,0.11399774395519577,-2.1002765392447555,-2.6597071385817133,-1.1802707798508547,-1.7397013791878133,0.5594305993369577,,,,,2.3999860004686413,0.05295293495664356,3.405327514990344,1.0582944494783468,1.9121372218414625,-0.43489584367053524,0.106011386378534,-2.241021679133463,-0.5833829424666169,-2.930416007978614,2.3470330655119978,,,,,-0.13797234702710157,-0.8021761879236443,1.7501273391648438,1.0859234982683015,0.14423405506232284,-0.5199697858342194,-1.2808026127770475,-1.94500645367359,-0.7237484253629776,-1.3879522662595205,0.6642038408965428,,,,,0.6101064933123578,-2.8918987198778145,0.2664526853235791,-3.9553223434106135,2.0566779791004968,2.173689545226388,0.546197813619314,-2.1941334435274027,-0.7461109913307827,-0.5909595555619088,-1.206680763137186,-2.2169528164711543,0.9077713734458014,-1.6516666306472647,-0.539730935218936,2.62371914127465,-0.9972405283518566,-2.440345048306681,-0.03386911681107838,-0.3188274863902799,0.33051131719238525,1.1670379907851531,1.363547437072562,-0.2584560206982995,0.33714246763519423,-3.741584357834273,-3.8907444288395565,-2.9051292242942486,-1.1429934236129515,-0.02637789432588769,1.7548597190086213,0.3141473359586547,0.29689996264371254,2.069007054967276,5.9782217986063895,0.64009040710448,0.2800824954681187,47.57317750739641
Psi_C2_psi_F3_inj,500.00000001182343,baseline,36387.38378992295,0.24881666886963721,44945.319825281564,0.30733577398065265,19628.685120093065,0.1342208077961659,25538.019745476937,0.17462879549906896,10376.087593323977,0.07095161239883989,146241.74479639638,,,,,253050.74609973386,0.2447663718691898,373802.45411040174,0.361564910985649,199887.78540511735,0.19334385995169062,103401.58647400273,0.10001642578356562,24462.879982573104,0.023662014323585293,1033846.0474258754,,,,,97360.41992417726,0.394029774212369,93143.55554419474,0.3769635976200464,19162.11514327539,0.07755147224320093,10363.260036713564,0.04194140715036382,5936.094418666066,0.024024115192928176,247088.99249756496,,,,,0.024552874267101288,0.1179624046198805,0.09434666484594345,0.19496103997938982,0.07257011532783508,0.09239920437874616,0.07172700762748718,0.44207518994689415,0.01793677918612957,0.10449136981446902,0.44999226927757263,0.5098038346940412,0.33743810653686523,0.2749787211862961,0.3176800608634949,0.10923014867303747,0.18401949107646942,0.3863736996916387,0.12387776374816895,0.3103504153215532,0.027873827144503593,0.20519255194320607,0.04967573285102844,0.2956217536516653,0.03272697702050209,0.16647981480210747,0.017853550612926483,0.11629801871207293,0.008344681933522224,0.06861031277692832,250,24.626821564484025,237.2879999943889,205.99999999512875,9.739415392091836,-3.0437906189143007,0.6860108917309269,0.5469635869235813,-24.221716136847522,C2,psi,none,psi,F3,F,inj,within,C2_F3,C2_psi_F3,-0.8693208286527976,-0.9210628293371016,1.1533441480477296,1.101602147363425,-0.2863357661820626,-0.33807776686636715,-0.30553984670615475,-0.35728184739045904,0.25403687430208316,0.20229487361777818,0.05174200068430382,,,,,0.2383292677834059,-0.18680979501930217,1.1495796699215097,0.7244406071188015,0.2781135040358466,-0.1470255587668606,-1.0677074846766532,-1.4928465474793606,-0.6524835292443083,-1.077622592047016,0.42513906280270786,,,,,-0.2894343406780687,-0.7823736763558811,1.5684494202222483,1.0755100845444352,-0.28979598986127064,-0.7827353255390828,-0.7594135045418817,-1.2523528402196948,0.20377359669626666,-0.28916573898154585,0.49293933567781234,,,,,0.3473159867421044,-1.2942759904191807,-0.5621186450571759,-2.68385603151678,0.4182498334485629,0.13068728852747036,2.596272465537571,1.4862896868080542,2.172197459696759,0.7976070663588439,-0.6212446836627181,-0.3904680819476247,1.4439290841398909,-1.145413421699931,-0.6092649976543858,-0.9081701402618654,-0.06452249295909979,0.08085031074136066,0.6034095148384132,1.3196928911632753,3.370934037859688,1.2903179951359822,-2.099577357175266,-2.209608219029782,-1.0482304016485506,-1.021556005155818,-1.7019491049631894,-1.708647112160048,-0.3862192860221633,0.7437309137551662,-0.6429418191324561,-0.0680297642515846,-0.12468640559598032,-0.7109715833840413,0.08068239427392232,0.7226750052662385,0.3454364871012596,0.6420500934591971
Psi_C2_psi_M1_BL1,500.00000001182343,baseline,33026.171875780965,0.2857747271386272,32342.623535921044,0.2798599986304534,16877.472809236988,0.14604039502338623,19128.903427576362,0.1655219738466137,7188.399505785218,0.062201060269890474,115567.15391336971,,,,,197950.96094218091,0.22596413530271925,352784.6552817798,0.4027092326270623,140264.50928066057,0.16011414343435473,111720.7320659353,0.12753097280512607,19725.577330102067,0.022517056767637267,876028.2275635924,,,,,25.575570583948288,0.2438362999266717,17.571642816482257,0.16752722501108977,17.366882145815488,0.16557504630438188,19.09764386386136,0.18207604799260635,20.218926957355226,0.1927663088331396,104.88828198114706,,,,,0.08504828065633774,0.12245671616183564,0.2046494036912918,0.5203005261476754,0.05856577679514885,0.1295873746433165,0.03210064396262169,0.2726873026930208,0.02500079572200775,0.08454427997181005,0.0011455658823251724,0.043592171960759867,0.004044895060360432,0.061359286286888144,0.002088437555357814,0.05271611937559084,0.0015930556692183018,0.039271303767201074,0.0020825897809118032,0.05190778297077876,0.0011002335231751204,0.032420856332617154,0.0017323244828730822,0.044164851047627185,0.0014032359467819333,0.03961713191407145,0.0017419279320165515,0.04533010025029248,0.001482131308875978,0.04240513708120113,296,28.864907034878378,217.79729729214705,193.9999999954125,10.47783123130932,3.0773699168911275,0.515962745788337,0.5137579634856255,24.488931699775904,C2,psi,none,psi,M1,M,BL1,within,C2_M1,C2_psi_M1,0.0,0.0,0.0,0.0,0.0,0.0,0.0,0.0,0.0,0.0,0.0,,,,,0.0,0.0,0.0,0.0,0.0,0.0,0.0,0.0,0.0,0.0,0.0,,,,,0.0,0.0,0.0,0.0,0.0,0.0,0.0,0.0,0.0,0.0,0.0,,,,,0.0,0.0,0.0,0.0,0.0,0.0,0.0,0.0,0.0,0.0,0.0,0.0,0.0,0.0,0.0,0.0,0.0,0.0,0.0,0.0,0.0,0.0,0.0,0.0,0.0,0.0,0.0,0.0,0.0,0.0,0.0,0.0,0.0,0.0,0.0,0.0,0.0,0.0
Psi_C2_psi_M1_BL2,500.0000000002771,baseline,45270.69726565009,0.30242820069212073,55007.197753936736,0.36747231314374723,17020.989776620765,0.1137077099108047,15152.704689034275,0.10122674249598594,6840.021202091193,0.04569435484295033,149690.72712811184,,,,,363481.7578127015,0.2717111250922146,543323.8964846763,0.4061473348530688,201867.79541026813,0.15090090391571306,102994.40209966645,0.0769907272406242,20515.202976238175,0.015335594599608926,1337750.7368877197,,,,,23.003939867032404,0.22625412314111837,16.830571651468063,0.16553626261317103,17.134028017530397,0.1685208928292072,19.79742482678199,0.1947166016137568,20.0761130107678,0.19745762558886573,101.67301946884068,,,,,0.23569099605083466,0.18897647107277657,0.2008817195892334,0.24474024813973563,0.08570020645856857,0.08995070606443559,0.02569950558245182,0.22189256116053774,0.0186318252235651,0.07717688570200136,0.004865175113081932,0.07353866210143607,0.005245521664619446,0.046722319907311974,0.0033253980800509453,0.06757794509830224,0.002972069662064314,0.057630561853190786,0.0034290843177586794,0.05733370915850593,0.004198288079351187,0.07440672561474353,0.003917076624929905,0.06782463616308074,0.003011167049407959,0.055285648396755566,0.0026920908130705357,0.05405572456376316,0.0037541822530329227,0.07417180079202032,145,28.332117548994443,221.17241379298193,203.99999999989404,10.443804710296007,3.1247268949890565,0.6666406279571637,0.5325673122206128,24.865786557484906,C2,psi,none,psi,M1,M,BL2,within,C2_M1,C2_psi_M1,1.3695894687358414,0.24598466865417143,2.3064427548016058,1.1828379547199352,0.036773938784441546,-1.086830861297229,-1.0119991527518777,-2.135603952833548,-0.21574757747099654,-1.3393523775526663,1.1236048000816703,,,,,2.6392500529920273,0.8006790674630165,1.8754911980245068,0.03692021249549605,1.58119243473004,-0.2573785507989704,-0.35320152024735973,-2.191772505776369,0.17046095168502864,-1.6681100338439818,1.8385709855290102,,,,,-0.46023107814000813,-0.3250185723146143,-0.18713499595215757,-0.05192249012676385,-0.058623843881085165,0.07658866194430905,0.15628912289825375,0.2915016287236478,-0.030784716279046664,0.10442778954634671,-0.13521250582539387,,,,,4.426774534716472,1.8842512568138527,-0.08070066161437627,-3.2754886904347758,1.65337960190109,-1.5855811475587855,-0.9658897648259868,-0.8952217312453513,-1.276984299267427,-0.39596980163404505,6.2807840568698134,2.2710721634005067,1.128814261773241,-1.1835590068458817,2.0202214739009734,1.0786154889399218,2.708280321393673,1.6657753399240993,2.16574431099041,0.431775588604402,5.815873624167661,3.607877114534004,3.543328239025478,1.8631070266635033,3.3160414786344306,1.4472937586517327,1.8905952280180682,0.7645501348425585,4.036286708393387,2.428203517564408,-0.08091128102775005,0.06678471522274888,0.21828437505716877,-0.014126565805000454,0.06632361476718979,1.1127343264575604,0.1561594020475171,0.06632361476718979
Psi_C2_psi_M1_EZM,500.00000001182343,baseline,36963.23388759281,0.2741013134159314,54039.18933233255,0.40072827006882783,17787.485962334682,0.13190331991703594,11726.926769533897,0.08696116902641006,5174.714574936209,0.03837315928189609,134852.4508217275,,,,,354503.6406333829,0.2492030656314566,609164.9941550299,0.42822066297421985,212128.4599659537,0.14911853214468052,125403.67387686677,0.08815418627500485,19662.644030082272,0.013822118052051224,1422549.2761700372,,,,,25.337301731708767,0.23829285901815356,17.622502327382048,0.1657365297659392,18.389380634265876,0.17294888513832102,19.659415353554454,0.1848933379263955,20.38579440165088,0.19172480490478985,106.32841385221086,,,,,0.19548900425434113,0.06846681104033764,0.30976587533950806,0.20380443835832568,0.10128962993621826,0.10698974450329071,0.027787597849965096,0.13538460583160025,0.012429761700332165,0.06377236884977151,0.0029557710513472557,0.05442554320360993,0.003945736214518547,0.052811937652984295,0.0028401820454746485,0.07157840744312284,0.001701599801890552,0.03627120800075563,0.001974401529878378,0.04910380838902621,0.0026510299649089575,0.05366646388562462,0.0017949820030480623,0.043979385651001936,0.001762981410138309,0.052252268217776086,0.0015385254519060254,0.044044648528790115,0.001922659226693213,0.04668331750124668,325,30.797221617535012,235.45230768674,207.99999999508145,12.08546150031429,2.961814977940885,0.6805679187258736,0.5452449576214137,23.56937471314524,C2,psi,none,psi,M1,M,EZM,within,C2_M1,C2_psi_M1,0.4891172359417729,-0.18112702192472965,2.229335796843443,1.55909153897694,0.22807153369300212,-0.4421727241735007,-2.125058614806999,-2.7953028726735014,-1.4274580552763356,-2.0977023131428383,0.6702442578665025,,,,,2.530630852482258,0.4251386656632018,2.3722525171965576,0.266760330377502,1.7965114237182522,-0.3089807631008036,0.5017648713381996,-1.603727315480855,-0.013878061634026495,-2.1193702484530816,2.1054921868190557,,,,,-0.04064968189666414,-0.09987331614749465,0.012552099345867679,-0.046671534904963494,0.24845245066116722,0.18922881641033593,0.12590808030808257,0.06668444605725214,0.03569536537246503,-0.023528268878365653,0.059223634250830666,,,,,3.6145679618793443,-2.525025087524188,1.8002308945092496,-4.070406274346013,2.379210764481485,-0.8322054102381299,-0.626627397459676,-3.040956312281308,-3.0349102900139098,-1.2245168045802677,4.11650720529976,0.9639426419849013,-0.10779211010483417,-0.6514819747955757,1.3352468334109067,1.3283859871620363,0.2862647387533663,-0.3451329978586396,-0.2316825414547381,-0.24117303753630845,3.8192976324630856,2.188784986235486,0.15430855293090034,-0.018276116561486123,0.9911703136659143,1.2022211592230292,-0.5392549797844388,-0.12493530812350676,1.1301563493039903,0.41743239682258965,0.28141375128272517,0.3385046518330731,0.3026160503253549,0.6199184031157988,-0.1662177895888138,1.202531277800475,0.2583309124992946,-0.1662177895888138
Psi_C2_psi_M1_inj,500.00000001182343,baseline,37704.07373136034,0.29407218355449405,43560.5930186082,0.33974999086785906,17540.894897875725,0.13680986571559228,14442.837509496803,0.11264662787904106,6359.776144178099,0.04960294929830537,128213.66943185723,,,,,317199.6875075008,0.2846412502750067,426386.38282258273,0.3826206578592156,179316.20019955278,0.16091058544361633,86570.12986960082,0.0776842820879834,20548.790129193803,0.018439593556895065,1114384.1140419308,,,,,21.7721123700522,0.21770082163904453,16.609568536674352,0.16608019727464599,16.98676586191291,0.16985181879803274,19.841161583088134,0.19839311434258303,20.126482207804006,0.20124605453393765,100.00932567058067,,,,,0.27483779191970825,0.13582060345198751,0.2401018589735031,0.3563090034657692,0.07271168380975723,0.0754622923421844,0.020828375592827797,0.2131032200150763,0.015764713287353516,0.0756636203299865,0.0021645205561071634,0.0691736083398199,0.002091705333441496,0.052011463149173834,0.002587214345112443,0.051025369204096456,0.0027425240259617567,0.04181781405778837,0.002015274716541171,0.051657977621122786,0.0022479344625025988,0.06903935831247952,0.0019421059405431151,0.046645013814724634,0.0016390945529565215,0.04863808372560694,0.0016266066813841462,0.05398907824036837,0.002351927338168025,0.06191733685656743,303,29.61404011811392,227.75577557217207,203.99999999517604,11.241281124877425,3.083840331131572,0.610309113243541,0.5367780842239842,24.54042162028685,C2,psi,none,psi,M1,M,inj,within,C2_M1,C2_psi_M1,0.5753003928938745,0.12430127548735953,1.2931853780072633,0.8421862606007477,0.16744329361144245,-0.2835558237950726,-1.2203754942303602,-1.6713746116368755,-0.5319037633847125,-0.9829028807912275,0.4509991174065151,,,,,2.047751364438514,1.002583243330121,0.8229363970594601,-0.22223172404893315,1.0667173070945901,0.021549185986196522,-1.107657037826815,-2.152825158935208,0.17756533552166154,-0.8676027855867314,1.0451681211083934,,,,,-0.6992476435474391,-0.49238291400924816,-0.24454015642050506,-0.037675426882314095,-0.09611156407116878,0.1107531654670213,0.16587303662925437,0.3727377661674453,-0.019902296545841004,0.18696243299234985,-0.2068647295381905,,,,,5.094109124069556,0.44983046631534573,0.6938503903452199,-1.644274685241565,0.9396029388464657,-2.3483269766012196,-1.8785834416347011,-1.0707490408552582,-2.002677549117874,-0.48197112339878556,2.7634164375986696,2.0053192251625744,-2.864067551047506,-0.7178122817751678,0.9301091624998782,-0.14157276950772438,2.359194884564682,0.27286007560226333,-0.14269476708512097,-0.020950803563149357,3.10298772028292,3.282722644769125,0.4964367338867308,0.23728455981434168,0.6747330553082022,0.890934244380414,-0.2974763131906739,0.7591923326328647,2.0053721875414245,1.6439379704641128,0.11127497282731597,0.1941691272247193,0.21828437495672726,0.305444100052036,0.009121799517293666,0.7293150970145956,0.19036209284387007,0.009121799517293666
Psi_C2_psi_M2_BL1,500.00000001182343,baseline,37008.701172750145,0.28618534499509585,33887.87719806697,0.2620522612185354,18969.8329777435,0.14669221083695344,23630.47789820283,0.18273260761379007,8047.6171209331,0.062231583631972495,129317.24779053355,,,,,295778.50781949423,0.2056509959509531,567703.3652477993,0.3947168552867482,289009.04053417797,0.20094427233014062,172552.6662485872,0.11997365166799172,22889.11107689624,0.015914504823549804,1438254.6821705457,,,,,28223.39721746427,0.2806945310702297,46384.00097765933,0.46131000117621274,10610.727127326105,0.10552851070231857,5971.764359615396,0.059391914576,3218.436302022746,0.03200881387931104,100548.44000648799,,,,,0.030960967764258385,0.10035953198161479,0.21269230544567108,0.6144147565198772,0.024779990315437317,0.0645168443577557,0.020150311291217804,0.16967434796797962,0.02283482626080513,0.13770286698963857,0.5069794058799744,0.5523455285298832,0.2700161933898926,0.6233311095688361,0.2343260645866394,0.14858794142772977,0.08312053233385086,0.29222090334162487,0.13168497383594513,0.11875196021645004,0.0308625977486372,0.2955927970229334,0.09870366007089615,0.48568968015134306,0.052387088537216187,0.18751125341063496,0.02897832542657852,0.19816302977412018,0.026671722531318665,0.1409241252386025,287,28.547272094970573,238.86411149260945,207.99999999508145,11.364864640838183,-3.0837307731288908,0.33028565045380626,0.4492893378945136,-24.539549785402752,C2,psi,none,psi,M2,M,BL1,within,C2_M2,C2_psi_M2,0.0,0.0,0.0,0.0,0.0,0.0,0.0,0.0,0.0,0.0,0.0,,,,,0.0,0.0,0.0,0.0,0.0,0.0,0.0,0.0,0.0,0.0,0.0,,,,,0.0,0.0,0.0,0.0,0.0,0.0,0.0,0.0,0.0,0.0,0.0,,,,,0.0,0.0,0.0,0.0,0.0,0.0,0.0,0.0,0.0,0.0,0.0,0.0,0.0,0.0,0.0,0.0,0.0,0.0,0.0,0.0,0.0,0.0,0.0,0.0,0.0,0.0,0.0,0.0,0.0,0.0,0.0,0.0,0.0,0.0,0.0,0.0,0.0,0.0
Psi_C2_psi_M2_BL2,500.0000000002771,baseline,40277.01757814732,0.3054677923582557,42065.97973635144,0.31903558744186106,15988.529968270579,0.12125974677706218,17294.57759095197,0.13116503540080798,8400.548746113667,0.06371119895097485,131853.56553371108,,,,,395842.8515627194,0.22290187890444998,661303.2343753666,0.37238447754184933,364666.36669942085,0.2053461821772494,193120.7073365328,0.10874762131165827,27585.603248611475,0.015533646169315594,1775861.4396086044,,,,,31969.610351580217,0.27337336061470735,59548.07861331425,0.5091978973045523,10054.992263799519,0.08598062334450349,5558.399191859465,0.04753008403937546,3179.856594564293,0.027191075335890415,116944.86353642268,,,,,0.05993811413645744,0.03264606432300995,0.1989409327507019,0.408860605752669,0.07707236707210541,0.10987128100943322,0.029834341257810593,0.16543358541090356,0.025504643097519875,0.16609175143708027,0.6225996613502502,0.6335981595990795,0.34952983260154724,0.5780439978826886,0.26541945338249207,0.07790993422333341,0.11697165668010712,0.26855052200830093,0.1393776834011078,0.17087553948855547,0.01844005100429058,0.22604354063111806,0.07328999042510986,0.40413447295720784,0.06531058996915817,0.22351546965183297,0.022721320390701294,0.16003385678103696,0.030419325456023216,0.14912746020186315,88,17.43299193725089,211.9318181817004,197.99999999988847,6.157676129347507,-2.9783812832905467,0.6160288885115198,0.5184829664071358,-23.70120518240366,C2,psi,none,psi,M2,M,BL2,within,C2_M2,C2_psi_M2,0.36753460833262647,0.28318035634386635,0.938866436449638,0.8545121844608773,-0.7425497181575453,-0.8269039701463063,-1.3556254569490584,-1.4399797089378186,0.18640350350353166,0.10204925151477084,0.08435425198876029,,,,,1.2655619289183506,0.3498291218660752,0.6627917814894959,-0.2529410255627794,1.009842818375508,0.09411001132323281,0.48907169122496735,-0.42666111582730704,0.8105355894241251,-0.10519721762814979,0.915732807052275,,,,,0.5412805499872549,-0.11477759467974055,1.0849954587321613,0.4289373140651647,-0.23363405274322413,-0.88969219741022,-0.3115292890167792,-0.9675874336837752,-0.05237383593378388,-0.7084319806007798,0.6560581446669964,,,,,2.8688854718701142,-4.87727795363809,-0.2902762891110249,-1.768863699486129,4.9279756507874986,2.312110710016707,1.7043469335618708,-0.10992506711332202,0.4802153893638517,0.8140508234289423,0.8921856199976106,0.5960306453442448,1.1209443856937868,-0.3275790640154792,0.5411215164849363,-2.8039072823666356,1.483723249666269,-0.3668527805995608,0.24657020035577776,1.580391115592973,-2.2367036049150495,-1.1650174575809953,-1.2928859226483187,-0.7983297810840913,0.9575934409872919,0.762802494629644,-1.05639719569513,-0.9281076192085678,0.5709851491166819,0.24572273732993233,-2.1419268518613626,-0.519547394117149,-0.21398144691205356,-2.6614742459785115,0.10534948983834402,2.7071137296533845,0.6220838073662233,0.8383446029990935
Psi_C2_psi_M2_EZM,500.00000001182343,baseline,26727.103272116387,0.2169582334467033,49213.07592889812,0.39948893478297026,19268.641418912674,0.15641389792984625,14087.112766598984,0.11435265053188096,6813.816584748222,0.05531140409065974,123190.08524136979,,,,,503778.14063691284,0.22841306137424672,834939.8164259938,0.3785617996287055,445070.999033962,0.20179523726399817,257946.10892333594,0.11695279262070665,29322.06990120607,0.013294629543665023,2205557.500109375,,,,,20043.447754380213,0.2118809236448634,47769.31872671553,0.5049733707361033,11663.549499787525,0.12329633460653001,6597.703809894175,0.06974486596848661,3022.104016852316,0.03194690845049781,94597.69860157547,,,,,0.022908179089426994,0.13057942757632637,0.28167515993118286,0.5435215410020903,0.0685272291302681,0.1622575976112323,0.04381738230586052,0.1496318188235987,0.011595617048442364,0.10527270390741705,0.4483110010623932,0.3229931437346794,0.34765976667404175,0.6537120734332174,0.24010972678661346,0.31919226740890205,0.10470866411924362,0.13454572381070917,0.11235339939594269,0.08645736010359244,0.020072389394044876,0.25227116550995937,0.12950651347637177,0.4991929070951317,0.08886196464300156,0.14558347586823425,0.03301737457513809,0.19952337347311364,0.014110478572547436,0.09573212829491368,325,31.699482405098436,237.57538460976667,203.99999999517604,12.551694540536321,3.058777231119498,0.5614514892597465,0.5257778665280146,24.340975807480444,C2,psi,none,psi,M2,M,EZM,within,C2_M2,C2_psi_M2,-1.4135195196778108,-1.2027125458540335,1.6203614562668187,1.831168430090596,0.06787587670739637,0.27868285053117375,-2.2465051368808515,-2.0356981630570745,-0.7227686691438948,-0.5119616953201174,-0.21080697382377706,,,,,2.3127270553497135,0.4559011749964803,1.675337034311477,-0.1814888460417555,1.8751786824125496,0.018352802059315925,1.7460730668541844,-0.11075281349904831,1.0756569802100495,-0.7811689001431837,1.8568258803532334,,,,,-1.4863685971740124,-1.221420936407284,0.1278084037066869,0.39275606447341416,0.41085590771017333,0.6758035684769016,0.43290152378776947,0.6978491845544966,-0.2733551006486983,-0.008407439881970255,-0.2649476607667275,,,,,-1.3082395756667715,1.1431613309626434,1.2199677082898692,-0.5324487683732249,4.417620393491301,4.005319244551849,3.373646691053807,-0.5459223398094586,-2.943038475096497,-1.166272045710595,-0.5341092201274821,-2.330175390224942,1.0976462394877102,0.20667703588737757,0.10589154794262633,3.3206879588080476,1.002743029295901,-3.368413795659894,-0.6895000470266964,-1.3783881655872294,-1.8683340497017338,-0.6882623333092143,1.1795835440737048,0.1190953018001128,2.2949164801203974,-1.0991525271461893,0.5666925149723508,0.02971145412042645,-2.765093209134445,-1.6792763353828462,0.4548755655286651,-0.023494623912415608,-0.08433167536862812,0.4313809416162492,6.142508004248389,2.3042253234392165,0.6827618737117301,48.880525592883195
Psi_C2_psi_M2_inj,500.00000001182343,baseline,31486.70898511956,0.2761165555177144,33213.51135332445,0.2912594122130235,15239.927917840845,0.13364357656435744,19269.983555295763,0.16898436374172443,8385.156707008278,0.07353199689778868,114034.12202532533,,,,,251784.7617247039,0.19366626675188198,516300.1875122088,0.39712462801109855,279601.24463551794,0.21506197935419996,141515.78242827315,0.10885024606580952,21975.035709900745,0.016902623886067402,1300096.1186869016,,,,,30380.4472663434,0.27969640840273347,54566.93676886846,0.5023683850994378,9043.559570526353,0.08325918011926732,5472.74055398531,0.050384573461018475,3145.324631288519,0.028957309117915955,108619.36854976967,,,,,0.057800013571977615,0.2466435732032365,0.2398303747177124,0.4735704898718548,0.05597317963838577,0.08997910975106575,0.021506138145923615,0.15642743919838414,0.02794029749929905,0.14819994333908024,0.5914029479026794,0.6906028386682133,0.35834285616874695,0.6275178096832799,0.23833008110523224,0.09884476989344826,0.09173012524843216,0.27806918186773294,0.12692339718341827,0.16068142728249463,0.05267956852912903,0.4134870275749903,0.0895862877368927,0.4493676505834112,0.06432110071182251,0.2822027979404549,0.02181391790509224,0.19193067306011455,0.02806367352604866,0.11282454102534682,160,15.599356526912157,221.38749999476485,196.99999999534157,5.755837571700167,-3.0707658096095396,0.6081246380514919,0.5124502846978158,-24.43637788384721,C2,psi,none,psi,M2,M,inj,within,C2_M2,C2_psi_M2,-0.7017657349940178,-0.15554943562996254,-0.08729572734610083,0.45892057201795355,-0.95080594233174,-0.4045896429676856,-0.8859116077311663,-0.3396953083671101,0.1784387747753175,0.7246550741393731,-0.5462162993640554,,,,,-0.6993717101400909,-0.26076836235871603,-0.41219185879691483,0.026411488984460003,-0.1437232787321033,0.2948800690492704,-0.861167974219676,-0.4225646264383016,-0.17699337227293788,0.2616099755084356,-0.4386033477813741,,,,,0.3198487524845451,-0.01547061505141534,0.7056136725760367,0.3702943050400751,-0.6940574240881715,-1.0293767916241328,-0.3789780247861071,-0.7142973923220681,-0.09979442220722343,-0.4351137897431846,0.3353193675359614,,,,,2.7111341318874493,3.9051117617430116,0.5215240725943379,-1.1307700580484557,3.5387884603282984,1.4446857489961165,0.28280671483527553,-0.35303253214318714,0.876333144126572,0.3190505518813642,0.668931668548786,0.9701751658848761,1.2290894049398482,0.029072536565100116,0.07358262000505075,-1.7702987119894007,0.4280367055781511,-0.21558419850061927,-0.15994534047163692,1.3132489360376998,2.3220973077637574,1.4576804187492374,-0.4209171648571131,-0.3375707086810373,0.891292049975217,1.7753397846480847,-1.2333961087052479,-0.1387824740296404,0.22093454927549686,-0.965817722261692,-2.624579303968289,-0.32997807353605213,-0.23597108801168637,-2.954557377504341,0.01296496351935117,2.651028933243214,0.5712562629153646,0.10317190155554101
Psi_C2_psi_M3_BL1,500.00000001182343,baseline,36206.76855554368,0.3042460163983088,37778.97631925273,0.3174573016950116,15755.308349981939,0.1323920911432754,16692.93298760787,0.1402709649631518,4795.586198443326,0.040297382378458514,119004.90591187552,,,,,139044.11914391298,0.21454909337309638,240231.3281306807,0.37068388053799056,123863.30078417898,0.191124652010197,86553.01875509846,0.13355380879784534,13470.584937414176,0.020785501776858298,648076.0042277045,,,,,63364.660157748374,0.3366085823601796,75797.70361507362,0.40265595201660787,18666.409180128903,0.0991605339038483,13143.092226339237,0.06981932249180005,6090.581950808543,0.03235466190627813,188244.3392068554,,,,,0.052729759365320206,0.15750919833519786,0.1555728167295456,0.4691174901351044,0.1055787056684494,0.15020450731601598,0.05608543008565903,0.3365726908874865,0.06033351272344589,0.09872042592506806,0.46544674038887024,0.4515392345248031,0.2900416851043701,0.4779370446547924,0.40296247601509094,0.15443842302647093,0.26324963569641113,0.545051903320154,0.2240915596485138,0.19431261720197512,0.008711365051567554,0.16755084690485011,0.06179121509194374,0.40661173093100594,0.027952583506703377,0.18747692366725,0.03450575843453407,0.17684560126575555,0.04752371832728386,0.0963555385591636,295,28.76449194174711,241.179661011246,211.99999999498687,11.562350692785474,3.0080102683041052,0.6933586205809396,0.5485893406001233,23.936985153588836,C2,psi,none,psi,M3,M,BL1,within,C2_M3,C2_psi_M3,0.0,0.0,0.0,0.0,0.0,0.0,0.0,0.0,0.0,0.0,0.0,,,,,0.0,0.0,0.0,0.0,0.0,0.0,0.0,0.0,0.0,0.0,0.0,,,,,0.0,0.0,0.0,0.0,0.0,0.0,0.0,0.0,0.0,0.0,0.0,,,,,0.0,0.0,0.0,0.0,0.0,0.0,0.0,0.0,0.0,0.0,0.0,0.0,0.0,0.0,0.0,0.0,0.0,0.0,0.0,0.0,0.0,0.0,0.0,0.0,0.0,0.0,0.0,0.0,0.0,0.0,0.0,0.0,0.0,0.0,0.0,0.0,0.0,0.0
Psi_C2_psi_M3_BL2,500.0000000000551,baseline,57693.86328125636,0.34735588918754584,63219.55639649132,0.3806242809411539,15929.641174318162,0.09590716169533192,10974.926563264149,0.0660764448476299,4588.636245251206,0.02762667868777057,166094.38641216198,,,,,281085.19921878097,0.25973240052883634,458050.6015625504,0.42325452438681677,176012.22265626938,0.16264135301320526,60600.08734131527,0.05599656688136746,13623.56853199155,0.01258864631939985,1082210.7624865768,,,,,98450.46679688584,0.34327977734315357,124631.36523438874,0.4345680492902196,19357.366821291194,0.06749579548537785,9915.738372803828,0.03457446746120184,7097.007478714771,0.024746039570560627,286793.66888097103,,,,,0.20016753673553467,0.34386722959828914,0.16309019923210144,0.20999425543118988,0.16215600073337555,0.11132415198050732,0.05307037755846977,0.26388014400722015,0.03537902235984802,0.14815416327071587,0.473900705575943,0.3362822800622108,0.37180957198143005,0.40865343703471724,0.36186379194259644,0.15830568724050703,0.2203877568244934,0.427412495435933,0.19662579894065857,0.41571927140377324,0.010607652366161346,0.14193070221420495,0.05397773161530495,0.21120785201899686,0.03641515225172043,0.1840343551222679,0.014696096070110798,0.11126073364051318,0.023512113839387894,0.12200839481078374,156,30.856871587945484,229.3333333333089,200.99999999998275,11.794182029169017,3.0276781262528782,0.7719848348357655,0.6032876229386095,24.09349699421766,C2,psi,none,psi,M3,M,BL2,within,C2_M3,C2_psi_M3,2.023398551647134,0.5754976587956461,2.2360125827204227,0.7881116898689344,0.047790858926051255,-1.400110033925437,-1.8213102702519408,-3.269211163103428,-0.19158070387109366,-1.6394815967225824,1.4479008928514883,,,,,3.0568535291250654,0.8299944576528533,2.802838155274049,0.5759790838018376,1.5260017800712058,-0.7008572914010052,-1.548089694883563,-3.774948766355774,0.04904426123008962,-2.177814810242122,2.2268590714722114,,,,,1.913706696899755,0.08523035038908901,2.1597130404320253,0.3312366939213595,0.15785498378092128,-1.6706213627297448,-1.2237249602676927,-3.052201306778359,0.6641647173497871,-1.1643116291608786,1.828476346510666,,,,,5.7933785535940725,3.3908486860634115,0.2049414834615397,-3.490742106688654,1.8635669126898946,-1.3009356956489424,-0.23997877226964243,-1.0567216250969125,-2.318127837053057,1.7630683963091869,0.0781736210286072,-1.2799150904663512,1.078601465352999,-0.6801553780524096,-0.4671947657678243,0.10741159084226995,-0.7718031431145702,-1.0559064589266307,-0.567849989681934,3.30299156126204,0.855330652796365,-0.7207027588540822,-0.5871210585697189,-2.8446984425945576,1.1486017650217828,-0.08048914811711377,-3.706895952728021,-2.0125234264458483,-3.056187373489915,1.0251303026842231,0.30495185558804266,-0.2187349688835326,-0.23139803498030134,0.08621688670451053,0.0283038879835528,0.46650849434244546,0.41277050649103203,0.02830388798355376
Psi_C2_psi_M3_EZM,500.00000001182343,baseline,41109.66357519087,0.3420413185412009,40119.92871188621,0.33380650978311566,16946.41925088901,0.14099788422068485,10026.53733086454,0.08342296557058501,4171.446767905648,0.03470734198807547,120189.17407558457,,,,,188905.95312946703,0.22322486261248012,351134.5595786157,0.414925853430945,146618.51782573268,0.1732549872351764,85167.66529284648,0.10064023959579375,16466.987757118517,0.019458577238192852,846258.5704774698,,,,,60526.79882955627,0.3047984529498384,87975.13037317408,0.44302167228956,21529.43576100715,0.10841707871114939,10635.276067985256,0.05355670140997793,5351.513408310599,0.026948938971424297,198579.74423353566,,,,,0.031418245285749435,0.19590278439508846,0.2009246051311493,0.42428885782789216,0.1538470983505249,0.22921403359167025,0.06232477352023125,0.20699749691379646,0.04101668670773506,0.08950009269518655,0.44690462946891785,0.5019651208487127,0.34718000888824463,0.5613800621896833,0.3802206516265869,0.3183033256305033,0.21633103489875793,0.3451855499595799,0.22565264999866486,0.14528172095946446,0.03390999510884285,0.30053234907004217,0.07956303656101227,0.3611628160539494,0.04844159260392189,0.18122974766196984,0.01888439804315567,0.15028739274735026,0.03908877819776535,0.09631772726392625,386,35.79432174790607,234.75647667838658,207.99999999508145,14.004914764384958,2.855776883805219,0.736910219780022,0.5843379455124321,22.72555037125849,C2,psi,none,psi,M3,M,EZM,within,C2_M3,C2_psi_M3,0.5515415682535323,0.50853671368303,0.2610996680828919,0.21809481351238902,0.31651039310118123,0.27350553853068005,-2.213816748260325,-2.256821602830826,-0.6055499574389485,-0.64855481200945,0.04300485457050186,,,,,1.3309301922240357,0.1721588068227703,1.6484393365016028,0.4896679511003374,0.7324617571674753,-0.42630962823379054,-0.07007477528580375,-1.228846160687069,0.8722770797470641,-0.2864943056542021,1.1587713854012653,,,,,-0.1989940462532787,-0.4311242644881263,0.6470387075832587,0.41490848934841074,0.6197186645165196,0.38758844628167255,-0.9194878769588779,-1.1516180951937252,-0.5618217325044658,-0.7939519507393129,0.23213021823484806,,,,,-2.248738634513023,0.9473468762292513,1.1109940858182323,-0.43619998087444517,1.6351297609575501,1.8355823860564482,0.4581065444385706,-2.111137810778032,-1.6759803592384135,-0.4258353532358044,-0.17655139679981197,0.4597804874399274,0.7809429028221906,0.698862905287525,-0.2522890458493079,3.1408581776400073,-0.8524895095800167,-1.9838525340224469,0.03014938861253048,-1.262900256202312,5.902415138142818,2.5374459860981653,1.0978461435100038,-0.5147687343393985,2.387964593361422,-0.14718332760160627,-2.617884317495069,-0.7067171176513666,-0.848583173026932,-0.0017045683028053817,0.9495742994048516,-0.11723097583651085,-0.08272525965989885,0.8323433235683403,-0.22555040591547784,0.264566600035823,0.2741672450968325,-0.22555040591547837
Psi_C2_psi_M3_inj,500.00000001182343,baseline,34942.38867270128,0.2900376626997076,42968.80542093795,0.35666055947181835,16228.424927141565,0.13470328200095372,13781.930769292574,0.11439627168184048,4848.207608814444,0.040242320475418536,120475.34912346578,,,,,148723.48437851685,0.21643750180098978,259842.489263957,0.3781491502371309,138656.62622398193,0.20178718857670389,73933.36134513209,0.10759532763879852,13670.340734805071,0.019894466632311585,687142.8617544537,,,,,67858.00293129213,0.3185605813861285,95819.26123273457,0.4498251974375931,19396.956085663754,0.09105934953651294,11842.52096776356,0.055594921771982976,6240.404755739913,0.029295689251069068,213014.437115938,,,,,0.09079805761575699,0.13791955775731157,0.180913507938385,0.4127726555343789,0.11794303357601166,0.1740061221629816,0.056616440415382385,0.3273254665193573,0.04915624111890793,0.11731226114769851,0.4607526361942291,0.3936646177598518,0.3581603169441223,0.4850955852991445,0.4037396311759949,0.1725755492114395,0.24870635569095612,0.48474438055640373,0.20274031162261963,0.2622058020822193,0.011738952249288559,0.15680438839364372,0.05545060336589813,0.3745941820736002,0.029583947733044624,0.20316553263318768,0.02577190473675728,0.16839238134892975,0.03657545521855354,0.10095993155071656,317,31.23850318043071,239.74763406373134,209.99999999503416,12.482262048667684,2.9206979899908694,0.7261117693743551,0.5778688933181909,23.242176119280497,C2,psi,none,psi,M3,M,inj,within,C2_M3,C2_psi_M3,-0.15437175710324808,-0.2077050390696243,0.559030941438602,0.5056976594722243,0.128494635542545,0.07516135357616813,-0.8322258595136988,-0.8855591414800756,0.04739507173425326,-0.005938210232124907,0.05333328196637729,,,,,0.2922692663142629,0.038058288467152875,0.34080525763098174,0.08659427978387259,0.48997979621386734,0.23576881836675775,-0.6844176795375777,-0.9386286573846876,0.0639288490503612,-0.19028212879674838,0.2542109778471099,,,,,0.29753964191557747,-0.2393314950603182,1.0179676977679302,0.48109656079203433,0.16672800942073818,-0.37014312755515777,-0.45253393054248303,-0.9894050675183786,0.10553968004102765,-0.43133145693486724,0.5368711369758956,,,,,2.360207686257492,-0.5768006520083209,0.6553727982524304,-0.5557070570056293,0.4809596043053124,0.6388156348544602,0.04092506389528599,-0.12099079398858392,-0.8897994560357043,0.7493638528772567,-0.04402164492263906,-0.5956910987999783,0.9161704603560205,0.06456628500304097,0.008367755565998277,0.48223905793099764,-0.24680895043018,-0.5092507735623154,-0.43485389559399035,1.3014129617857173,1.2954312271634725,-0.28788414501037524,-0.47020459341623405,-0.3561887613032455,0.24634172956344666,0.34902212574681,-1.2674506026241958,-0.21271823316255392,-1.1372067309144844,0.20272364306453514,0.3583350849141804,-0.02586350351385739,-0.04116566194832167,0.3324715814003248,-0.12792662669872823,0.20045556652026256,0.22581952260063845,-0.12792662669872823
Psi_C2_sal_F1_BL1,500.00000001182343,baseline,46086.83984483981,0.30509982246451617,51350.32373168302,0.3399446502901435,17910.736267513377,0.1185709949700305,18849.036182849282,0.12478264103973837,5703.1162949957015,0.037755241517009805,151054.9546458678,,,,,211437.28125499983,0.26248114961890856,303794.73535874626,0.37713496367259114,139698.72265955343,0.17342391609618543,72362.50381640841,0.08983180770342218,16253.246183779725,0.020177003402784527,805533.2032870995,,,,,23.303635120942904,0.22572750600823938,17.614218950688127,0.17061774669002894,17.560678571877883,0.17009913506069083,19.744287237991873,0.1912503647182871,20.438221774547305,0.19797206763959954,103.23790632804975,,,,,0.10474497079849243,0.14909586549848894,0.20403724908828735,0.16536694986939715,0.08811716735363007,0.0584612447110796,0.04390657693147659,0.3440876474425472,0.018999898806214333,0.09441990912433271,0.003082181327044964,0.05602463901335638,0.0036439020186662674,0.0668521540197487,0.0016455084551125765,0.042646427097627185,0.002545152325183153,0.050031901372096295,0.0014057183871045709,0.04517557702460463,0.0018429119372740388,0.05717292600157627,0.002678968943655491,0.04385881368646882,0.0016151850577443838,0.05024390083436226,0.0014137778198346496,0.04551869347994701,0.0017860764637589455,0.044626336991836726,337,32.90148105557802,238.51632046913727,211.99999999498687,13.079233665602493,3.047275363991766,0.644076724530516,0.5267034133647943,24.24944685707221,C2,sal,none,sal,F1,F,BL1,within,C2_F1,C2_sal_F1,0.0,0.0,0.0,0.0,0.0,0.0,0.0,0.0,0.0,0.0,0.0,,,,,0.0,0.0,0.0,0.0,0.0,0.0,0.0,0.0,0.0,0.0,0.0,,,,,0.0,0.0,0.0,0.0,0.0,0.0,0.0,0.0,0.0,0.0,0.0,,,,,0.0,0.0,0.0,0.0,0.0,0.0,0.0,0.0,0.0,0.0,0.0,0.0,0.0,0.0,0.0,0.0,0.0,0.0,0.0,0.0,0.0,0.0,0.0,0.0,0.0,0.0,0.0,0.0,0.0,0.0,0.0,0.0,0.0,0.0,0.0,0.0,0.0,0.0
Psi_C2_sal_F1_BL2,500.0000000002771,baseline,50763.29492190313,0.3352569555812362,48039.49865725319,0.3172681381745853,18163.429901133113,0.1199570717569723,18884.23638535593,0.12471750718252005,6859.477686885821,0.04530217374031213,151416.08272942354,,,,,207646.3242188651,0.22382224247372565,377846.93164083443,0.4072816981943217,156184.71875008655,0.16835171112360364,92721.74555974377,0.09994488992439672,20877.035713207373,0.022503383901026464,927728.7276006117,,,,,22.62342810632052,0.21806988032492206,17.450944304475918,0.16821170152240358,18.1170139908891,0.174632025450394,20.08842521161954,0.19363468972194128,20.459512564364978,0.19721164429412133,103.7439378267729,,,,,0.09285905212163925,0.15567481403085578,0.2765510678291321,0.3882924096309647,0.11494247615337372,0.10033332581007069,0.04121064767241478,0.267633634085849,0.017847146838903427,0.11428538652098519,0.0028566012624651194,0.0712752188575753,0.005964608862996101,0.08899359076056762,0.004831193946301937,0.07930053930472097,0.0036474340595304966,0.06055086419862708,0.0030941765289753675,0.07094046998760961,0.00287461094558239,0.07026004373842744,0.005325338803231716,0.06395725018383805,0.002408767119050026,0.06042401924595392,0.0038170877378433943,0.07015426843612005,0.0035776414442807436,0.0669457518198284,169,33.01920584578539,226.76923076910626,203.99999999987983,12.47956651709255,3.087559757613391,0.6389423843649245,0.553146178421051,24.57001987578927,C2,sal,none,sal,F1,F,BL2,within,C2_F1,C2_sal_F1,0.41972873579092357,0.40935842001916156,-0.2894471946272915,-0.2998175103990538,0.06084423140208056,0.050473915630318444,0.008102800051299331,-0.002267515720463054,0.8017882014356095,0.7914178856638466,0.01037031577176234,,,,,-0.0785731824882567,-0.6919487689213754,0.9473565637636067,0.33398097733048887,0.4844610472206714,-0.12891453921244683,1.0766801348788595,0.46330454844574204,1.0872872058388752,0.47391161940575605,0.613375586433118,,,,,-0.1286525786108372,-0.14988797984320598,-0.04044458019163446,-0.0616799814240039,0.13545326005396036,0.11421785882159115,0.07504432038333177,0.05380891915096181,0.0045217533528131276,-0.016713647879556145,0.021235401232369736,,,,,-0.5230893382092348,0.187527551646442,1.3206588015531417,3.7071018493051744,1.1542002099108446,2.3457715053146186,-0.27520139708430374,-1.0912839073424525,-0.27182491045411417,0.8292712334170995,-0.33008561211753934,1.0455949262495206,2.1401527885342357,1.2424332519471786,4.677543542400206,2.6939348887286148,1.562736696012664,0.8287333811903387,3.4264676190420467,1.9599035290664402,1.9307449175036888,0.89517996665644,2.983795642126381,1.638329026577693,1.735725259470432,0.8012626023926226,4.313509786440118,1.8786431215477357,3.016967653326454,1.761317825249279,0.015511756180535548,-0.21933974094469064,-0.16705693492838797,-0.2038279847641554,0.05703671239970016,-0.03475906928632055,0.21273783417820782,0.05703671239970016
Psi_C2_sal_F1_EZM,500.00000001182343,baseline,32315.721680451665,0.22749028740061156,54559.996339180805,0.384081450215135,23717.239624584276,0.16696027128521918,17080.293365882404,0.12023871492375841,5265.612119799198,0.037067889936614924,142053.19290640095,,,,,207556.22266115807,0.20394132842379692,405939.68165022414,0.39886965022886206,200942.96436022045,0.1974432496583882,116484.58824433162,0.1144558393039867,20653.54686213695,0.020293835230388416,1017725.1676514006,,,,,22.42560792022329,0.21722997994664206,17.16229677240901,0.16624590053350083,18.025223792025514,0.17460480968029207,20.17126373621836,0.19539283985098377,20.73977180246878,0.20089980297414237,103.23440588509774,,,,,0.1640833616256714,0.11393330721224017,0.3585648238658905,0.3856855630428736,0.11253201961517334,0.19142127045083882,0.04725850000977516,0.1608630858113069,0.009438244625926018,0.08630578933704063,0.0034169310238212347,0.0742300615564566,0.00432309927418828,0.05286888102506923,0.003918045666068792,0.07464078019887622,0.0025067063979804516,0.04966291829694778,0.0020750854164361954,0.05752434153370234,0.0015682169469073415,0.03823104524638871,0.002299204235896468,0.04499978201143735,0.0014949010219424963,0.04168409989851499,0.001729788025841117,0.04809695733736674,0.0014813992893323302,0.04254330692578858,619,59.24843503869852,260.41033925070803,221.9999999947504,25.71484178083503,2.8816865059899492,0.6313939398651485,0.5118680133198759,22.931732593475655,C2,sal,none,sal,F1,F,EZM,within,C2_F1,C2_sal_F1,-1.5416307064739212,-1.2747909555556447,0.263311466114277,0.5301512170325541,1.21950702432641,1.4863467752446855,-0.4279382238768358,-0.16109847295855909,-0.3466336302160359,-0.07979387929775913,-0.26683975091827633,,,,,-0.08045807506569042,-1.095928756480349,1.2588126335510665,0.24334195213640886,1.5788036964553709,0.563333015040713,2.0675488337422205,1.0520781523275629,1.0405453083324252,0.025074626917766917,1.0154706814146581,,,,,-0.16679446799393735,-0.1666472111494602,-0.11287982897046825,-0.11273257212599136,0.11339371697467555,0.11354097381915297,0.0929164728187045,0.0930637296631808,0.0636086622458268,0.0637559190903032,-0.0001472568444771085,,,,,1.9493136495324825,-1.1681489632500222,2.448582223400771,3.6778466660972158,1.06215585519595,5.151221365099634,0.3195035323765488,-3.3021268651828066,-3.038600584488074,-0.3902364921520407,0.4477802695857089,1.2220075379587734,0.7422851797990343,-1.0191528645516574,3.7676937535804367,2.4309351832741473,-0.06610310105687864,-0.03214771754393698,1.6913765267901562,1.0494794762965367,-0.7009844040569269,-1.7477424724667647,-0.6639012810893923,0.11153529463310664,-0.33609849465170843,-0.8111292173976319,0.8761172253837157,0.23927815290347235,-0.812279155684714,-0.20759995707704845,2.5546143548059512,0.38140122356416406,0.20017113521887234,2.9360155783701156,-0.2426496772854085,-0.08637195816738508,-0.12408141568907854,-0.24264967728540904
Psi_C2_sal_F1_inj,500.00000001182343,baseline,52880.95312625047,0.3192363790459391,59079.28735491267,0.3566550271279905,18006.20922894141,0.1087014642279086,17015.92430917923,0.1027232253097499,5628.833428515977,0.03398063566823594,165648.26754484876,,,,,257538.82422484,0.2863941860296187,339975.65625803935,0.37806746861165264,143276.28491549738,0.15932935594944705,70743.55120253954,0.07866985424227858,17004.768160268442,0.0189100293928139,899245.9930670712,,,,,21.932372093719316,0.21647182366496714,17.26661467593015,0.1704209445037295,17.255383670738084,0.17031009483525186,19.595977567599668,0.19341168307876944,20.44677106711935,0.20180898819544058,101.31744502538118,,,,,0.1037607192993164,0.15988431361650499,0.15995731949806213,0.15356353325439165,0.0895194411277771,0.04506158086423726,0.037572599947452545,0.3183723519643028,0.018563400954008102,0.09548885628491618,0.0033379672095179558,0.05965761192393718,0.00312662310898304,0.06112843130632682,0.0021873151417821646,0.0510201222131833,0.0018720165826380253,0.04419353693975813,0.0013893411960452795,0.04462702222821652,0.002003334229812026,0.04742927455484147,0.001419814070686698,0.04392399950869584,0.0013541399966925383,0.04243219028156125,0.001639222027733922,0.053023167898918595,0.0022249084431678057,0.049544630514894175,331,32.28165992176594,239.64954682212758,213.99999999493957,12.893808618195413,3.097475026738958,0.6852028883123062,0.5550472520401015,24.648923080460293,C2,sal,none,sal,F1,F,inj,within,C2_F1,C2_sal_F1,0.5972234451537464,0.19670421228696253,0.608920620885365,0.20840138801858277,0.023088532392671317,-0.37743070047411115,-0.44433603058313975,-0.844855263449923,-0.05693830610598723,-0.4574575389727702,0.4005192328667829,,,,,0.8566114279470798,0.37866077780254226,0.488675773313916,0.010725123169379052,0.10981876797267405,-0.36813188217186243,-0.09826728630270282,-0.5762179364472395,0.1963060166651464,-0.2816446334793914,0.47795065014453747,,,,,-0.26338066364274404,-0.18183107352704708,-0.0865619312506298,-0.005012341134933082,-0.07616673502963675,0.005382855086060824,-0.032745268453862775,0.04880432166183385,0.0018162706578964045,0.08336586077359348,-0.08154959011569696,,,,,-0.041002062797609456,0.30340256421208106,-1.057053417807983,-0.3216062008701368,0.06856834501451649,-1.1306163407050687,-0.6765833132312629,-0.3373373618926755,-0.1009374272695526,0.04889113518830157,0.34623881072487195,0.2728679779540078,-0.6649115721143374,-0.3887215411819973,1.2361124121691487,0.7785884258883871,-1.3340408813001385,-0.5388824694688444,-0.0508941215131864,-0.05305799302793414,0.3624882848047024,-0.8114393711166779,-2.75736203195748,0.0064499751294547145,-0.7655872238614231,-0.7338789984980408,0.6425661753137499,0.6627588329965729,0.9541209656447729,0.4540535330608172,-0.08259590065014484,0.020585111022602076,0.04077912420439447,-0.062010789627542084,0.07096112998771499,0.26881579940386696,0.22763824000354027,0.07096112998771499
Psi_C2_sal_F2_BL1,500.00000001182343,baseline,35070.46386801681,0.2705373893629188,37534.54101651257,0.2895455496613291,18606.712646924367,0.1435342139490663,22009.551487489454,0.1697840844900937,9616.753803480578,0.07418468937082463,129632.5951492446,,,,,215680.22656760016,0.2051508533343075,402604.9531345203,0.38295003212210665,169173.0761758754,0.16091415282240915,147239.01521649444,0.14005089894645237,53976.05750783764,0.05134098027240289,1051325.027715748,,,,,35752.04345787667,0.2724726549983945,56363.73339977032,0.4295579944444718,15419.124527342152,0.11751187880115921,10865.166233319671,0.08280535612123971,5290.16471636884,0.04031728220922937,131213.32655597068,,,,,0.009722271002829075,0.09818147167133996,0.09806033968925476,0.44745605684075734,0.024631442502141,0.13859685570319963,0.06253263354301453,0.2026750952062581,0.026480967178940773,0.16314433334308506,0.5380955934524536,0.6289123958931705,0.3744712471961975,0.5775604760265537,0.37933728098869324,0.23286340298879832,0.32201868295669556,0.5841429918013703,0.13026699423789978,0.17301381134732213,0.03857192397117615,0.11558172302994334,0.04237988591194153,0.21029857924220574,0.029917391017079353,0.15366134429874628,0.04723336175084114,0.2649864001717245,0.039172329008579254,0.06607299761020355,305,29.890336765167692,238.15737704354868,211.99999999498687,11.864340338234479,0.8993344599611536,0.2618301238023226,0.48973486937813615,7.1566762397848915,C2,sal,none,sal,F2,F,BL1,within,C2_F2,C2_sal_F2,0.0,0.0,0.0,0.0,0.0,0.0,0.0,0.0,0.0,0.0,0.0,,,,,0.0,0.0,0.0,0.0,0.0,0.0,0.0,0.0,0.0,0.0,0.0,,,,,0.0,0.0,0.0,0.0,0.0,0.0,0.0,0.0,0.0,0.0,0.0,,,,,0.0,0.0,0.0,0.0,0.0,0.0,0.0,0.0,0.0,0.0,0.0,0.0,0.0,0.0,0.0,0.0,0.0,0.0,0.0,0.0,0.0,0.0,0.0,0.0,0.0,0.0,0.0,0.0,0.0,0.0,0.0,0.0,0.0,0.0,0.0,0.0,0.0,0.0
Psi_C2_sal_F2_BL2,500.0000000002771,baseline,48371.757324245555,0.31265443148223865,48812.06628420674,0.31550040101422006,18227.49319459018,0.117814750535112,19503.618064891183,0.1260630780281535,11213.42815781261,0.07247882234558675,154713.16716965666,,,,,238906.82812513242,0.21717490018125737,432680.9882814898,0.393322581768751,158839.94165047866,0.1443912203910364,133630.91857917563,0.12147531165731981,61682.897613559566,0.05607197264826226,1100066.4806372065,,,,,50050.13134768399,0.3152489345725012,69134.75146488207,0.43545653436626314,14420.922775276546,0.09083253965663403,9139.96031570941,0.057569534264482296,6098.115325931113,0.03840997631046141,158763.83980664468,,,,,0.038713619112968445,0.24414597234747806,0.07339049875736237,0.26591645706417855,0.01266474835574627,0.06327883683242143,0.02854352630674839,0.16929287763052142,0.03411475941538811,0.20467833440603211,0.5679466128349304,0.625569063559566,0.38304582238197327,0.5207298051667346,0.3711596429347992,0.19097346235731807,0.27285513281822205,0.4962196640040308,0.13255897164344788,0.1870312870486512,0.059623200446367264,0.296721470102261,0.03050767444074154,0.205823554631096,0.03467462211847305,0.08278921525903842,0.03995697945356369,0.2549642594209828,0.04082327336072922,0.10117412678857307,124,24.69643959663851,231.4838709676144,210.99999999988484,9.528045728246251,-0.2984515989809954,0.19346293722111357,0.4703653717750197,-2.3750023625752745,C2,sal,none,sal,F2,F,BL2,within,C2_F2,C2_sal_F2,1.3965035517773363,0.6283729378994489,1.1409608279561636,0.37283021407827693,-0.08942705888221966,-0.8575576727601074,-0.5249600889042639,-1.2930907027821512,0.6670990705490375,-0.10103154332884957,0.7681306138778874,,,,,0.4441823129611936,0.2473630279866696,0.31288699416285143,0.11606770918832714,-0.27371527563094183,-0.47053456060546484,-0.42115950319164086,-0.6179787881661652,0.5796360706504889,0.38281678567596633,0.19681928497452406,,,,,1.4610435199263019,0.633307039194515,0.8869665389684342,0.05923005823664811,-0.2906666469792409,-1.1184031277110267,-0.7509206516548621,-1.5786571323866483,0.6172643878198667,-0.21047209291192037,0.8277364807317864,,,,,6.00096050281735,3.9562002658305975,-1.2585355419681408,-2.2600517531753357,-2.888932814368461,-3.4049489017897594,-3.4059909381250533,-0.7816169853353093,1.100084698549855,0.9849988059517918,0.2344807825126474,-0.023148914804092185,0.09832253009674692,-0.4498502944200556,-0.09464778693798517,-0.8612821785940233,-0.7194894149471196,-0.7084520032137199,0.07574733874022387,0.3383348907652559,1.8914398226907438,4.094598076253019,-1.4275068002511002,-0.09341264324534876,0.6408801920254195,-2.685908622432016,-0.7265620649814086,-0.1674427949616021,0.17928431619915697,1.8504545438451478,-0.8289646114341829,-0.12343302342645063,-0.020534056210261005,-0.952397634860634,-1.197786058942149,-1.3142183398225384,-0.17525685559515075,-9.531678602360167
Psi_C2_sal_F2_EZM,500.00000001182343,baseline,32808.44726640082,0.27029340283477715,39468.46606538644,0.3251621727434633,17940.83017010198,0.14780608167713752,16405.870163351818,0.1351602664067305,8174.16934891003,0.06734314582840077,121380.8658380601,,,,,270506.9531313966,0.2621848429986425,330475.4121171896,0.3203083803866941,165825.05225001503,0.16072346675796298,144419.87457616898,0.13997681650439506,59047.83752962505,0.05723123872750917,1031741.3853431536,,,,,31046.034668702894,0.24572289420919216,53628.5874036119,0.42445909275655364,19598.14990280719,0.15511527210004825,8782.686830728315,0.06951313589671015,5001.429525970471,0.03958527236792906,126345.71462548524,,,,,0.03643159195780754,0.07589733918568323,0.1133941262960434,0.47238302922438535,0.011927451938390732,0.0893800093031157,0.03025001473724842,0.1734584126224429,0.029053527861833572,0.16877402559570456,0.48050829768180847,0.5327330458092905,0.4173567593097687,0.6288268842037739,0.373128205537796,0.26767483761052363,0.2584526538848877,0.4552616450718958,0.13120993971824646,0.1408436529879833,0.08631382137537003,0.18877410042651763,0.064682237803936,0.31937130056589397,0.023361751809716225,0.18525583350085126,0.02388455532491207,0.2103164429555009,0.032664768397808075,0.07977416735833899,280,27.706038927639852,227.13571428034322,207.99999999508145,10.488384902847454,1.790665132206112,0.14488899685844367,0.4579359943212753,14.24966036064525,C2,sal,none,sal,F2,F,EZM,within,C2_F2,C2_sal_F2,-0.2895583331232513,-0.0039184902763607435,0.2181913839572304,0.503831226804122,-0.15827115509626338,0.12736868775062854,-1.2761192234730374,-0.9904793806261464,-0.7058486691119048,-0.420208826265013,-0.2856398428468914,,,,,0.9836810165181127,1.0653425358308035,-0.8573996074616193,-0.7757380881489291,-0.08681103604990735,-0.005149516737216125,-0.08395940589796626,-0.002297886585276299,0.39002837498825127,0.4716898943009421,-0.0816615193126905,,,,,-0.6129473143247478,-0.4487730162152042,-0.21603394384598873,-0.051859645736444804,1.0415535930181767,1.2057278911277207,-0.9240897812183866,-0.7599154831088428,-0.24375040948944338,-0.07957611137989967,-0.16417429810954393,,,,,5.737104264790666,-1.1180298694654272,0.6309716576813895,0.2354389566968081,-3.1494217111810876,-1.905129821776451,-3.153811286782437,-0.6760501800400455,0.40265031658271155,0.1473361570421291,-0.49158543851256287,-0.7208051756211191,0.470889743793659,0.36933635126595266,-0.0716744743658792,0.6050630806929786,-0.9550007340887696,-1.0825810729015475,0.0313234355247926,-0.8934349276202525,3.498090425174092,2.130532449761387,1.8362525348928322,1.8145954821956316,-1.0741831189093851,0.8120726404582501,-2.961316966795712,-1.003503573104416,-0.7889981022137758,0.8183826955113293,-0.3295636804919788,-0.20578611522161336,-0.08272525965989885,-0.5353497957135924,2.9909314244813503,-2.56984205490643,-0.29156246173501643,2.9909314244813503
Psi_C2_sal_F2_inj,500.00000001182343,baseline,35134.99560629958,0.2745787174578374,36502.82959070693,0.28526829047905833,17504.486816820176,0.13679693015411518,21040.276814004617,0.16442900085382187,11003.630956909983,0.0859929771838645,127959.64644162449,,,,,169413.3808633811,0.19197226067134043,338273.6113361241,0.38331771411859467,136851.34668292358,0.15507430561122126,132531.3407471525,0.15017905293768916,53092.48888522765,0.06016222015062944,882488.8568323916,,,,,38549.87158294283,0.27931623478271556,61148.79394675847,0.4430585676521425,14665.172455180771,0.1062577016322083,9239.181272725189,0.06694324052468283,5974.5846010667265,0.04328933940986574,138015.14836017814,,,,,0.028291814029216766,0.11924947353823934,0.12602446973323822,0.4779263758695129,0.015774192288517952,0.0862749097489646,0.06074430048465729,0.2382138650755872,0.029251640662550926,0.16823926391969818,0.5626868605613708,0.673670887152101,0.4106082022190094,0.5769388169429233,0.3765106201171875,0.18220788651295872,0.2786719501018524,0.5215355701193575,0.10771100223064423,0.1870516116841421,0.076802559196949,0.19410630629366543,0.06323070824146271,0.21660041340368114,0.031279951333999634,0.14384313605139368,0.03718104213476181,0.25337117175147716,0.036743324249982834,0.06947938213903608,264,26.00720452166539,228.3939393885386,203.99999999517604,9.899813155310953,0.6295409252955837,0.2583339581997602,0.4690528578488801,5.009727506971888,C2,sal,none,sal,F2,F,inj,within,C2_F2,C2_sal_F2,0.007983933428161949,0.06439577278812977,-0.12104578576279412,-0.06463394640282548,-0.26520267673965026,-0.20879083737968174,-0.1955974328850641,-0.13918559352509613,0.5850751855725276,0.6414870249324965,-0.05641183935996852,,,,,-1.0486262162104423,-0.28834848590087103,-0.7561099371273984,0.004167793182173243,-0.9208217098451534,-0.16054397953558103,-0.4570431256741846,0.30323460463538787,-0.07168075056717207,0.6885969797423999,-0.760277730309572,,,,,0.32722066117738546,0.1077325549556219,0.3538814373146642,0.13439333109290091,-0.21772541449886057,-0.437213520720624,-0.704028872140723,-0.9235169783624865,0.5283852060089416,0.30889709978717783,0.21948810622176324,,,,,4.63893072047417,0.8442693281401179,1.0896148540985888,0.2861060794748107,-1.9354271576242887,-2.0586886405143465,-0.12601184041438843,0.7016664999820885,0.43216386724953754,0.13355365960565055,0.19407338398861287,0.2985762484093291,0.4000914335229097,-0.004677060217937705,-0.03248296224275063,-1.0653406917270771,-0.627878126950667,-0.4923523683832253,-0.8257432547368233,0.33880681167257226,2.9910438967625663,2.2515048094620074,1.7376826309260152,0.12822942542014953,0.1934235104524793,-0.28675485342333157,-1.0392729851852935,-0.1946638543923946,-0.2780094815915847,0.21831937335294901,-0.6043713513507767,-0.18179463160536213,-0.16705693502852675,-0.7861659829561385,-1.5489726662684176,-0.05838112805136954,-0.1873924073327885,-1.548972666268417
Psi_C2_sal_F3_BL1,500.00000001182343,baseline,32654.72461014718,0.25840486609912866,32576.2917488172,0.25778420757967363,19690.672333229297,0.15581713238790657,26196.275021218826,0.20729756627776041,8033.552139472195,0.0635714736438356,126370.39349568693,,,,,212165.36328626703,0.2305387440599919,317809.50684345275,0.3453316008945246,179412.3686565863,0.19494936165951876,120355.32864664486,0.13077802086708956,26676.957453404866,0.028987164405114174,920302.4166343873,,,,,83004.25781446279,0.4078779764235301,71756.41333177494,0.3526067389289408,18477.327545602948,0.0907964864388211,12059.252371119514,0.05925844750407299,5395.343411573201,0.026512395999510507,203502.6714172802,,,,,0.03990713134407997,0.08019548947460241,0.14422166347503662,0.46379197667843786,0.05324586108326912,0.09434103297486897,0.051218386739492416,0.36310075295730104,0.014146031811833382,0.08992811763834727,0.4434128999710083,0.6064741577481761,0.2990586459636688,0.39126940197500526,0.3653547763824463,0.16124939472712163,0.19125719368457794,0.3968239402268194,0.1361192762851715,0.24420491352824714,0.04210485890507698,0.3430252344586584,0.11758719384670258,0.5863843530037456,0.03691843897104263,0.2248846808614199,0.019443349912762642,0.1521186254489949,0.007101917173713446,0.05858781897222742,322,31.503766755465637,233.627329187022,207.99999999508145,12.266901477350553,-3.02295377016875,0.5740925203869697,0.5207029350551806,-24.05590176303189,C2,sal,none,sal,F3,F,BL1,within,C2_F3,C2_sal_F3,0.0,0.0,0.0,0.0,0.0,0.0,0.0,0.0,0.0,0.0,0.0,,,,,0.0,0.0,0.0,0.0,0.0,0.0,0.0,0.0,0.0,0.0,0.0,,,,,0.0,0.0,0.0,0.0,0.0,0.0,0.0,0.0,0.0,0.0,0.0,,,,,0.0,0.0,0.0,0.0,0.0,0.0,0.0,0.0,0.0,0.0,0.0,0.0,0.0,0.0,0.0,0.0,0.0,0.0,0.0,0.0,0.0,0.0,0.0,0.0,0.0,0.0,0.0,0.0,0.0,0.0,0.0,0.0,0.0,0.0,0.0,0.0,0.0,0.0
Psi_C2_sal_F3_BL2,500.0000000000551,baseline,45160.43652344248,0.2936983490163587,50690.039794927456,0.3296598116720079,18681.941955568465,0.12149695466122681,21989.805244448224,0.14300945678709756,8039.757456780365,0.052286108667763564,153764.69317819382,,,,,286797.69140628155,0.24685275850119207,464221.5585938011,0.3995651838503351,184745.5224609578,0.15901432684695774,110647.86148072507,0.09523692361275592,25717.99728393838,0.022136017000474732,1161816.838295111,,,,,126443.27343751393,0.4871831490711918,81913.10620118091,0.3156093949830829,17905.605072023456,0.06898990217399267,10427.689401627737,0.04017765771250644,5420.328955650926,0.020884408144659174,259539.50517085072,,,,,0.028821149840950966,0.14564940945300134,0.06460096687078476,0.09984092873601881,0.0506570003926754,0.07263905481047636,0.0414084866642952,0.33462989988052466,0.02058769203722477,0.10536096798377144,0.5555055141448975,0.6059829464866824,0.32694679498672485,0.37027285782076447,0.29863837361335754,0.13444262082261077,0.17536984384059906,0.35792453339168034,0.17602744698524475,0.23421211421069527,0.037520937621593475,0.2555475434457478,0.05582631379365921,0.4008515886626776,0.03453680872917175,0.17441286002650458,0.01572505384683609,0.0937187284143043,0.013448980636894703,0.09101925964115225,140,27.83632242414909,229.02857142854754,209.99999999997954,10.625521931045515,3.1355053642168973,0.526274207043977,0.5175084896949371,24.951558890313645,C2,sal,none,sal,F3,F,BL2,within,C2_F3,C2_sal_F3,1.4081210564948252,0.5560081747577503,1.9202098635242193,1.0680969817871437,-0.22838526869860143,-1.080498150435677,-0.7601815822248498,-1.6122944639619254,0.003353304660931822,-0.8487595770761441,0.8521128817370754,,,,,1.3090116582484657,0.29694061825547463,1.6455842095896847,0.6335131695966938,0.1272154159988354,-0.8848556239941551,-0.3652229849145222,-1.3772940249075127,-0.15899150020111633,-1.1710625401941082,1.012071039992991,,,,,1.8279535991896827,0.771620022936555,0.5749267216015707,-0.48140685465155664,-0.13650156153728354,-1.1928351377904105,-0.6313229716686246,-1.6876565479217516,0.020065517620793102,-1.036268058632333,1.056333576253127,,,,,-1.4133920706847336,2.5915878562957415,-3.4879148242438287,-6.6701461910156485,-0.21646384896287824,-1.1353044273729798,-0.9233653623350098,-0.35462406025390747,1.629730327988469,0.6878424904697273,0.9788005060337597,-0.003518975660946458,0.387207217502534,-0.23954008510910968,-0.8756917761438723,-0.7896112311269156,-0.3766286382904041,-0.44806397618193805,1.116607588419832,-0.1814504348731022,-0.5005853380244816,-1.2785435936780511,-3.235210739206051,-1.6519876399480005,-0.28961123992104754,-1.1038136859497722,-0.9217895077372785,-2.103560050409678,2.773137652876283,1.9132596761118656,-0.5375062519546047,-0.08633980007633507,0.04155959781385092,-0.6238460520309401,6.158459134385647,-0.37769803107932703,-0.026725469161062165,49.00746065334553
Psi_C2_sal_F3_EZM,500.00000001182343,baseline,28228.119629573754,0.20560450661535,47564.303467921614,0.3464430247340735,26245.363831187024,0.1911627537456714,18859.98941084637,0.13737007170414728,6163.900921967351,0.044895863575668674,137293.29232254435,,,,,351243.03125830577,0.2531915284043251,488438.92969905015,0.35208840642230055,275048.4643619728,0.19826711103018835,147464.3072544636,0.10629880173020442,28776.9182326446,0.020743676775558183,1387262.1784461956,,,,,68219.76367348818,0.3396596999214658,80844.13232613045,0.40251522795843614,22619.332886277065,0.11261950213354899,9837.117096179882,0.04897806824680158,4503.944437133481,0.022424709990225795,200847.38839862833,,,,,0.04805203899741173,0.12134859657401326,0.10833042860031128,0.27725538185460324,0.0768062174320221,0.1402679711205175,0.03794509544968605,0.20158883414388692,0.009164625778794289,0.06898370345154065,0.43461158871650696,0.5077074961859752,0.2792115807533264,0.3191161708959809,0.34783077239990234,0.2762582837330854,0.17483879625797272,0.2826120883644627,0.13498598337173462,0.13364342429866405,0.0194863174110651,0.10873679944862223,0.1231704130768776,0.5443307533183757,0.06052529811859131,0.1622306082480311,0.02029002457857132,0.12134171856345587,0.005859212018549442,0.05940919640822482,563,54.33279075731159,260.603907631493,221.9999999947504,23.598895973132773,2.879277394212239,0.566857917083021,0.4897151063609097,22.91256149108148,C2,sal,none,sal,F3,F,EZM,within,C2_F3,C2_sal_F3,-0.6326407625221728,-0.9926805806370876,1.643794954970284,1.28375513685537,1.247920523620841,0.8878807055059267,-1.4269809665326147,-1.7870207846475294,-1.1505196740498271,-1.5105594921647416,0.36003981811491426,,,,,2.1893323118945434,0.407052475658162,1.8664338651484362,0.08415402891205494,1.8555684463541842,0.07328861011780262,0.8822159185380909,-0.9000639176982903,0.32907986644071324,-1.453199969795668,1.7822798362363812,,,,,-0.8519016007045833,-0.79486234418144,0.5178778142712122,0.574917070794355,0.8784063452795028,0.9354456018026465,-0.8845254294637082,-0.8274861729405647,-0.7842606837195486,-0.7272214271964049,-0.057039256523143525,,,,,0.8066131047112303,1.7988481551934417,-1.2428003907390452,-2.2344324626213403,1.5911052264899395,1.722578880783039,-1.3027024546009058,-2.555606763144408,-1.885198943792605,-1.1514899677950072,-0.08707021256176568,-0.7719872431973397,-0.29822935248936383,-0.8852707436503658,-0.21346788204543288,2.338172162870418,-0.38979971319412143,-1.4740713079048247,-0.036309566715614215,-2.6180680304064365,-3.3460244389637745,-4.989495239872424,0.20146371627580423,-0.3231950157976141,2.1469360785452594,-1.4182707583551597,0.18511481086326806,-0.9817225088522497,-0.8353638956760985,0.06046346998070628,2.3669952935256635,0.4745727928384694,0.2828963948787707,2.841568086364132,5.902231164380989,-0.05507672025657115,-0.26646524665473226,46.968463254113374
Psi_C2_sal_F3_inj,500.00000001182343,baseline,28424.42773504715,0.2393163664738003,33654.251953920815,0.28334830059131055,19410.849884492207,0.16342753169300897,22997.50140435241,0.19362495264169333,7346.201611692573,0.061850542550292306,118773.4384984446,,,,,210556.714848729,0.2245274559801334,333685.02246882813,0.355825504056832,182149.5571332135,0.19423544245744231,118944.96068091327,0.12683713004607444,27603.780869183018,0.029435331466125175,937777.1370079543,,,,,89516.13476774178,0.41014844097176306,79524.42212102113,0.36436803082198166,18788.758423295858,0.0860870500620285,11085.826874041442,0.05079346445272878,5019.996607899166,0.023000811951448857,218253.01726285138,,,,,0.022953970357775688,0.03406278624819589,0.11201667785644531,0.4481557709606796,0.06479306519031525,0.06706525166742117,0.03736918047070503,0.29828275121415254,0.012144029140472412,0.09696837589991744,0.5098292231559753,0.6394033992564904,0.3289777934551239,0.4057232596920949,0.34613335132598877,0.17966788138493142,0.18700174987316132,0.3922231326343891,0.13689228892326355,0.2362720953254945,0.027476048097014427,0.26139237803768894,0.08869766443967819,0.5410793087314788,0.04043416306376457,0.22690994145962287,0.02272896282374859,0.1443625466382477,0.0062294574454426765,0.04963239920396323,315,30.767527724060738,232.87619047068367,199.99999999527063,11.94170774430068,3.1105331463808192,0.5886229256755318,0.5185973642118888,24.752836294884673,C2,sal,none,sal,F3,F,inj,within,C2_F3,C2_sal_F3,-0.6025429568093359,-0.3332828737631003,0.14138295948471763,0.41064304253095346,-0.06215994320310884,0.20710013984312614,-0.5655888716480398,-0.29632878860180434,-0.3884477359346432,-0.11918765288840691,-0.26926008304623594,,,,,-0.033053892772174284,-0.11474467268659466,0.2116982928140027,0.13000751289958318,0.06575739739369768,-0.01593338252072192,-0.05119276026987523,-0.13288354018429485,0.1483227499058865,0.0666319699914664,0.0816907799144201,,,,,0.3280095078656459,0.02410809078410198,0.4463979907996368,0.1424965737180935,0.07258924940117223,-0.23131216768037158,-0.3655229200571514,-0.669424337138695,-0.31315668894034965,-0.6170581060218928,0.30390141708154345,,,,,-2.4019269392204228,-3.718697732067401,-1.097478120732201,-0.14894238072164726,0.8524267099949691,-1.4820306853704566,-1.36912321471092,-0.8539900934773967,-0.6627182972269651,0.3273461885420573,0.6061640173304262,0.22962640747823787,0.4141022070201384,0.15754019509537892,-0.23471342056264724,0.4697235357929936,-0.09772108611071115,-0.05064661065748184,0.024593538376584498,-0.1434196516994341,-1.8537794841526636,-1.1803315004767196,-1.224478420231142,-0.349214466243284,0.3950512880017962,0.038936514526806784,0.6780852625895583,-0.2272785779287681,-0.5692537959381867,-0.7204206171253844,-0.10269882814084758,-0.01398556142948251,-0.17033339298780342,-0.11668438957033093,6.133486916549569,0.10855284324939266,-0.01759720554764831,48.808738057916564
Psi_C2_sal_M1_BL1,500.00000001182343,baseline,46428.394044066634,0.35840597034407967,36563.82190027868,0.2822559844568266,14896.746551865932,0.11499607110734528,16874.990570467402,0.13026721028117247,6816.8233882608665,0.05262275922822023,129541.35222550586,,,,,251867.73438095587,0.2506626917198126,422501.5683693659,0.4204801406722598,153452.9172399568,0.15271873303726197,84423.20819291432,0.08401929155899897,20079.065742967483,0.01998299892886902,1004807.4272755765,,,,,32.01000571326609,0.29034507378995333,18.10550421519178,0.16422502402695743,17.031232923672007,0.15448090276060383,18.596332751654252,0.16867705846000192,19.578415156805058,0.1775849852796823,110.2481447177001,,,,,0.09970811009407043,0.19087903149460497,0.2371385395526886,0.45189394225692336,0.04313724488019943,0.07628785880916542,0.021362530067563057,0.238261915807344,0.02910580113530159,0.08236248994595803,0.0030385286081582308,0.05724003027312131,0.0016837542643770576,0.06296581037518492,0.002427187981083989,0.05078105011502697,0.0024166556540876627,0.06285055133137364,0.0015629868721589446,0.047258608413936046,0.00440177321434021,0.08299255442071217,0.0024413426872342825,0.06262299541482838,0.001985488925129175,0.04697806751786347,0.0015977772418409586,0.04539559564192309,0.0017428721766918898,0.048407155306357086,297,29.01713020325244,234.5791245735775,201.99999999522333,11.344688334527453,-3.0090500490106935,0.5060062238540853,0.5020146657895781,-23.94525946554809,C2,sal,none,sal,M1,M,BL1,within,C2_M1,C2_sal_M1,0.0,0.0,0.0,0.0,0.0,0.0,0.0,0.0,0.0,0.0,0.0,,,,,0.0,0.0,0.0,0.0,0.0,0.0,0.0,0.0,0.0,0.0,0.0,,,,,0.0,0.0,0.0,0.0,0.0,0.0,0.0,0.0,0.0,0.0,0.0,,,,,0.0,0.0,0.0,0.0,0.0,0.0,0.0,0.0,0.0,0.0,0.0,0.0,0.0,0.0,0.0,0.0,0.0,0.0,0.0,0.0,0.0,0.0,0.0,0.0,0.0,0.0,0.0,0.0,0.0,0.0,0.0,0.0,0.0,0.0,0.0,0.0,0.0,0.0
Psi_C2_sal_M1_BL2,500.0000000000551,baseline,41251.01708984829,0.32417554373347907,38790.99804687928,0.3048432201422276,14013.371887208574,0.11012558650810217,17225.71405410956,0.1353701220875506,7774.368375779054,0.061095708014015614,127249.01025773498,,,,,292390.1015625322,0.24732748932190732,520869.7226563073,0.4405942611597997,158759.12573243937,0.13429146802340605,100190.86368561896,0.0847496363109885,22491.722385408968,0.019025340455715953,1182198.1550217976,,,,,24.66866636276517,0.24092917623291082,17.16710090637396,0.1676643325122305,16.747534751893934,0.1635665946577569,19.15099716559263,0.18704026813988842,19.85106024332563,0.19387750928413897,102.3897011913472,,,,,0.19484825432300568,0.18287180276032036,0.251263290643692,0.46832143645249336,0.06344305723905563,0.07936966078324509,0.025864548981189728,0.22834911977103373,0.030226465314626694,0.07594790360642788,0.0043209269642829895,0.0979082840959123,0.0031673077028244734,0.05436509425726216,0.0031627775169909,0.07428995524628201,0.0030406531877815723,0.06346795264887134,0.002753792330622673,0.05227046045181262,0.002176998881623149,0.04704320503292214,0.002946799620985985,0.052826427441839754,0.0034291911870241165,0.08116707547775355,0.003918127156794071,0.06972740104401738,0.003401443362236023,0.0656036652608496,134,26.40550180306516,228.83582089549867,205.99999999998886,10.070874468769976,3.0735581494297732,0.6137953924488032,0.52194305808466,24.458598618106336,C2,sal,none,sal,M1,M,BL2,within,C2_M1,C2_sal_M1,-0.5134900066765284,-0.43594987597294654,0.2567936877284557,0.3343338184320372,-0.2654878141375192,-0.1879476834339378,0.08933694851028366,0.16687707921386558,0.570830727706858,0.64837085841044,-0.07754013070358194,,,,,0.6479013054350284,-0.05817310098300084,0.9090078787168494,0.20293347229881978,0.14763549566387138,-0.5584389107541585,0.7436626852186451,0.03758827880061565,0.4927921269347524,-0.21328227948327821,0.70607440641803,,,,,-1.131400803589337,-0.8102506614783316,-0.2311366398264603,0.09001350228454484,-0.0729520086774019,0.24819813343360334,0.12764083412374982,0.44879097623475506,0.06006173941181582,0.3812118815228217,-0.3211501421110053,,,,,2.9096603468278497,-0.18611476544411304,0.2512690228500737,0.1550751762355101,1.6753169907662864,0.1719909857300303,0.830522227100826,-0.1845528767088869,0.1640780600109764,-0.3521367702784375,1.529135959413225,2.3311958457341375,2.744115483243009,-0.6378465179689353,1.1496522998393703,1.6522841919805817,0.9975211521169172,0.042453973417572115,2.4597585577095185,0.43775396659845817,-3.057694573864582,-2.4654222953709146,0.8172186043031825,-0.7388259606147447,2.373242299722609,2.3748475048888302,3.8956229531356863,1.8638975909745468,2.9039770702133394,1.320185423283341,-0.4096003334417037,-0.10765353325644127,0.08515850932775809,-0.5172538666981451,6.082608198440466,0.8386776533303233,0.16906721031380617,48.40385808365443
Psi_C2_sal_M1_EZM,500.00000001182343,baseline,33479.64941485418,0.27609204054980285,44543.74133406113,0.36733277240313955,16116.106689834221,0.13290249030327364,13319.852264719271,0.10984300181938669,6151.590709831746,0.05072948078575494,121262.63889456443,,,,,286482.1523505244,0.22847325490836456,543432.2422003505,0.43339430459789874,189317.39453572675,0.15098309261313167,125133.77685842775,0.09979581996033424,23413.93073137337,0.018672915295088074,1253897.9779730712,,,,,21.682040215051284,0.22100848029602158,16.166819513226383,0.16479095954069464,16.82588857452126,0.1715089551814274,19.24169655934773,0.19613366974324517,19.71654858021123,0.20097391182635344,98.10501473070211,,,,,0.10658323764801025,0.09001801756011411,0.31617042422294617,0.42561656241564305,0.06446846574544907,0.10379071385335502,0.028803037479519844,0.13095230467737665,0.022815769538283348,0.05048511948559038,0.0015060215955600142,0.027313260020215276,0.003301574382930994,0.08507063840001691,0.002070951508358121,0.048536982565015103,0.0019805149640887976,0.040926357116713157,0.0016539611387997866,0.046855797267213416,0.0021311454474925995,0.06366543806697071,0.002245000097900629,0.03585754414951446,0.001898016082122922,0.04688705268886419,0.0017127565806731582,0.04648881393350028,0.0016198605298995972,0.04896781363981812,419,39.34715648804636,237.95704056716542,207.99999999508145,15.604888187714423,-3.1348167369632,0.5775431815226664,0.49918234976528236,-24.94607896874496,C2,sal,none,sal,M1,M,EZM,within,C2_M1,C2_sal_M1,-1.4200276010909278,-1.1332134899343702,0.8573510679092795,1.1441651790658367,0.3416870489608268,0.6285011601173845,-1.027441308804171,-0.7406271976476131,-0.44594609959401776,-0.15913198843746032,-0.2868141111565572,,,,,0.5592503529655519,-0.40254330146738493,1.0931707639535317,0.131377109520595,0.9121536982939159,-0.049639956139021356,1.7091270099168274,0.7473333554838906,0.6673082749315946,-0.2944853795013427,0.9617936544329369,,,,,-1.691856060593746,-1.1850552359093751,-0.49186034000256645,0.014940484681804514,-0.052680799362181965,0.4541200253221886,0.1481605297622887,0.6549613544466606,0.030533597670349237,0.5373344223547206,-0.506800824684371,,,,,0.2895842399351409,-3.2642877838510254,1.2491910106604873,-0.2601799982852182,1.7449493093713222,1.337030733467506,1.2978560253658487,-2.59941483384594,-1.0574443632062438,-2.125660790781448,-3.0483213017944526,-3.2132631559375584,2.9244237751868,1.3067489477812155,-0.6893348297282841,-0.19628903798793285,-0.8643664466539475,-1.8630600219957307,0.24569970916521394,-0.03717597220596725,-3.150145726448661,-1.1513540020300461,-0.36412380615884915,-2.4215329535946664,-0.19567581015565189,-0.008422138128927394,0.30179413886867384,0.10334747283664505,-0.3178791348759158,0.05001152017428029,1.322588940855924,0.06209197829913607,0.1271196551613779,1.3846809191550604,-0.12576668795250656,0.5742860226257384,-0.024571837162652505,-1.000819503196869
Psi_C2_sal_M1_inj,500.00000001182343,baseline,41380.82568457228,0.3198379994899687,42559.023682647006,0.32894445119733035,15271.859344843553,0.1180382667706896,15602.281898867479,0.1205921473885135,6562.821981585244,0.0507249388786746,129380.5793888169,,,,,277882.64453782106,0.2641092122739695,433179.04297899327,0.4117082446982494,164596.82275779845,0.15643847521914475,79645.98053166852,0.07569827620574518,20410.809032922836,0.01939913413637452,1052150.5181332482,,,,,24.57551145611702,0.2436255778080354,16.695342064298604,0.1655067225917342,16.78045648376091,0.16635049138402677,18.775430977788496,0.18612736620869244,19.502424559085796,0.19333430599599044,100.8741022893798,,,,,0.1487380713224411,0.15786159616381515,0.24034345149993896,0.45447401590168657,0.060237616300582886,0.06866030430999787,0.01982152834534645,0.22790784193610192,0.02237575687468052,0.07282268237183233,0.00306908693164587,0.06462894033711314,0.000966820283792913,0.04721598048115878,0.0016105736140161753,0.04338094601105814,0.0020873411558568478,0.05081810934594542,0.001995283644646406,0.0506837866350512,0.0015379368560388684,0.040276314491304935,0.0012084072222933173,0.03947353363412445,0.0015281097730621696,0.04961187761963757,0.0019676864612847567,0.0460755107898609,0.0015667916741222143,0.050024717086869175,304,29.272520101476978,239.3486842048665,207.99999999508145,11.677231949415031,3.06089222384405,0.5882618820761877,0.51423714263103,24.357806384816236,C2,sal,none,sal,M1,M,inj,within,C2_M1,C2_sal_M1,-0.49984509670625576,-0.4944517517429959,0.6594007169105697,0.6647940618738292,0.10800486622180613,0.11339821118506564,-0.34055418443913127,-0.335160839475871,-0.16491418293337776,-0.15952083797011724,-0.005393344963259887,,,,,0.42688887701802203,0.2269385090819906,0.10839112041462441,-0.09155924752140691,0.3044629862489264,0.10451261831289659,-0.2529798860442979,-0.45293025398032916,0.07116717699264512,-0.12878319094338586,0.19995036793603133,,,,,-1.1478318669026624,-0.7619157972393862,-0.35215302298240153,0.03376304668087503,-0.06442317616897773,0.3214928934942981,0.04162606151325435,0.42754213117653084,-0.016889268039532217,0.369026801623744,-0.38591606966327635,,,,,1.7369166116882657,-0.8248173304292749,0.058301527713399685,0.024725383621961337,1.4501537397329836,-0.4574970167742392,-0.32515549138040967,-0.19295360719794774,-1.1420182318040342,-0.5346279571936187,0.043458603191436115,0.5272718046558329,-2.4093295536668076,-1.2501578451684356,-1.7812283313457118,-0.6840265905432762,-0.6362133667052289,-0.9229058833692804,1.0604931234576809,0.3038812482127677,-4.566891585678036,-3.139894085871237,-3.0541543263512985,-2.004278313962814,-1.137129156799085,0.23690515988812944,0.9043966652439227,0.06456439565744496,-0.4625428180001322,0.14275079524715553,0.03805654440815351,0.08741683127543921,0.1271196551613779,0.12547337568359251,6.069942272854743,0.6541484940886799,0.10447037172484812,48.30306585036433
Psi_C2_sal_M2_BL1,500.00000001182343,baseline,33053.163086719105,0.24986031861430363,36086.47461022833,0.27279017200630723,18567.036774120697,0.14035466777971775,24578.25067959731,0.1857955176536172,12686.866691889361,0.09590442359588783,132286.56422927865,,,,,245217.58594329865,0.2014125478667081,480445.1855582359,0.39461969483686665,221630.74658727212,0.1820392007531836,167954.42276398136,0.13795147719216908,23706.683909023115,0.019471782944193543,1217489.1214105494,,,,,24596.26196347225,0.2513044727423736,47554.945557765146,0.48587751006370256,10165.8495943566,0.10386633042378803,6477.754833374613,0.06618439685563345,3567.831402862993,0.03645318101025759,97874.35016601262,,,,,0.07820621132850647,0.10049440772136087,0.19821831583976746,0.5569266724106579,0.0437297523021698,0.07438868919173877,0.014931606128811836,0.19436795964093748,0.010191891342401505,0.06324674024274458,0.5204276442527771,0.6630067451546053,0.25448912382125854,0.5380592079648123,0.22412332892417908,0.15572916790949426,0.07179142534732819,0.24769567944435023,0.07068900763988495,0.09064830778689996,0.04498299956321716,0.3220020464764675,0.10827812552452087,0.4558768469867306,0.06403610855340958,0.14067454046229327,0.034594181925058365,0.15663706188057452,0.018351873382925987,0.10603116494562581,296,29.17683858508756,222.72972972446286,198.99999999529427,10.830915620451387,-3.101187302623391,0.5545968991852133,0.46466615347262863,-24.678464433316712,C2,sal,none,sal,M2,M,BL1,within,C2_M2,C2_sal_M2,0.0,0.0,0.0,0.0,0.0,0.0,0.0,0.0,0.0,0.0,0.0,,,,,0.0,0.0,0.0,0.0,0.0,0.0,0.0,0.0,0.0,0.0,0.0,,,,,0.0,0.0,0.0,0.0,0.0,0.0,0.0,0.0,0.0,0.0,0.0,,,,,0.0,0.0,0.0,0.0,0.0,0.0,0.0,0.0,0.0,0.0,0.0,0.0,0.0,0.0,0.0,0.0,0.0,0.0,0.0,0.0,0.0,0.0,0.0,0.0,0.0,0.0,0.0,0.0,0.0,0.0,0.0,0.0,0.0,0.0,0.0,0.0,0.0,0.0
Psi_C2_sal_M2_BL2,500.0000000000551,baseline,35715.94628906643,0.26161131986274405,43304.70385742664,0.31719727207325166,17696.23693847851,0.1296209783890404,19944.862731935787,0.14609165949441133,12346.553390504287,0.09043574268209854,136522.93909837317,,,,,486810.2968750536,0.28558783691309164,601774.6132813161,0.3530317892193915,279705.75097659335,0.16408970990615587,189448.91079714,0.11114042777526349,31349.326286319367,0.018391119374967898,1704590.4410249682,,,,,24078.681152346406,0.2364720135904794,51316.4438476619,0.5039687485448872,10444.175033570486,0.10257019829506543,6559.215764046439,0.0644167738874406,3832.056969881479,0.03763388127978928,101824.65479422736,,,,,0.1450662910938263,0.09976040687155395,0.1634732335805893,0.4586972422719774,0.05162559822201729,0.07693733717127405,0.022748874500393867,0.15197824054002076,0.007526279892772436,0.06823419671852446,0.4616980254650116,0.6083337965759027,0.3296031057834625,0.5407033593413775,0.2604665160179138,0.1602200657099047,0.09395183622837067,0.22503632135481266,0.07685030251741409,0.08901303214664716,0.04886038973927498,0.21477031393281998,0.0690704882144928,0.36519378143789355,0.04755036532878876,0.15147666035281201,0.028774287551641464,0.16674410413163818,0.014885452575981617,0.10173042133253818,124,24.49350461228764,219.72580645158914,202.99999999997365,8.969758422934365,-3.1326332104003356,0.6020665788710615,0.524766955217095,-24.928703016452342,C2,sal,none,sal,M2,M,BL2,within,C2_M2,C2_sal_M2,0.33649134719935775,0.19959242444103786,0.7919061631457982,0.6550072403874783,-0.2086167306300046,-0.3455156533883246,-0.907199177093626,-1.0440980998519447,-0.11808637733345217,-0.25498530009177184,0.13689892275831936,,,,,2.9780814304773395,1.5165318373116432,0.9779001669337875,-0.48364942623190843,1.0107138648236766,-0.4508357283420205,0.5230066806220994,-0.9385429125435962,1.2135740293394979,-0.24797556382619867,1.461549593165696,,,,,-0.09236413990855154,-0.2642046881735859,0.3306086397324046,0.15876809146736992,0.11730461591948918,-0.0545359323455451,0.054274101259514276,-0.11756644700552031,0.3102763326935296,0.13843578442849594,0.17184054826503486,,,,,2.683252604356328,-0.031836832185844974,-0.8369712857137995,-0.8427188855700647,0.7208807978478906,0.14630245101169875,1.8285338939157696,-1.0684326337060372,-1.3167441978053622,0.3296393647169099,-0.5200234028807345,-0.37376001972880907,1.123220688188955,0.021289998126837628,0.6526483652286031,0.12346942427743057,1.1683269662297417,-0.4166581140467086,0.36293696510670437,-0.0790610601487475,0.3590851508418076,-1.7588437990063746,-1.9524820303650898,-0.9632416216273292,-1.2927107419686368,0.321302164152687,-0.7999848562001212,0.27155958478881675,-0.9091836075798523,-0.17982689749622446,-0.7598730287187105,-0.058971229406314184,0.08642961513719606,-0.8188442581250256,-0.03144590777694445,0.35667082833101416,0.5282544014104635,-0.25023858313562997
Psi_C2_sal_M2_EZM,500.00000001182343,baseline,27095.217529937592,0.20261395041165708,46938.255128063065,0.35099719300718174,21385.692261247892,0.1599189815159022,19302.61266372549,0.14434202643851254,10973.013605377277,0.08205454088160889,133728.29202968202,,,,,393859.2382905636,0.2111715926017136,649046.031265348,0.34799255868415396,398333.46094691934,0.21357049208696646,278800.17954150477,0.1494815208269645,33744.67927631066,0.018092549245615323,1865114.6844046083,,,,,14303.240967135102,0.1607509764808278,44460.66784773104,0.49968365826560307,13934.251007409579,0.1566039795537824,7152.0271970532785,0.08038005920374515,3783.017154306223,0.04251649699503408,88977.63037129045,,,,,0.06661386042833328,0.12728470152292629,0.26979169249534607,0.5874748723787478,0.041627708822488785,0.15588675738567978,0.03063572198152542,0.1622581845923378,0.005769932176917791,0.04878777499529551,0.27859780192375183,0.2283913434777787,0.31114763021469116,0.5878853098028438,0.25370991230010986,0.33831874625840774,0.0963904857635498,0.18989256215248676,0.07386888563632965,0.06705437313060876,0.027063719928264618,0.15637850959905372,0.10569323599338531,0.5196114704441356,0.0913076251745224,0.10583273229815714,0.03383849933743477,0.12980330700100617,0.010735624469816685,0.0905144459677549,407,39.17064735923342,243.65110564534405,213.99999999493957,15.906619229868499,2.87683245487066,0.4335892580553416,0.47492444183781907,22.893105281992874,C2,sal,none,sal,M2,M,EZM,within,C2_M2,C2_sal_M2,-0.8632038443412732,-0.9102794526444087,1.1418248452361301,1.0947492369329943,0.6138071547973065,0.5667315464941703,-1.0493487340293652,-1.0964243423325004,-0.6302845883254788,-0.6773601966286142,0.047075608303135646,,,,,2.0578942397439044,0.2054897195678203,1.306316529072415,-0.5460879911036688,2.54616780271927,0.6937632825431861,2.2010160444565483,0.3486115242804654,1.5333449566489745,-0.31905956352710935,1.8524045201760833,,,,,-2.354346545942403,-1.940465985549333,-0.29219706829494474,0.12168349209812435,1.369399495730346,1.783280056123415,0.4300465024677507,0.8439270628608206,0.2543398693740947,0.6682204297671648,-0.4138805603930696,,,,,-0.6967664439648485,1.0263431353983212,1.338847907815661,0.23191277909157199,-0.21394509286480473,3.2130231730150056,3.121215942253981,-0.7841806311065938,-2.4708407668381747,-1.1272713452415588,-2.713826718922323,-4.628383075659476,0.8729727113312196,0.38462540082310803,0.5385037072954816,3.369560996465041,1.2796159301681878,-1.1541047693973632,0.19109662527981336,-1.3093259435382971,-2.206609212945618,-3.1368156218176084,-0.10493533968442637,0.5683119370388616,1.5408211517495893,-1.2359549661887395,-0.09591970174078612,-0.8160877112442801,-2.3285309264347553,-0.6871563547506027,1.2792251629144482,0.38990196409873545,0.31560696939484184,1.6691271270131827,5.978019757494051,-1.0689892281103732,0.0948348159469633,47.571569715309586
Psi_C2_sal_M2_inj,500.00000001182343,baseline,33321.91308672546,0.2618504326448803,34266.64758381811,0.2692743502379192,17906.593292659763,0.14071368557607758,23407.418419437785,0.1839402985139904,11629.196647919038,0.09138461425202747,127255.52045169388,,,,,295411.53516323556,0.2532694481718598,416504.791025474,0.35708808231089595,207169.1562548989,0.1776153319602598,140985.98501920304,0.12087355561809321,25160.26738226305,0.021571016284929596,1166392.3039101802,,,,,21795.098145046635,0.23182821600399134,48493.315552904525,0.5158095071622082,9029.500122283833,0.09604420640026458,6126.559061195288,0.06516645384883413,3448.9227388720683,0.036685203267599255,94014.00105960955,,,,,0.12020796537399292,0.15810815161069355,0.18964403867721558,0.5773313864996386,0.03882729634642601,0.06430107285072265,0.01708480343222618,0.2049540876964678,0.008814381435513496,0.061389420426654295,0.4831477403640747,0.7087698479581923,0.2892802357673645,0.5346146862132852,0.21540258824825287,0.09392886065544108,0.07518257945775986,0.25113944068287675,0.06480897963047028,0.10453516729617193,0.06428133696317673,0.3983831331533046,0.07989482581615448,0.44785716196801756,0.05412641912698746,0.16795549890386932,0.027234090492129326,0.1503836376666977,0.016278918832540512,0.11598112831345102,251,24.479446043393512,234.1752987992434,201.99999999522333,9.554135986086052,-3.115812138688973,0.47549734233201674,0.4810982456388887,-24.794845180904012,C2,sal,none,sal,M2,M,inj,within,C2_M2,C2_sal_M2,0.0351690081788964,0.20356006366432683,-0.22472838591304123,-0.056337330427611604,-0.15729627865972734,0.011094776825702351,-0.21197450949682684,-0.04358345401139614,-0.3780466207803082,-0.20965556529487822,-0.16839105548543037,,,,,0.8087583685766851,0.9949628080339452,-0.620238443356105,-0.43403400389884467,-0.29304912144335665,-0.10684468198609644,-0.7601550172744127,-0.5739505778171521,0.25844443002136575,0.4446488694786259,-0.18620443945726042,,,,,-0.5251028084757542,-0.3503392509309658,0.08486189607461865,0.25962545361940603,-0.5147997173051008,-0.3400361597603129,-0.2420788248902175,-0.06731526734542916,-0.14720858075007542,0.027554976794713422,-0.17476355754478842,,,,,1.8669199923759572,1.9681236655171397,-0.19204586316200076,0.15627150788435545,-0.5163986692790107,-0.6328868694008677,0.5850346099287349,0.23031908779155244,-0.6306294458678007,-0.12944613492961457,-0.3228040477817101,0.2898728703032677,0.5564953625677229,-0.027891830675213565,-0.17236147042016828,-2.1957090865249995,0.20044646046895823,0.05996491438991384,-0.3771670104616175,0.6190271746971678,1.5503648915576764,0.9244231101734118,-1.3202207454510664,-0.07708012186491381,-0.7301563599288697,0.7697872218704145,-1.0389018878712892,-0.17693942385032538,-0.5205484643124186,0.38953796483089714,-0.7623664700899766,0.21762892983600757,0.064982930369171,-0.5447375402539701,-0.01462483606558207,-0.6682934315359779,0.15092733825678825,-0.11638074758729999
Psi_C2_sal_M3_BL1,500.00000001182343,baseline,45486.079102638105,0.36587623889791704,36813.13000575334,0.2961136640986914,14653.641785014483,0.11786945474813429,14340.320047717643,0.11534918962375516,4583.7133284699,0.0368700012375776,124320.94316824207,,,,,157374.82812872145,0.21212408295776647,297512.05567109765,0.40101376267424726,138340.90918295883,0.18646843872627653,81381.30884362974,0.10969311746753979,14103.196241712283,0.019009568462242877,741899.8632043798,,,,,77398.10644714272,0.36985584005172034,80212.13928412333,0.38330302276239,19735.577850808484,0.09430875069148882,12920.522266693468,0.061742216137010995,6346.4141451429,0.030327077014099237,209265.60585421455,,,,,0.07974424213171005,0.23163254223191151,0.1771102249622345,0.46178484191687474,0.11114862561225891,0.15102487865687889,0.04038724675774574,0.24622534368179214,0.07780919969081879,0.08207623761296867,0.5633041262626648,0.6877234867648859,0.2642795443534851,0.5186155595387948,0.3739156723022461,0.16888708265830168,0.25264230370521545,0.5325188413799238,0.2857382595539093,0.15958995259608616,0.01965462602674961,0.2799612467424815,0.05864938721060753,0.36256572628529227,0.027759337797760963,0.19226048102532384,0.018716193735599518,0.14155188427654336,0.06562119722366333,0.08577094587560681,318,31.533020427796625,219.26415093821132,195.99999999536521,11.523434917696834,-3.119109960120984,0.6562647469851727,0.5542743554071311,-24.82108841002096,C2,sal,none,sal,M3,M,BL1,within,C2_M3,C2_sal_M3,0.0,0.0,0.0,0.0,0.0,0.0,0.0,0.0,0.0,0.0,0.0,,,,,0.0,0.0,0.0,0.0,0.0,0.0,0.0,0.0,0.0,0.0,0.0,,,,,0.0,0.0,0.0,0.0,0.0,0.0,0.0,0.0,0.0,0.0,0.0,,,,,0.0,0.0,0.0,0.0,0.0,0.0,0.0,0.0,0.0,0.0,0.0,0.0,0.0,0.0,0.0,0.0,0.0,0.0,0.0,0.0,0.0,0.0,0.0,0.0,0.0,0.0,0.0,0.0,0.0,0.0,0.0,0.0,0.0,0.0,0.0,0.0,0.0,0.0
Psi_C2_sal_M3_BL2,500.0000000002771,baseline,46007.71826174425,0.34514891815128484,43386.63085939905,0.3254855765321104,14913.254119881312,0.11187891336641745,14336.821424492198,0.10755452761729815,5053.628520014702,0.03791221304430377,133298.16737706898,,,,,216186.76953136982,0.22484950064465456,408910.26953147666,0.4252955447362943,161243.78222665188,0.1677049154964926,76081.0599213068,0.07912967277740644,17033.50435257902,0.017716046898745084,961473.2027936542,,,,,71168.02832035194,0.30904134474353967,102449.35131841613,0.4448779325040332,20092.23104859512,0.08724887071769633,13544.976806648134,0.058817954433192245,8065.401981358227,0.03502334872895956,230286.43102563272,,,,,0.16122370958328247,0.06881271208921362,0.1605081558227539,0.40506839266799555,0.12371066212654114,0.14369750552713564,0.04294608533382416,0.2590281777969507,0.05119892209768295,0.10201994219355215,0.4945869445800781,0.5932696716009596,0.2386808693408966,0.4594610989063034,0.36652177572250366,0.1468049361424362,0.2536858320236206,0.459812149517565,0.250244140625,0.24633630260062409,0.03199160471558571,0.2573233501557523,0.05412285774946213,0.3587419608477529,0.02914806827902794,0.18573971148774082,0.01550768967717886,0.1309034539734071,0.03904130682349205,0.08115514922989411,166,32.32108204234685,230.59036144565567,207.99999999988472,12.421549984099086,3.0689259863985625,0.7210304777992256,0.587226507151993,24.4217370359251,C2,sal,none,sal,M3,M,BL2,within,C2_M3,C2_sal_M3,0.049521928168359465,-0.2532768955780184,0.7135318223967304,0.41073299865035284,0.07626847437138073,-0.22653034937499766,-0.0010596821653790986,-0.3038585059117575,0.42385866368356007,0.12105983993718177,0.3027988237463776,,,,,1.3789384311600092,0.25301949591666395,1.381234489937336,0.25531555469399053,0.6653235110519533,-0.4605954241913926,-0.2924811593398106,-1.4184000945831565,0.8198645680012195,-0.30605436724212576,1.1259189352433459,,,,,-0.3644540170088492,-0.7801589573159389,1.0626911363958018,0.6469861960887124,0.07778316734002326,-0.33792177296706594,0.20498196876507413,-0.2107229715420154,1.040976083419887,0.6252711431127982,0.41570494030708904,,,,,3.0572957459773367,-5.27130898836909,-0.42746529792468374,-0.5691131642975049,0.46503034464109727,-0.21599266263936656,0.2667933485475473,0.2201425808769914,-1.817701306139914,0.9446763301579606,-0.5650028422686283,-0.6416170894920664,-0.4424593837224644,-0.5259679539947717,-0.08673886590128405,-0.6085577532978452,0.017901404250912658,-0.6375453607087711,-0.5760447766886356,1.885228728405688,2.1157124025812863,-0.36618721924013564,-0.34882759032253297,-0.04604569770765336,0.21200676423077391,-0.14985257942264027,-0.8167043022601205,-0.33964549030679575,-2.255198032844631,-0.24024118794150592,0.10720319465575223,0.21873518484533908,0.258072636163145,0.3259383795010915,6.1880359465195465,0.40874547044661136,0.25080865647462125,49.24282544594606
Psi_C2_sal_M3_EZM,500.00000001182343,baseline,52292.341798111556,0.3788115923713016,45953.9680186648,0.3328957014038131,15404.191528684572,0.11158969213316525,10452.620575198345,0.07571995646763917,4555.215980160664,0.03299849575874562,138043.14031355176,,,,,226491.7187553558,0.24889549049280776,354244.00782087666,0.38928459091235623,148251.24365584942,0.16291574018098112,99970.13664482004,0.10985883427253172,19137.1720661874,0.021030154454361648,909987.2332234989,,,,,64692.848634342285,0.33819155050755,77152.42578307442,0.403325855203499,19068.30072066575,0.09968239646882486,11439.156196864737,0.05979990141695614,5732.864141599797,0.02996940548800555,191290.55275701822,,,,,0.08215619623661041,0.4046261769705475,0.25184935331344604,0.5157984988665154,0.13391706347465515,0.1787069200512694,0.06770160049200058,0.14984801222351987,0.04753298684954643,0.07117803933217805,0.5146731734275818,0.576937162837322,0.3106970191001892,0.6783805601835883,0.3377107083797455,0.23422271301166012,0.22481350600719452,0.34366739731241064,0.273916095495224,0.09270897127704833,0.04549373686313629,0.336079670059861,0.08984145522117615,0.3619477039120828,0.039067596197128296,0.17002465091448285,0.020758090540766716,0.16895686675367236,0.04287157207727432,0.07471893899270665,361,34.380188377579216,243.0581717394048,211.99999999498687,13.927309551851229,2.9606256803098554,0.6930295942821567,0.540761779522387,23.55991058330595,C2,sal,none,sal,M3,M,EZM,within,C2_M3,C2_sal_M3,0.6055958890890522,0.15089054776110325,0.9632027311996019,0.5084973898716526,0.21693338998361505,-0.2377719513443341,-1.3733365802443127,-1.8280419215722623,-0.027084750991958173,-0.48179009231990777,0.4547053413279495,,,,,1.5811705865941592,0.6942705028614239,0.7579794397868861,-0.12892064394584885,0.3004771972237755,-0.5864228865089595,0.8934561545910173,0.006556070858282055,1.3256021269087839,0.4387020431760483,0.8869000837327348,,,,,-0.7787406080707804,-0.38869727798251474,-0.16890513815051408,0.22113819193775214,-0.149378544661385,0.2406647854268806,-0.5288607869940127,-0.13881745690574668,-0.44156759340880625,-0.051524263320540414,-0.39004333008826614,,,,,0.12940988601642228,2.4225440197810704,1.5289720534681626,0.48040400769412095,0.8093182068997182,0.7309287451419562,2.243546878409423,-2.1568176603039504,-2.140358432970892,-0.6187141932815496,-0.39211400613055386,-0.7628534187915531,0.7027353718593672,1.166278518317338,-0.4422883677262339,1.4203257332734256,-0.50683674202557,-1.9019664453936724,-0.1835084265130957,-2.35883783669352,3.6448682650614965,0.7934432329395635,1.8521329904990957,-0.007409214523595389,1.4840758843908382,-0.5337813270978097,0.4496986986119675,0.7686019221119238,-1.8487474044745311,-0.5990950317756659,0.3754267981184903,0.4474259528206714,0.3407978957227542,0.8228527509391609,6.079735640430839,0.23672704989704949,-0.10718797031121716,48.38099899332691
Psi_C2_sal_M3_inj,500.00000001182343,baseline,48958.68750115772,0.363658089996712,45983.01049913423,0.3415551891585836,14302.18688998664,0.10623458741751535,12089.185964870223,0.08979673479800299,4201.57676992815,0.031208708017152104,134628.3469222433,,,,,200530.84375474192,0.24805642528870187,331402.31739064906,0.40994428909329456,139692.13159510016,0.172799007652009,63336.75524670646,0.07834749408973112,14193.579762794432,0.01755744199787516,808408.1818132829,,,,,89810.56054899874,0.3733019488878089,96124.80407942148,0.39954740823301643,19378.890045624263,0.08054929595242068,11427.060928614941,0.04749713272732991,5864.55102791349,0.024376290657686085,240584.22629877605,,,,,0.08962776511907578,0.08609479028637092,0.2127622663974762,0.41487614076752277,0.1155548170208931,0.12881149806971712,0.03316333144903183,0.24984757983265496,0.05159633234143257,0.09208029840000678,0.5561826825141907,0.6369291066475224,0.2750377655029297,0.5134052364325302,0.3711058795452118,0.14577898481006232,0.23433296382427216,0.475061368384915,0.2543841302394867,0.19200339370705133,0.004787545185536146,0.08104320205419437,0.06055580824613571,0.366120524771238,0.03078865259885788,0.20768474666953607,0.013792712241411209,0.13016491207550762,0.03936421126127243,0.0744498177987918,289,28.592157768706983,227.09342560016628,201.99999999522333,10.821818421660126,3.112416520472755,0.6786383683166388,0.5698431613413281,24.767823709705812,C2,sal,none,sal,M3,M,inj,within,C2_M3,C2_sal_M3,0.3195126431543191,-0.026409526138529617,0.9659465649934801,0.6200243957006317,-0.10543122036757965,-0.45135338966042854,-0.7416178576340532,-1.0875400269269015,-0.37805145205988794,-0.7239736213527365,0.3459221692928489,,,,,1.0524591234000427,0.6796050302954116,0.4685097223863571,0.09565562928172539,0.04221318847095733,-0.3306409046336741,-1.0886885964591952,-1.4615426895638262,0.02774393658701097,-0.3451101565176201,0.37285409310463097,,,,,0.6459707127672689,0.040277766073456504,0.7859536836474161,0.18026073695360462,-0.07920948334954651,-0.6849024300433587,-0.5334552581469066,-1.139148204840719,-0.3429363978500811,-0.9486293445438938,0.605692946693812,,,,,0.5074323238346249,-4.298227012085673,0.7965097319981158,-0.4652121352318675,0.1688395732249902,-0.6909386438367446,-0.8558609638511617,0.06342394662359008,-1.784121169248518,0.49949277920477736,-0.055254700965922596,-0.3332276048178556,0.17328781640137453,-0.043852484537541266,-0.0327583349043544,-0.6390151227314997,-0.3267268729171701,-0.49585263054472667,-0.504783807438408,0.8030335930528507,-6.133518988807298,-5.383813270094549,0.13892326274802064,0.042373287861004416,0.44981581566300755,0.3351457654783122,-1.3256785644677884,-0.3642172552730824,-2.2194259566450887,-0.6147656023165635,-0.42518640590581247,0.15236929914700462,0.13095298090147683,-0.27281710675880755,6.23152648059374,0.14559334204736013,0.12030555126618896,49.58891211972677
Psi_C3_ket_F2_BL1,500.00000001182343,baseline,31006.905518311338,0.2330702071744015,34273.23254475577,0.2576222707882042,21251.43566944784,0.15974107804168336,31100.07695080866,0.23377055068536753,8429.562991341609,0.06336265937990494,133036.76130132552,,,,,56361.12011852026,0.2316393616400412,89339.42041226884,0.36717734264456187,32425.098450473783,0.13326436895485236,34244.30067524825,0.1407411338089708,14076.463159894021,0.05785305426241795,243314.08841517748,,,,,68620.79004068515,0.3609700484278612,66386.33618321046,0.3492160170816139,21639.951904808593,0.11383393403695867,14052.060226772719,0.07391889334940575,7723.385536376482,0.04062778713914418,190101.06334182134,,,,,0.08100175112485886,0.17294906564788382,0.1104750856757164,0.26187670495134174,0.051073770970106125,0.12165014003327984,0.07074765861034393,0.19284808684819038,0.04256024211645126,0.15517930902447372,0.4637241065502167,0.5705252857607057,0.27793973684310913,0.22457112319178982,0.31897082924842834,0.15699516297045193,0.10521185398101807,0.2870512623901034,0.12752017378807068,0.2851955670138887,0.027765171602368355,0.1902095316580814,0.16715511679649353,0.2077271444415779,0.05388518050312996,0.23940711534346704,0.02231614850461483,0.160386029718841,0.0229886956512928,0.10989993636402495,298,29.627174814287997,243.36241610162782,212.99999999496322,12.016901408450705,-0.21387759538045906,0.5934062350461811,0.5039468190370486,-1.701983826070419,C3,ket,ket,psi,F2,F,BL1,between,C3_ket_F2,C3_ket_F2,0.0,0.0,0.0,0.0,0.0,0.0,0.0,0.0,0.0,0.0,0.0,,,,,0.0,0.0,0.0,0.0,0.0,0.0,0.0,0.0,0.0,0.0,0.0,,,,,0.0,0.0,0.0,0.0,0.0,0.0,0.0,0.0,0.0,0.0,0.0,,,,,0.0,0.0,0.0,0.0,0.0,0.0,0.0,0.0,0.0,0.0,0.0,0.0,0.0,0.0,0.0,0.0,0.0,0.0,0.0,0.0,0.0,0.0,0.0,0.0,0.0,0.0,0.0,0.0,0.0,0.0,0.0,0.0,0.0,0.0,0.0,0.0,0.0,0.0
Psi_C3_ket_F2_BL2,500.0000000000551,baseline,30746.377441409637,0.22526714142088042,40941.145141606066,0.2999603693190117,18958.26080322474,0.13890004523596855,27260.16831207575,0.19972499856333747,11202.891042710584,0.08207936839551455,136488.5142479093,,,,,71432.90722657036,0.2305286705193893,125006.691894545,0.40342228263330854,39380.48309326606,0.1270889113207633,35943.26528931059,0.11599630314623986,15135.643236161946,0.04884583097844783,309865.61049274035,,,,,87223.1503906346,0.3678729554857793,93375.49487305715,0.39382112564220173,20165.21920776589,0.08504896641265965,13371.970458985848,0.05639771404019183,8383.442872525184,0.035358065981909007,237101.28480484712,,,,,0.06641697138547897,0.15706304358500836,0.12768352031707764,0.3318383397883141,0.021506955847144127,0.1255928197991768,0.052384257316589355,0.18066756662582356,0.03484706953167915,0.17905252399330027,0.5218244194984436,0.7050113104320364,0.34019994735717773,0.39983645452834105,0.32420000433921814,0.2091038247205101,0.12402702122926712,0.3251485532590085,0.12475240230560303,0.35661767354600593,0.04599354788661003,0.15958725086912898,0.1783074140548706,0.19639292525681906,0.04117622971534729,0.2520801629313106,0.028351951390504837,0.16785439831464996,0.029092127457261086,0.147699042353253,124,24.654211429748155,232.2096774193293,194.99999999999318,9.541577471882933,-0.5393650925793906,0.39379731380835953,0.4314779746592516,-4.2921310307613885,C3,ket,ket,psi,F2,F,BL2,between,C3_ket_F2,C3_ket_F2,-0.036644716539085645,-0.14788914206185957,0.7720491823440684,0.6608047568212936,-0.4958978129372481,-0.6071422384600216,-0.5723293063616783,-0.6835737318844525,1.2352505177717785,1.1240060922490052,0.1112444255227737,,,,,1.0291871003245068,-0.020874137537311127,1.458901317406696,0.4088400795448766,0.8439973608558832,-0.20606387700593515,0.210292266985376,-0.8397689708764422,0.31507334325355657,-0.7349878946082624,1.0500612378618188,,,,,1.0417605495026419,0.0822669373476731,1.4815421562002533,0.522048544045284,-0.3065334380296151,-1.2660270501845847,-0.21544594009719284,-1.1749395522521628,0.35614694744562864,-0.6033466647093408,0.9594936121549698,,,,,-0.8621533983233354,-0.41844211089574673,0.6287050091210769,1.0282969410819744,-3.756189811284449,0.13852198100305746,-1.305112804494748,-0.28335139624947847,-0.8683782798068425,0.6214663364404299,0.5126472551001335,0.9192118722082978,0.8778360008923558,2.5052847665719913,0.07062048865936914,1.2447570459713835,0.7145163977725731,0.5412236482277987,-0.09529978515321912,0.9706009178686893,2.191965498472196,-0.7623408281724242,0.2804972624515312,-0.2436741207739369,-1.1682276387789228,0.2240161707935241,1.0396371281286763,0.19766188853781402,1.0226115095315018,1.2838023850357174,-0.7979912394984787,-0.2037319325137677,-0.3834499206596521,-1.001723172012247,-0.32548749719893155,-1.78079355850691,-0.674260767323628,-2.5901472046909695
Psi_C3_ket_F2_EPM,500.00000001182343,baseline,30843.696778073107,0.23135583235861013,48288.70996207938,0.36220932812251316,22101.772827671077,0.1657834365944704,17291.163353375196,0.12969948183749236,5963.165791652545,0.04472917741173414,133317.13518362585,,,,,96131.55078352321,0.29831766369935214,118161.85962193478,0.3666826303485385,43520.925416068196,0.1350551477255529,30771.33754802989,0.0954903301924658,11913.05589036502,0.03696887204843289,322245.5874433425,,,,,70844.37402511275,0.3131573677794358,99361.69043203708,0.4392140640946593,21385.093201189284,0.09452972926584748,12976.648138353119,0.05736140702105825,5861.434597153984,0.02590962874773087,226226.1128564924,,,,,0.11672411113977432,0.12477668119780415,0.11788923293352127,0.37159929657596324,0.028510160744190216,0.19540812100774174,0.03432795777916908,0.11975283741858449,0.0239474568516016,0.09293702851834375,0.3600609302520752,0.35862664986046816,0.31225621700286865,0.22194529399311252,0.30352479219436646,0.19605731747525992,0.10702439397573471,0.1955403315819227,0.11540762335062027,0.1757223016812503,0.03100796975195408,0.09933723380074853,0.147569477558136,0.3824039560210491,0.038743775337934494,0.26680002014996484,0.02159290947020054,0.1395366278616268,0.018242763355374336,0.08391616438770765,512,33.39674947081201,252.04687499403988,217.99999999484498,14.029243898461706,-0.5101800888506852,0.5025411372248894,0.4755126092465565,-4.059884150382445,C3,ket,ket,psi,F2,F,EPM,between,C3_ket_F2,C3_ket_F2,-0.022920009561054347,-0.03206309900208532,1.4889053566576793,1.479762267216648,0.1703883598870049,0.1612452704459732,-2.5493724991371436,-2.558515588578176,-1.5032817630666442,-1.5124248525076749,0.009143089441031529,,,,,2.318863326857619,1.0986660973281304,1.214341865815833,-0.00585536371365647,1.278168181159015,0.05797095162952629,-0.4644192734990046,-1.6846165030284934,-0.7247036876162669,-1.9449009171457559,1.220197229529489,,,,,0.13849653418464872,-0.6170853373826657,1.7514027061974256,0.9958208346301111,-0.051451438552291784,-0.8070333101196058,-0.3457747359434457,-1.1013566075107604,-1.1980379109463475,-1.953619782513662,0.7555818715673148,,,,,1.5866616772644104,-1.4178478998278952,0.28209794857881176,1.5197801541976164,-2.5319825871903507,2.0582999550479233,-3.140641041084005,-2.0692952243639557,-2.4974469048347676,-2.2264503109009777,-1.0988367395039125,-2.0163233794447195,0.5056045192554843,-0.051079702049319,-0.21556797011930678,0.9649678419504963,0.07418103777444249,-1.6672311385029757,-0.4334439845535481,-2.103158875076679,0.4797296975018405,-2.821202140087312,-0.5412313560545896,2.6502912542168295,-1.432674042647645,0.47048804252720455,-0.14308078843966462,-0.6047831345453655,-1.0042370615119551,-1.1715181590101587,0.52013958643398,0.15227808797465822,0.10076890165867063,0.6724176744086394,-0.2963024934702262,-0.721804870207803,-0.25222670551685666,-2.3579003243120265
Psi_C3_ket_F2_inj,500.00000001182343,baseline,28177.09912176005,0.21668928664043297,34337.126831866655,0.26406151628054797,20272.149750235232,0.15589815151177688,31309.50184705385,0.24077828562082423,9260.403967122667,0.0712149366748831,130034.57419893672,,,,,58118.03515762431,0.23147943882461416,97844.47119371996,0.389706624158683,32687.039002237794,0.1301898356431906,30842.39438702083,0.12284276516492695,13429.622076352112,0.05348909978510895,251072.1274111037,,,,,73977.33886893683,0.36178430718464105,75911.29443538882,0.37124226803362886,20738.571228517743,0.10142145876862696,13418.3452170684,0.06562207835729358,7543.895625769667,0.036893231010616194,204479.1258211805,,,,,0.09844901412725449,0.14239435963455027,0.08621237426996231,0.23827445044424886,0.028726773336529732,0.074253651420406,0.09161467105150223,0.21556989327608006,0.04601294919848442,0.16892015590708456,0.45826372504234314,0.6418342315292314,0.2954796850681305,0.26699306199804324,0.31373828649520874,0.1914984082754043,0.1036667749285698,0.2913248329794068,0.1262471228837967,0.32577974747749316,0.06167375668883324,0.24530975937174046,0.12752282619476318,0.22742504170192596,0.034467197954654694,0.2049889747759722,0.024910978972911835,0.1683072480202201,0.02430015616118908,0.11958798971205534,253,25.083280457445934,246.1976284526762,211.99999999498687,10.292406937394247,-0.1502667781335648,0.4681615711414918,0.4814435389819373,-1.1957850261224983,C3,ket,ket,psi,F2,F,inj,between,C3_ket_F2,C3_ket_F2,-0.4156214616488291,-0.3164932236122054,0.008088849728025321,0.10721708776464886,-0.20488469046210123,-0.1057564524254772,0.02914694184851357,0.12827517988513706,0.408248720015949,0.507376958052573,-0.09912823803662409,,,,,0.1333130766389628,-0.002999385857855297,0.3949315974602549,0.2586191349634359,0.0349427785238987,-0.10136968397291893,-0.45440215368258347,-0.5907146161794022,-0.2042975671357093,-0.34061002963252773,0.1363124624968182,,,,,0.32642990870617383,0.009785571868998158,0.5822769616458193,0.2656326248086436,-0.1847745858349733,-0.5014189226721487,-0.20041041614524066,-0.5170547529824159,-0.10212043463490826,-0.41876477147208413,0.31664433683717574,,,,,0.8471696373817581,-0.8442543323758561,-1.076947414059142,-0.4101939123485016,-2.4991107696489006,-2.1439479826140366,1.1225295509394806,0.4837277191411409,0.33875980341748013,0.36847659861655535,-0.05144192152920557,0.5114797882690805,0.2657698547976462,0.7514606494375842,-0.07183447170891971,0.8627889650833855,-0.06425085696494029,0.06418044996860771,-0.04357406397208715,0.5778131162760592,3.4660004112734337,1.104825502322914,-1.175317462411706,0.3934503197624706,-1.940633635450065,-0.674065504077596,0.4777155235137701,0.20936282166761638,0.2409473386952213,0.36690124455853984,-0.7230590598813662,0.050303567828401334,-0.020437425099862683,-0.6727554920529649,0.06361081724689427,-1.029563432979344,-0.19839345428779676,0.5061987999479207
Psi_C3_ket_F5_BL1,500.00000001182343,baseline,25255.32568419096,0.20477829962005134,38612.82751556151,0.313085218580594,17619.737274586572,0.1428664941391137,28237.75243825929,0.22896077451966282,6479.874074135469,0.05254090211492053,123330.08786111645,,,,,282880.2421941892,0.2674963664219642,395998.8330171766,0.37446322909578167,152624.25806024973,0.1443240932710274,113418.80871850232,0.10725075381998657,27376.675993613073,0.025887850265540188,1057510.5971643652,,,,,48310.9658214549,0.2560225522421055,85007.52258501796,0.4504948829304795,18635.76217695435,0.09875967731950973,15017.512359974256,0.07958486810090824,7432.1650859682895,0.03938654178487226,188698.08693950545,,,,,0.1455802023410797,0.27755790777431777,0.15893784165382385,0.4741909134817851,0.043329689651727676,0.0813746678510199,0.11189056187868118,0.4639427791868486,0.01766948029398918,0.07368133910137721,0.5041593313217163,0.3581847336410053,0.4066488742828369,0.31733920345057776,0.29612475633621216,0.16515787405016408,0.08296041190624237,0.30936171299173154,0.12509603798389435,0.1690669105834923,0.04598993435502052,0.25383413428279306,0.08139582723379135,0.37768296357951814,0.03025187738239765,0.18620270287692434,0.009809302166104317,0.0795451182203179,0.005133061669766903,0.06805225461936795,323,32.13887709691791,251.17647058229576,221.9999999947504,13.454216196136702,-2.699052440120535,0.24079013781586395,0.43680662364150946,-21.478376875471252,C3,ket,ket,psi,F5,F,BL1,between,C3_ket_F5,C3_ket_F5,0.0,0.0,0.0,0.0,0.0,0.0,0.0,0.0,0.0,0.0,0.0,,,,,0.0,0.0,0.0,0.0,0.0,0.0,0.0,0.0,0.0,0.0,0.0,,,,,0.0,0.0,0.0,0.0,0.0,0.0,0.0,0.0,0.0,0.0,0.0,,,,,0.0,0.0,0.0,0.0,0.0,0.0,0.0,0.0,0.0,0.0,0.0,0.0,0.0,0.0,0.0,0.0,0.0,0.0,0.0,0.0,0.0,0.0,0.0,0.0,0.0,0.0,0.0,0.0,0.0,0.0,0.0,0.0,0.0,0.0,0.0,0.0,0.0,0.0
Psi_C3_ket_F5_BL2,500.0000000000551,baseline,40664.29394531698,0.27473806174775134,53465.017089849636,0.3612229241291746,16340.20425415219,0.11039847516804435,18780.414783479853,0.12688514310295249,7604.166189194561,0.05137563393665394,148011.1408176585,,,,,443548.39062504884,0.3080554322539278,568162.5800781877,0.39460309832225243,185069.039306661,0.12853506878943222,96028.1379699813,0.06669393954782574,25398.544637682844,0.017639923427421874,1439833.0436174073,,,,,73772.37792969563,0.29769259860914826,111821.24414063734,0.45123063241444933,19460.29724121308,0.07852785308024111,13737.408901216113,0.05543436539156629,7185.967807770566,0.02899743088470796,247813.94725420818,,,,,0.11693338304758072,0.19302217948987507,0.12911564111709595,0.2322190535169596,0.06198113039135933,0.05768628423528989,0.060066692531108856,0.3921157652781584,0.016980169340968132,0.11193359523405919,0.553152322769165,0.4504271736331484,0.452098548412323,0.33301395666292216,0.3303963541984558,0.12676326331017937,0.10599200427532196,0.3019182368496645,0.11455003172159195,0.294189000802587,0.027677610516548157,0.20899578778263062,0.060179706662893295,0.26452959720957125,0.024082448333501816,0.0880517235768899,0.016063109040260315,0.09355061452129981,0.007277878932654858,0.09230507866935289,130,25.616604814610852,220.29230769228445,205.99999999998175,9.405234983086517,2.9901655871159254,0.623455895401005,0.528070690565506,23.79498169263895,C3,ket,ket,psi,F5,F,BL2,between,C3_ket_F5,C3_ket_F5,2.068602626405572,1.2763489750780015,1.413381049513858,0.6211273981862879,-0.3274194746678972,-1.1196731259954673,-1.7712494658063191,-2.5635031171338896,0.694850336688885,-0.09740331463868497,0.7922536513275704,,,,,1.9533839262268695,0.6131098446067786,1.5677872104315451,0.2275131288114538,0.8371020478890867,-0.5031720337310042,-0.7228657363694286,-2.06313981798952,-0.325718842477821,-1.6659929240979123,1.3402740816200909,,,,,1.8384806255672972,0.6548981445484359,1.1906696046817302,0.007087123662870582,0.18802310002263703,-0.9955593809962237,-0.38693172616241434,-1.5705142071812752,-0.14630080512060833,-1.32988328613947,1.1835824810188609,,,,,-0.9516380405302749,-1.577463900235985,-0.9024845503363027,-3.100553770838597,1.5547391407703304,-1.4941666339695727,-2.7015973581349395,-0.7305011599183108,-0.17281758858066426,1.8160294301297861,0.40276930583220716,0.99517511365043,0.46013538223806966,0.2093870794557615,0.475605300204633,-1.1490587304696245,1.064022049043724,-0.10577217215197353,-0.3824834123354658,2.4056781448441207,-2.2053419609411256,-0.8441249014280066,-1.3115207479975903,-1.5465312458588065,-0.9905169421171975,-3.252481192875609,2.1419149470185497,0.7043311304178743,1.5162834482730225,1.3238307851103417,-0.9850913033851717,-0.5697962119347523,-0.3248575407125401,-1.5548875153199235,5.6892180272364605,4.131670406898189,0.8240284827630506,45.2733585681102
Psi_C3_ket_F5_EPM,500.00000001182343,baseline,30302.1098639978,0.24517096321717735,47228.113038226176,0.3821173514478181,15536.860992799036,0.12570699505982777,16927.16620294544,0.13695579816519948,5613.235238207992,0.04541605506325264,123595.83478552305,,,,,354449.6328208816,0.2449990790782271,694282.3359539177,0.47989479231580445,170200.7819864466,0.11764445772792154,99443.83513113571,0.06873655879747315,26626.251274738515,0.018404327265625804,1446738.6332815865,,,,,74139.46093925316,0.3353420788714848,90032.08764861336,0.4072264224036301,17712.108154715712,0.08011408627135318,14065.596243237269,0.0636204556253636,6744.0285646126,0.03050408689481695,221086.065872652,,,,,0.06250526756048203,0.08615856099264914,0.3030998706817627,0.4953267686517786,0.051655951887369156,0.04605319996433719,0.029661739245057106,0.2791324217137847,0.010479951277375221,0.06004839190915592,0.5255297422409058,0.47531293101003874,0.4506431221961975,0.35436052433204396,0.3057534396648407,0.166937867119645,0.08475451916456223,0.23737131714898252,0.1240508109331131,0.17527771333197012,0.002117777243256569,0.055739693484266904,0.16510698199272156,0.5926795409179448,0.01752547174692154,0.09560059145830732,0.00728650251403451,0.060175577617816244,0.006146561354398727,0.057133714505007746,354,23.012516035630675,227.93785310195463,199.99999999527063,8.742372499393268,-3.0865897877663158,0.5343379945183319,0.5063811763989977,-24.562301100998667,C3,ket,ket,psi,F5,F,EPM,between,C3_ket_F5,C3_ket_F5,0.7911989504906652,0.7818510079033145,0.8746898900353016,0.8653419474479508,-0.5463614826784086,-0.55570942526576,-2.2224586798930814,-2.231806622480433,-0.6235332322512985,-0.6328811748386498,0.009347942587351119,,,,,0.9795191563283234,-0.38153435184015766,2.4384220991524845,1.0773685909840038,0.47337985358448154,-0.8876736545839993,-0.5710721654043054,-1.9321256735727863,-0.12070689894813254,-1.4817604071166142,1.3610535081684805,,,,,1.8600370410610922,1.172098296437061,0.24939961097625013,-0.4385391336477796,-0.22076904040810194,-0.9087077850321321,-0.2843985134495749,-0.9723372580736056,-0.4219594670768089,-1.1098982117008398,0.6879387446240308,,,,,-3.6718570010686804,-5.0805516829863375,2.8035843999190435,0.18938571231495155,0.7633479047615939,-2.472294167745735,-5.765968420219364,-2.2065413627089927,-2.268645123864588,-0.8885612870173666,0.18029490045687446,1.2287255790879184,0.44613172775494564,0.47921608333567867,0.1389663508620306,0.0465557653962721,0.09291964649683293,-1.1503832418436142,-0.03643947379398305,0.15668082074855655,-13.367825124242266,-6.583854471555924,3.0716329765657906,1.9569254057842884,-2.37082614392752,-2.8952540165103806,-1.2911899368239121,-1.2119326391987157,0.7825573906145937,-0.7595005795735095,-1.4506659470072725,-0.4216250020599235,-0.45322978786657425,-1.8722909490671957,-0.3875373476457806,3.461773608334806,0.6418833807733892,-3.083924225527415
Psi_C3_ket_F5_inj,500.00000001182343,baseline,29894.537598363164,0.24112078970339482,39760.63586519803,0.32069791637956635,16679.27951089246,0.13453029785515888,24136.14811000678,0.19467526712979116,6156.536251213698,0.04965686048315077,123981.58464534205,,,,,297022.3007882737,0.2777145095965239,406063.31348616467,0.3796673639341826,152827.50195673888,0.14289302401246884,103198.64044433486,0.09649026267039786,27552.331238444494,0.02576130525492072,1069523.883429069,,,,,63813.11523588398,0.3116430901658248,86221.0756856326,0.4210764881916015,17762.098358574316,0.08674447564319329,14854.240265243836,0.07254341558493706,7334.422161275732,0.035819000192539543,204763.4529677174,,,,,0.11449260264635086,0.33138338521792005,0.1780807226896286,0.559501227774458,0.03333142027258873,0.06252518149632384,0.07964351773262024,0.4268254226970936,0.01704416796565056,0.07705195507481585,0.5686573386192322,0.5852574448490505,0.4242551922798157,0.4001740507103065,0.2911514639854431,0.18299653964669005,0.08603581041097641,0.31759411361352297,0.11613833904266357,0.1914372879453937,0.03174318000674248,0.2695074339247696,0.10409112274646759,0.45209177587515675,0.022075558081269264,0.14540660193363134,0.009294253773987293,0.05975544490142159,0.005692747887223959,0.07564917587865642,280,27.7601522849204,230.41428570883716,200.99999999524698,10.66055943316413,-3.0753856948322245,0.37044983260327746,0.48373609445029536,-24.473141762332585,C3,ket,ket,psi,F5,F,inj,between,C3_ket_F5,C3_ket_F5,0.7323886684365631,0.70950724840462,0.12721716132901673,0.10433574129707388,-0.23822141783295409,-0.26110283786489663,-0.6816216423015895,-0.7045030623335325,-0.22230125093296405,-0.2451826709649067,0.022881420031943323,,,,,0.21186442724592808,0.16280683595415463,0.10899848063551104,0.059940889343736925,0.005779486472589109,-0.04327810481918448,-0.4101110554869258,-0.45916864677869973,0.027776348940230074,-0.021281242351544098,0.04905759129177345,,,,,1.2086422669075518,0.8537927937406318,0.06156077257133568,-0.29328870059558354,-0.2085288883708335,-0.5633783615377528,-0.04747553771680898,-0.4023250108837284,-0.05749443943629758,-0.41234391260321773,0.35484947316692,,,,,-1.0432489080106073,0.7697712499929252,0.4938959837097977,0.7184781617991742,-1.139317588042824,-1.1443426784733752,-1.4764302083870784,-0.3621414065075423,-0.15647970544862022,0.19426152521574855,0.5228283834669583,2.1323987526809036,0.184075917787345,1.0072519609739046,-0.07355738179994954,0.44543593662466197,0.15808354181494996,0.11405880644116795,-0.3226794436437803,0.5396791636262622,-1.6101235779550045,0.2602072566630121,1.068115516390419,0.7809921150486233,-1.368406398628348,-1.074018554573737,-0.23423586309897157,-1.2423604739572471,0.44945468781948805,0.45961682924038993,-0.6360885462384887,-0.3746955174909301,-0.4315691703014978,-1.0107840637294194,-0.3763332547116893,1.870907075779963,0.4431927861809814,-2.994764886861333
Psi_C3_ket_M2_BL1,500.00000001182343,baseline,44148.583008856476,0.3150027523658713,36413.05236902512,0.25980928348220206,20160.15191698063,0.14384387695272224,23813.143536177125,0.16990818833017954,7175.475435426636,0.051197441857639234,140153.00716350097,,,,,173992.98047286435,0.1797685861688807,364297.30762580206,0.376389965612629,187309.97754349178,0.19352763397009462,159394.48397441124,0.16468550023871262,26142.882694862587,0.027010681969249314,967871.9968872061,,,,,72663.12011890576,0.3803606480167274,67003.85595861569,0.35073679784647155,19552.473175511182,0.10234891311021654,13495.19529565298,0.0706416297478991,6623.093434013579,0.03466908806440438,191037.42855046928,,,,,0.058375030755996704,0.20103466081505408,0.19527515769004822,0.538099306640444,0.08861833065748215,0.14437552077531304,0.08722400665283203,0.43162819700989524,0.024237703531980515,0.1399011653042978,0.6360923647880554,0.5170312685764951,0.2947947382926941,0.38135630884219934,0.391765832901001,0.2525734846492137,0.15667113661766052,0.43628308235580426,0.1356574296951294,0.1924385877989653,0.011153790168464184,0.16935767918754233,0.10137578845024109,0.43997603029188315,0.03852064535021782,0.2166254992042194,0.02934917062520981,0.15295482214055384,0.007659494876861572,0.08388932197220175,285,28.19335032695113,224.80701753854365,199.99999999527063,10.563438335702015,3.1161290690789922,0.6028645550162698,0.5226370931620914,24.797367232813393,C3,ket,ket,psi,M2,M,BL1,between,C3_ket_M2,C3_ket_M2,0.0,0.0,0.0,0.0,0.0,0.0,0.0,0.0,0.0,0.0,0.0,,,,,0.0,0.0,0.0,0.0,0.0,0.0,0.0,0.0,0.0,0.0,0.0,,,,,0.0,0.0,0.0,0.0,0.0,0.0,0.0,0.0,0.0,0.0,0.0,,,,,0.0,0.0,0.0,0.0,0.0,0.0,0.0,0.0,0.0,0.0,0.0,0.0,0.0,0.0,0.0,0.0,0.0,0.0,0.0,0.0,0.0,0.0,0.0,0.0,0.0,0.0,0.0,0.0,0.0,0.0,0.0,0.0,0.0,0.0,0.0,0.0,0.0,0.0
Psi_C3_ket_M2_BL2,500.0000000000551,baseline,43377.34765625478,0.298524439048816,43740.0925293017,0.3010208620805398,18620.65554809775,0.12814800933121523,23058.621017458594,0.1586902444802545,8315.46736145111,0.057227340158682714,145305.85098649672,,,,,264727.73437502916,0.21500946955085945,533278.2714844337,0.43312378487866804,186713.71289064558,0.15164718748212855,136558.69485475137,0.11091173583528895,28142.752056124926,0.02285728847252789,1231237.5586434768,,,,,81340.92187500895,0.36835960802939727,87601.98364258776,0.39671338378444887,18014.736053468776,0.08158133641029722,13290.444374085937,0.06018696084730433,6748.468799591807,0.03056104190257533,220819.33008387138,,,,,0.1325811892747879,0.08464726889337676,0.21810761094093323,0.3381901569195259,0.1009518951177597,0.11238132780678793,0.09613844752311707,0.43408796327459154,0.04196770861744881,0.18733844742290878,0.6092207431793213,0.6954732997488521,0.38837188482284546,0.5026172475298358,0.3719155788421631,0.18483437825439597,0.17325258255004883,0.4541637755018311,0.1264256238937378,0.2685106826939593,0.023417489603161812,0.23027544712924117,0.08863480389118195,0.44558947809375526,0.030072713270783424,0.15492757869641954,0.030203716829419136,0.12166583166004986,0.009313138201832771,0.10658884851429432,121,23.902808415371545,220.90909090906612,201.99999999996976,8.800579462022174,3.0035942655070262,0.6910640445394011,0.5622579376663496,23.901843719895695,C3,ket,ket,psi,M2,M,BL2,between,C3_ket_M2,C3_ket_M2,-0.07653775843803615,-0.23334457553278054,0.7962261169365636,0.6394192998418198,-0.3449883397884041,-0.5017951568831485,-0.13983398255926477,-0.29664079965400847,0.6403598126120553,0.483552995517312,0.15680681709474414,,,,,1.8226771525819954,0.7774378491558677,1.6549792708071034,0.609739967380975,-0.013846966086947651,-1.0590862695130754,-0.6715393066755416,-1.7167786101016693,0.3201309027358782,-0.7251084006902497,1.0452393034261274,,,,,0.4899504784041,-0.13923576463877835,1.1641414402762897,0.5349551972334106,-0.35573795389635754,-0.9849241969392362,-0.06639671743017747,-0.6955829604730556,0.08144362522774319,-0.5477426178151351,0.6291862430428786,,,,,3.562547880004321,-3.756579911629459,0.4802382351754434,-2.017014692104902,0.5659091136581964,-1.087994047165758,0.4226107250914412,0.02467935425622325,2.38423788926498,1.268055847157816,-0.18745500555972172,1.2876365265922909,1.197280550915246,1.1990645212507964,-0.22582186640687632,-1.3560500509504758,0.4369072288695467,0.17444118778469744,-0.30608478722326193,1.4466940758581284,3.2211786605113346,1.334427406051181,-0.5832995681915,0.05505910143469353,-1.0752094089146658,-1.4558084302769436,0.12464556870024407,-0.9939454421692469,0.8489591767226785,1.040050862598847,-0.7169775730679316,-0.07596275533042209,0.043213737928472634,-0.7929403283983536,-0.15974171215787342,0.5929854700571625,0.3173536559510312,-0.15974171215787442
Psi_C3_ket_M2_EPM,500.00000001182343,baseline,44439.56884870711,0.31494969429433883,47098.775147598106,0.3337958764828428,20133.575378894067,0.14268957991520198,15239.386116388196,0.10800374807708088,5349.539358265538,0.037912964260234536,141100.53019189707,,,,,336523.2421954577,0.2587958940763302,535067.7773564027,0.41148225878543526,198658.3501023539,0.1527738916190712,122355.38109115014,0.09409474970570611,25920.85220970414,0.019933868695270012,1300342.2770540644,,,,,78885.16406436538,0.37141687662489214,82360.67578319758,0.3877807103392849,18807.881866899825,0.08855359333770406,10630.46878458365,0.05005168664930299,5005.485894321551,0.023567447173488007,212389.82132746346,,,,,0.03738025203347206,0.08222596524372673,0.33012229204177856,0.2900906463651411,0.13430200517177582,0.11540218385017774,0.07028668373823166,0.29458639573251355,0.018476182594895363,0.09130938095411027,0.5572882294654846,0.5410379739420658,0.40799251198768616,0.4549510504437513,0.3738511800765991,0.2963692707830759,0.12553876638412476,0.3215154712268322,0.11082281917333603,0.12847776434135505,0.02838701568543911,0.1335568846387651,0.11412806808948517,0.3973390923213713,0.04042265564203262,0.09566463755276644,0.01769310049712658,0.07420037818894569,0.004298935178667307,0.055084925337642046,429,27.83160043662166,242.59207458633804,207.99999999508145,11.252876148296801,3.0222070577705797,0.732630294396708,0.5609579826704995,24.049959614570053,C3,ket,ket,psi,M2,M,EPM,between,C3_ket_M2,C3_ket_M2,0.02853067738864082,-0.0007315735612621528,1.1175252726771956,1.0882630217272924,-0.005728954002222563,-0.03499120495212615,-1.938492569290216,-1.9677548202401194,-1.2753429490138015,-1.3046051999637045,0.029262250949902664,,,,,2.8648333685180134,1.5824357892808165,1.6695283628960123,0.3871307836588157,0.2554591245327472,-1.0269384547044498,-1.148502140411212,-2.4308997196484086,-0.03704198297079106,-1.3194395622079877,1.2823975792371969,,,,,0.35681290790116316,-0.1033394508923219,0.8962010508678159,0.4360486920743307,-0.16861810438352734,-0.6287704631770119,-1.0362675727614195,-1.496419931554904,-1.2161463996443875,-1.6762987584378717,0.46015235879348476,,,,,-1.9358489714074767,-3.882619611837205,2.280278545753664,-2.6832870673448332,1.8055893209601515,-0.972795363696082,-0.9376297925685201,-1.6589712127229488,-1.1787922341044812,-1.8530593353020963,-0.5744031225732662,0.19710939311470432,1.4113246476484935,0.7663373672542189,-0.2032780130422103,0.6944541551333709,-0.9621113744748583,-1.3256649689897035,-0.8781439042582655,-1.7546419040931553,4.05697267702413,-1.0313861354368594,0.5145822082148037,-0.4426772160543625,0.20931287500520013,-3.5495814611404923,-2.1979188876233158,-3.141570545280344,-2.5083923334764253,-1.8267391914132345,-0.05608507012407256,0.330667445127763,0.1703333929878037,0.2745823750036898,-0.1329122226100575,0.8466512226884519,0.30730102896687417,-0.132912222610058
Psi_C3_ket_M2_inj,500.00000001182343,baseline,40235.28662204519,0.3040113763041643,34573.250000817556,0.26122993517579746,18968.103699179002,0.14331995110749388,24158.798027609853,0.1825400054240914,7078.876234221958,0.053486854135482396,132347.96378734743,,,,,175947.2070354106,0.19649572573606292,332266.517585982,0.3710712526269996,170284.13037512044,0.19017126979832974,132850.25299386412,0.14836556553577565,26090.348747870372,0.02913738784661695,895425.1110364939,,,,,89009.8798849173,0.4221494355099208,72847.78137379292,0.3454970372374116,17992.314545103196,0.08533261070066109,12831.995727842499,0.06085863456931076,6049.067482137671,0.02868906717150333,210849.22162077724,,,,,0.05575375258922577,0.2222171662262925,0.2042577713727951,0.4748767405094663,0.0952419638633728,0.11436970249650184,0.10425572097301483,0.4762278480669926,0.02722887694835663,0.13551949052915063,0.6597527861595154,0.6546042126369321,0.4158518612384796,0.4269807344202813,0.3899870216846466,0.21074840853342264,0.16600362956523895,0.46516385501163543,0.1251469850540161,0.21886967759737103,0.015403415076434612,0.23104481609242544,0.09143567085266113,0.4436458652876347,0.033663567155599594,0.18091592929183758,0.02791348099708557,0.14685435844921546,0.005708302371203899,0.08847674037761956,237,23.49162924912073,238.59071729393617,211.99999999498687,9.34147445491821,3.021439793205079,0.7435077098707996,0.5236491408076387,24.04385391715712,C3,ket,ket,psi,M2,M,inj,between,C3_ket_M2,C3_ket_M2,-0.40309669603771314,-0.1542451299878109,-0.225168791392287,0.02368277465761633,-0.26469885137957627,-0.015847285329674037,0.06258593307575415,0.31143749912565644,-0.05886362741242471,0.18998793863747757,-0.24885156604990233,,,,,0.04850649714645881,0.38639305015631076,-0.3996938182166203,-0.06180726520676802,-0.4138673600809781,-0.0759808070711251,-0.7911090227323242,-0.4532224697224713,-0.008735898719657844,0.3291506542901945,-0.33788655300985243,,,,,0.8812417265466825,0.4527063424927003,0.36316533255520533,-0.06537005149877714,-0.3611466382822373,-0.7896820223362189,-0.2188496747807989,-0.6473850588347807,-0.3937245238255505,-0.8222599078795324,0.42853538405398217,,,,,-0.19953018850677529,0.43506663537225104,0.19531591890271943,-0.5428153410958837,0.3130477708293478,-1.0118257237381694,0.7746386375811616,0.42704979640039054,0.5053826027156165,-0.13819571648522966,0.158610502992086,1.0246198705788658,1.4941892194862918,0.490773444959563,-0.019764027066593526,-0.7862345232270519,0.2512858956367478,0.27837588265356267,-0.35023192840129286,0.5589343699227727,1.4019454849235977,1.3489133513557192,-0.44818589352242744,0.036074213640349996,-0.5853342036740398,-0.7823276921771692,-0.21781833798111666,-0.17676332996995536,-1.276931602056842,0.23122429897860525,-0.7923354978464636,0.2584367885477211,0.2530586526477026,-0.5338987092987437,-0.13401493022009342,0.9106572575018173,0.008401655889018221,-0.13401493022009392
Psi_C3_ket_M5_BL1,500.00000001182343,baseline,39637.66211031231,0.27332986537758375,36095.603394408245,0.2489048518820053,21389.08111622844,0.14749292341658932,28679.319771491166,0.19776430280995178,11755.341251651269,0.08106143679310156,145017.67692145897,,,,,121781.38476850475,0.19055477432899562,231094.12647030837,0.3615995104835978,123951.06421191542,0.19394973306995014,108042.83399455926,0.16905767567707022,17915.06602711126,0.028032210098239283,639088.604299399,,,,,78537.75879091967,0.4251882836019906,59669.92260883288,0.32304145633000403,19477.297913058235,0.10544633557604591,11027.894399903718,0.05970289404516581,4752.213153474649,0.025727565761276903,184712.8950157929,,,,,0.026106439530849457,0.18629711546025315,0.16602149605751038,0.6324115853206549,0.018251024186611176,0.08146804413255856,0.018199589103460312,0.19625461485156734,0.007488277740776539,0.052521243896378925,0.6482298970222473,0.5537044585407944,0.3233351409435272,0.4711128186639689,0.4109271168708801,0.1665856791644088,0.13073612749576569,0.3227434164821409,0.07234904915094376,0.12124661246798114,0.010724364779889584,0.09617949551203812,0.15376970171928406,0.32614416581567623,0.04327206313610077,0.3401471322263473,0.041281647980213165,0.22804215233610198,0.011456107720732689,0.07236106461913702,295,29.314051202569285,240.7050847400708,205.99999999512875,11.760068631315356,-3.1075105695172773,0.29364685480349867,0.44408185451837495,-24.728783392449277,C3,ket,ket,psi,M5,M,BL1,between,C3_ket_M5,C3_ket_M5,0.0,0.0,0.0,0.0,0.0,0.0,0.0,0.0,0.0,0.0,0.0,,,,,0.0,0.0,0.0,0.0,0.0,0.0,0.0,0.0,0.0,0.0,0.0,,,,,0.0,0.0,0.0,0.0,0.0,0.0,0.0,0.0,0.0,0.0,0.0,,,,,0.0,0.0,0.0,0.0,0.0,0.0,0.0,0.0,0.0,0.0,0.0,0.0,0.0,0.0,0.0,0.0,0.0,0.0,0.0,0.0,0.0,0.0,0.0,0.0,0.0,0.0,0.0,0.0,0.0,0.0,0.0,0.0,0.0,0.0,0.0,0.0,0.0,0.0
Psi_C3_ket_M5_BL2,500.0000000000551,baseline,44230.884765629875,0.2747553123598681,53850.08154297469,0.33450825262354844,17729.581329347653,0.11013337585188661,22689.035011294003,0.14094072353977008,11670.535844804142,0.07249553651112764,160982.81917001586,,,,,177197.63671876953,0.23672299672495303,301352.3286133144,0.4025845243783112,124062.6694336074,0.1657385924205723,73181.86526490064,0.09776558408012907,17276.272323610305,0.02307982788264919,748544.2444134583,,,,,80878.1191406339,0.3627629694874879,92800.5760498149,0.41623881583402067,16605.818420411983,0.07448214751982499,9825.059394837506,0.04406838041404852,4788.757959843209,0.021479036309547284,222950.31726887298,,,,,0.03723983094096184,0.15450244506520003,0.06181725114583969,0.41188401504995575,0.05557490140199661,0.09533741020031392,0.019752543419599533,0.20720458257308302,0.008206544443964958,0.06454409647986842,0.6030020713806152,0.6018323216472771,0.4474058747291565,0.47655046924380906,0.3754097819328308,0.11648491052586124,0.12678001821041107,0.2893591059705773,0.07425374537706375,0.21998967394047936,0.027032053098082542,0.062141051070236465,0.05798777937889099,0.20486595561342671,0.013325756415724754,0.18726211384114913,0.011389167048037052,0.13364091071004686,0.014159014448523521,0.08045908968767816,88,17.56861074879742,229.45454545452006,195.99999999996953,6.718662656054513,-2.96071317896534,0.5448733080084773,0.48427253584171726,-23.560606875482662,C3,ket,ket,psi,M5,M,BL2,between,C3_ket_M5,C3_ket_M5,0.4761759558011122,0.022590107508587226,1.737320591479909,1.2837347431873845,-0.8149364731539368,-1.2685223214464605,-1.0175282106046721,-1.4711140588971963,-0.03144444152393187,-0.4850302898164555,0.45358584829252413,,,,,1.6287701733114344,0.9422061556510047,1.152856441893306,0.46629242423287637,0.003908617034356079,-0.6826554006260738,-1.6919249271161887,-2.378488944776618,-0.15768371968654932,-0.8442477373469787,0.6865640176604297,,,,,0.12752539197901047,-0.6895834042300699,1.9179519749476688,1.1008431787385875,-0.6926842228193733,-1.509793019028455,-0.5015741429906718,-1.3186829391997537,0.033269748282262715,-0.7838390479268186,0.8171087962090817,,,,,1.5426005516410757,-0.8127077382487086,-4.290546338706359,-1.8622487969452328,4.835914602354726,0.6827606034227465,0.35561442202079957,0.23579478308163615,0.3977838179331006,0.8952152248103994,-0.3141025326779686,0.361974874370827,1.4104877488261507,0.04983980258037312,-0.39259216373466743,-1.5536799334604585,-0.13344806868121198,-0.47420238102917367,0.11285536694280127,2.5873268241437977,4.0150745412750215,-1.8970389999625572,-4.235342940098519,-2.019398202673295,-5.115157316463645,-2.592168923299481,-5.592650632638278,-2.3207570484258024,0.919959363169046,0.4607016683088744,-2.223384214059136,-0.20788599149658005,-0.2161114900247517,-2.431270205555715,0.1467973905519373,2.684701798590414,0.3762681197857408,1.1681765169666143
Psi_C3_ket_M5_EPM,500.00000001182343,baseline,40408.45605564303,0.2576726654135359,57138.15942517927,0.3643529912559833,20918.237091559102,0.133389355428778,20158.473381519165,0.12854456898158265,8840.448526591495,0.05637290205201698,156820.88742626994,,,,,289167.2890693379,0.2886830437539534,379084.9433683392,0.3784501201538957,171382.99267983393,0.17109599129869954,82138.20791820207,0.08200065763536586,17392.362417632343,0.017363236820296234,1001677.4290207264,,,,,90086.37402556777,0.40817343301474424,83287.76635939136,0.3773695399638818,19946.284790510726,0.09037486109188786,8833.283567637467,0.040022830506775846,3611.3029542823265,0.016362495887417478,220706.11837765938,,,,,0.02245999313890934,0.07273898463551824,0.2091456651687622,0.569870825261098,0.10208874940872192,0.07508008164198318,0.01838434860110283,0.1735869911525453,0.005091591272503138,0.0453853879399164,0.5942638516426086,0.4231216905771468,0.43801915645599365,0.4984414335431019,0.39420855045318604,0.3376810170602887,0.12693484127521515,0.2677430078474957,0.06716728955507278,0.11523512195090105,0.018283778801560402,0.15639737378731752,0.08824782073497772,0.4465151161950368,0.05156848207116127,0.3348478708139937,0.008334996178746223,0.12044034970829791,0.007808116264641285,0.05526834282277622,441,28.756743598337735,235.56916099216195,205.99999999512875,11.290336603878574,-3.108886916032997,0.683758967517667,0.5606456361740533,-24.739736010018483,C3,ket,ket,psi,M5,M,EPM,between,C3_ket_M5,C3_ket_M5,0.08364225823337136,-0.2561873754944803,1.994719403500306,1.6548897697724545,-0.09667046430225529,-0.4365000980301067,-1.531112068084321,-1.8709417018121735,-1.237609411758547,-1.5774390454863985,0.33982963372785197,,,,,3.7556825543623824,1.804014412251054,2.149476277920085,0.19780813580875672,1.4071746232550384,-0.5444935188562889,-1.190507440989139,-3.1421755831004665,-0.12859836570256566,-2.080266507813893,1.951668142111328,,,,,0.5958060315129677,-0.1773655452856428,1.448257406090572,0.6750858292919614,0.10333308533075693,-0.6698384914678545,-0.9637042630937954,-1.7368758398924065,-1.1923198887601103,-1.9654914655587208,0.7731715767986111,,,,,-0.653380263099973,-4.084388960918128,1.0028454459144298,-0.45223393609342183,7.476906430889127,-0.3546255378561159,0.04386663521531332,-0.5330270236939381,-1.6752841065262467,-0.634189512222346,-0.37749743812220504,-1.1681273132113315,1.3184019699594527,0.2448921514163352,-0.18038761109171644,3.0686898342411713,-0.12814772394002646,-0.8113925404355007,-0.32275004480120895,-0.22084747847838607,2.3169438081485048,2.111469613959801,-2.411667825624309,1.3642655184276151,0.7617674595596635,-0.0681927203683356,-6.948516211200799,-2.7724312351248748,-1.664908171630715,-1.1702850503121278,-0.0833613692483775,-0.09366829414309952,0.0,-0.1770296633914775,-0.0013763465157197174,3.6707768160593757,1.0122541816584958,-0.010952617569206069
Psi_C3_ket_M5_inj,500.00000001182343,baseline,34988.66601645237,0.2443496445640004,39771.21301363579,0.2777494220325924,20598.852051268346,0.14385578960875736,29557.371720059287,0.20641922360362178,11278.557873038917,0.07876583823389217,143190.98388247538,,,,,127996.38867490171,0.2154240267216726,201621.38867664273,0.339338413150516,120617.76904582097,0.20300545797453864,89267.24629422516,0.15024103297086291,16901.112417620727,0.028445378270218733,594160.2272631956,,,,,75922.06836117033,0.389814708096686,74686.28344903172,0.38346968687697996,18122.74847454964,0.0930495448689503,10353.166157013618,0.05315735635881115,4538.453635323079,0.023302262665549675,194764.50422270707,,,,,0.033454012125730515,0.18297407357641438,0.13989153504371643,0.5876067619125094,0.031617145985364914,0.0644695643985062,0.027893174439668655,0.25314282815610245,0.007464041002094746,0.054705385376410495,0.582042932510376,0.5818634381520403,0.4384899139404297,0.47562348725268183,0.40847092866897583,0.20282010235145162,0.13726966083049774,0.33071567488158937,0.06995710730552673,0.14285675080596955,0.006627899128943682,0.11642892161357732,0.10653648525476456,0.33012814535884866,0.03340304270386696,0.30166499487561593,0.024665595963597298,0.18034689013261224,0.012455321848392487,0.06379026618982364,259,25.799810735589247,226.23938223403238,205.99999999512875,9.72822207095778,-2.984279262186977,0.4200061232708321,0.4660765240195159,-23.748139807184586,C3,ket,ket,psi,M5,M,inj,between,C3_ket_M5,C3_ket_M5,-0.5418064640177528,-0.4867537582476286,0.4211453095751091,0.47619801534523454,-0.16349109156398495,-0.10843838579386017,0.13096967075835142,0.18602237652847614,-0.1798166863636546,-0.12476398059352956,-0.055052705770124714,,,,,0.2161680843554093,0.5327430504937409,-0.5925230587291945,-0.27594809259086317,-0.11838968390466069,0.19818528223367118,-0.829038294196558,-0.5124633280582257,-0.2530312265711747,0.06354373956715666,-0.3165749661383317,,,,,-0.14710472618466128,-0.3772306723612241,0.9748537397409495,0.7447277935643865,-0.31304644094637935,-0.5431723871229419,-0.27419414749271914,-0.5043200936692814,-0.19988008977562335,-0.43000603595218556,0.230125946176563,,,,,1.0770056441659572,-0.0781657358873558,-0.7437288731189917,-0.3191303248114724,2.386354238629443,-1.0163255416285826,1.8543635992515595,1.1054575000221543,-0.014079275955165048,0.1769507857088279,-0.4677403710518522,0.21543048261100375,1.3230670077638162,0.04138371558049091,-0.02603648332657857,0.8547333376891836,0.21178943931879518,0.1059738756840471,-0.1460098446806482,0.7123115451627915,-2.0899568750863957,0.8297838021217184,-1.5937240705017055,0.052729379463186184,-1.1242157332476868,-0.5214189609942674,-2.2366541294476345,-1.0190647353649045,0.3631786567295567,-0.5475053341645151,-0.5545932205272371,-0.269170583232548,0.0,-0.823763803759785,0.12323130733030041,1.5543026846794432,0.20994200371232058,0.9806435852646906
Psi_C3_ket_M8_BL1,500.00000001182343,baseline,44401.4506846437,0.27847536519996496,50391.7957775588,0.3160453885145475,20200.411255360486,0.1266921871872875,27125.546921417805,0.17012499521334556,7702.53373164271,0.04830846426885084,159444.8063754592,,,,,201936.87891102518,0.2667979821936377,294157.63819054974,0.38863958252352687,107804.14087168986,0.14243028520490422,76304.24021329117,0.1008127759105087,17990.90702290162,0.023769495286982155,756890.577847259,,,,,73503.55371267564,0.3284399996718448,93098.55652075617,0.4159974358879651,19039.31271407327,0.08507441539502059,15127.70007932196,0.06759594003454895,5978.42567553352,0.026713730530443243,223795.98643927492,,,,,0.015520136803388596,0.14215402705105293,0.06037156283855438,0.3558264327435871,0.014573793858289719,0.0816965842716894,0.060776226222515106,0.38036911867101597,0.015228006057441235,0.09025602183008749,0.543182909488678,0.5100158320483406,0.43540140986442566,0.34696318115294744,0.2635769844055176,0.09649230690892396,0.09958245605230331,0.3347790539358628,0.07206493616104126,0.17195632908226982,0.01663736067712307,0.20282370469676314,0.057144712656736374,0.3156042500640541,0.013523544184863567,0.2091660362529252,0.005920426920056343,0.09583320387330316,0.012313051149249077,0.056116821124078654,303,30.471554854547602,257.8151815120553,213.99999999493957,13.093382409632898,0.9835885470507754,0.029431251719954463,0.4338155949411649,7.827148961585309,C3,ket,ket,psi,M8,M,BL1,between,C3_ket_M8,C3_ket_M8,0.0,0.0,0.0,0.0,0.0,0.0,0.0,0.0,0.0,0.0,0.0,,,,,0.0,0.0,0.0,0.0,0.0,0.0,0.0,0.0,0.0,0.0,0.0,,,,,0.0,0.0,0.0,0.0,0.0,0.0,0.0,0.0,0.0,0.0,0.0,,,,,0.0,0.0,0.0,0.0,0.0,0.0,0.0,0.0,0.0,0.0,0.0,0.0,0.0,0.0,0.0,0.0,0.0,0.0,0.0,0.0,0.0,0.0,0.0,0.0,0.0,0.0,0.0,0.0,0.0,0.0,0.0,0.0,0.0,0.0,0.0,0.0,0.0,0.0
Psi_C3_ket_M8_BL2,500.0000000000551,baseline,59304.955078131534,0.3094021769109741,60785.603515631694,0.31712692519210567,20995.735534670275,0.1095376646304804,28216.948646548517,0.14721173509912278,8020.567316056181,0.04184441223131226,191675.94640161714,,,,,285336.26562503143,0.3101217154703274,354574.36425785156,0.38537411241636155,120303.05273438824,0.13075305730444384,72491.59188843572,0.07878850164514233,19069.85537910672,0.02072633932803814,920078.3156777441,,,,,139965.4980468904,0.4493051235634836,94360.0283203229,0.3029063931863629,21399.813598635174,0.06869582881024808,15485.611061097894,0.049710567878175876,6902.96217727737,0.022159291520376004,311515.47290805436,,,,,0.014303998090326786,0.12282070971662178,0.06709114462137222,0.33143001586461585,0.020396007224917412,0.11949479567341428,0.04510634392499924,0.3336016651165831,0.012168187648057938,0.09272487738648427,0.619428813457489,0.6775495826656796,0.44137126207351685,0.37109351644027566,0.3049051761627197,0.16876430668507933,0.10363806784152985,0.3319733594852909,0.07146048545837402,0.21944185440594674,0.041421983391046524,0.19745029392003466,0.05687766522169113,0.41061919449347467,0.014491830952465534,0.1841764012907872,0.007689517457038164,0.09804845448675695,0.012162171304225922,0.0760536423434692,207,40.80372161480685,243.062801932341,213.99999999997732,16.529778174936965,-2.9586335074842243,0.2886360663825465,0.4494907474585661,-23.544057375671322,C3,ket,ket,psi,M8,M,BL2,between,C3_ket_M8,C3_ket_M8,1.2569382165623937,0.45736582846565543,0.8144089770533319,0.014836588956593715,0.16770882459752892,-0.6318635634992097,0.1713154432491123,-0.6282569448476265,0.1757147927889443,-0.623857595307795,0.7995723880967389,,,,,1.5014133343670282,0.653496369826943,0.8112720299160394,-0.036644934624046735,0.47641204978535184,-0.37150491475473396,-0.22261035491421372,-1.0705273194542997,0.2529434035334093,-0.5949735610066775,0.8479169645400859,,,,,2.797126572184027,1.3608532798998634,0.05845115196271433,-1.3778221403214497,0.5075872341897709,-0.9286860580943918,0.10155441628304944,-1.3347188760011133,0.6244865939191442,-0.8117866983650196,1.4362732922841637,,,,,-0.35438101588912474,-0.6348756462230656,0.45832782724004395,-0.30846369107886096,1.4597253486247894,1.6514509188745916,-1.2949610296429972,-0.569770406074971,-0.974171424585665,0.11720080293980341,0.5704530620530497,1.2335742432191945,0.05914221605289289,0.2919997562555622,0.6325731224536015,2.4278791007549785,0.1733647439965479,-0.03655044317581088,-0.03658044042545298,1.0590129940190802,3.961464585178124,-0.11660926548059908,-0.02034292595190698,1.1429640373450254,0.30032735023245527,-0.5525718366533623,1.1354606253823971,0.09924744759853847,-0.05354567405131725,1.3202695664845752,1.268051606266226,-0.25589987338591225,1.0223703367530957e-10,1.012151732880314,-3.9422220545349997,9.915418640420206,0.1541559631217927,-31.37120633725663
Psi_C3_ket_M8_EPM,500.00000001182343,baseline,51370.20703246474,0.27116036131222243,66202.58154453423,0.3494538365413408,24470.263947111845,0.12916758558342786,25506.334732658805,0.13463654015424367,7382.559932883314,0.03896923400648648,189445.85699720136,,,,,353027.914070848,0.3326528536471443,393478.4609468046,0.3707687909811368,141040.28345060078,0.13290012177232177,73665.9635484949,0.06941432111840162,20623.657343398452,0.019433359783967572,1061250.219862284,,,,,104084.03906496127,0.35006131867623047,117729.36230747144,0.3959540404705421,21510.146576436382,0.07234413982307851,14256.378826478476,0.04794785844571417,6126.740149642863,0.020605798499345393,297330.87751185655,,,,,0.006304373499006033,0.06403517593581302,0.08494721353054047,0.29596028650885003,0.011113098822534084,0.11365002140770661,0.03453825041651726,0.3298917685970163,0.008248903788626194,0.06729470619390672,0.5877008438110352,0.607239778106933,0.49069297313690186,0.42886404191968275,0.30873173475265503,0.1686314694699224,0.08317641913890839,0.2531323472931894,0.06087154150009155,0.14786983988838562,0.02548540197312832,0.18347726391508112,0.059654995799064636,0.38643091811920094,0.010858122259378433,0.16861878523636598,0.005372453946620226,0.09333695298338382,0.006910967640578747,0.04019569376209732,804,52.35579365168716,255.7661691481808,221.9999999947504,22.318067958341114,-3.03684596245517,0.16642953458864998,0.43130210641339906,-24.166452316670235,C3,ket,ket,psi,M8,M,EPM,between,C3_ket_M8,C3_ket_M8,0.6331415640354744,-0.11560578242672793,1.185150896348518,0.4364035498863167,0.8327844263528461,0.08403707989064418,-0.2673044859215062,-1.0160518323837078,-0.18426627567142498,-0.9330136221336265,0.748747346462202,,,,,2.425934069772212,0.9580871270696578,1.263408341210035,-0.2044386014925201,1.1670772921575816,-0.3007696505449734,-0.15281798511253789,-1.620664927815092,0.5931262525437554,-0.8747206901588,1.4678469427025551,,,,,1.510758003857099,0.27688081412809407,1.0194184426433008,-0.21445874708570334,0.5299210274795709,-0.7039561622494348,-0.2576367853034351,-1.4915139750324389,0.10642626792695042,-1.1274509218020543,1.2338771897290046,,,,,-3.9125361028758214,-3.463405601565874,1.4831671897324383,-0.8000476765269747,-1.177374459726055,1.4336562277600389,-2.4543339594610027,-0.6183377104753709,-2.662468026725567,-1.274952860702552,0.3421021726526243,0.7577655510508001,0.5192000781734397,0.9203624335606081,0.6867378831515724,2.4244593500294442,-0.7818261384827186,-1.2141063138564652,-0.7330970635880296,-0.6553856261443636,1.852070562935749,-0.43536455963441606,0.18670766183492046,0.8792902381438522,-0.9533579693395017,-0.9358521026619137,-0.42180323335510367,-0.11462388533414454,-2.508268240999127,-1.4491353255214494,2.3507013208260967,-0.03465388621938663,0.15939201101447795,2.3160474346067104,-4.020434509505945,7.524216655348165,-0.02523580936308952,-31.993601278255543
Psi_C3_ket_M8_inj,500.00000001182343,baseline,39940.72900485072,0.2279532466396603,59551.30993793163,0.3398764814820365,21771.743164577336,0.1242576102896744,32877.4029701378,0.18764081014177605,10066.555713891607,0.057452733453661496,175214.56523928122,,,,,199151.66016095932,0.25866794285746186,307352.86963617423,0.39920498004320465,106981.43652596729,0.13895273626010624,76899.62765684773,0.09988100765228271,18941.361534566557,0.024601969268575878,769912.4134245781,,,,,62708.670899920355,0.21878082368446755,157560.93408575706,0.5497056538606978,19776.83056687391,0.06899829352457738,15669.629616154229,0.05466890662894122,7101.34100263222,0.024775477003805117,286627.82159720146,,,,,0.008003500290215015,0.12785420799693506,0.05475342646241188,0.26396731818806596,0.014804222621023655,0.08325939966307061,0.07783710956573486,0.4215532529250798,0.02315685711801052,0.08328905608676555,0.4983682632446289,0.4405461592212312,0.47218960523605347,0.30827556386555455,0.2796005606651306,0.1471601698153317,0.11889346688985825,0.36630253490986336,0.09393469989299774,0.22460070722203285,0.01766222156584263,0.12626699674525008,0.06863613426685333,0.324371752770694,0.010803372599184513,0.18162457240839314,0.008191727101802826,0.11744834896954888,0.016577180474996567,0.05946712274077983,403,40.06362461572022,250.76923076330087,217.99999999484498,16.744540544123012,2.799899340796032,0.07714625324114795,0.4479060616643863,22.28089101237139,C3,ket,ket,psi,M8,M,inj,between,C3_ket_M8,C3_ket_M8,-0.45981172197725123,-0.8694100011270666,0.7253148372687868,0.3157165581189716,0.32532991185050425,-0.0842683672993113,0.8351900127450624,0.42559173359524743,1.1624729260928852,0.7528746469430702,0.4095982791498153,,,,,-0.06031708511458924,-0.1343993144245868,0.1905714241908664,0.11648919488086709,-0.03327017663819149,-0.1073524059481905,0.033755646860973196,-0.04032658244902485,0.22358134425867535,0.14949911494867632,0.07408222930999823,,,,,-0.6898074056996985,-1.7644678995564416,2.2850559945799174,1.210395500723174,0.1650542578282332,-0.9096062360285109,0.152858255171533,-0.9218022386852093,0.7475353332456611,-0.3271251606110823,1.0746604938567432,,,,,-2.8761558003521577,-0.46044140937495703,-0.4242111612396016,-1.2968804655958523,0.06812984975586742,0.0822937601666928,1.0745297035619457,0.4464719460706238,1.8203657508526563,-0.34888247161604125,-0.373957189222161,-0.6359223847333352,0.3522659131833429,-0.5134429022203209,0.25630553040071286,1.8329759080540677,0.7697515781096691,0.39081646364722233,1.1510204595759883,1.1599295419231235,0.2596089684907053,-2.0582886018591764,0.795767618650789,0.11900184592546512,-0.9753116951524021,-0.6131656163335226,1.4102245115366747,0.8833090843809754,1.2914498207833758,0.2518386471950122,1.188556227194512,-0.12034239559748913,0.08042720255413996,1.0682138315970244,4.543289551467544,4.185061053825705,0.13881779823585202,4.543289551467544
Psi_C3_psi_F3_BL1,500.00000001182343,baseline,33759.69384845456,0.2695024331543372,43498.308106497345,0.3472454437952408,16750.68035928282,0.1337200844913451,16389.92325630798,0.13084017339185863,6898.696310206467,0.055072046847918964,125266.74974070175,,,,,108219.90136974656,0.19720461743285686,210954.47412608215,0.3844135490721614,93008.62768774622,0.1694857471589282,77093.73909178884,0.1404847087424425,23481.51137598251,0.04278937985560236,548769.6118808814,,,,,64693.7832046548,0.33597725610019014,71401.70385911032,0.3708138147922717,20444.89694262213,0.10617744141355324,15719.416771306775,0.08163638378685757,9007.990282271725,0.04678161807975812,192554.05546071482,,,,,0.11644700169563293,0.22676317230642906,0.32301971316337585,0.5726981924076171,0.10471422970294952,0.1187347860051642,0.044893037527799606,0.305456876947551,0.03731682151556015,0.11876724761641799,0.5582315921783447,0.5362067005636412,0.2526288330554962,0.4425036386230366,0.366951584815979,0.16569849646639864,0.1498222053050995,0.27255306296152554,0.19600990414619446,0.15222848349042678,0.026845300570130348,0.23984264676303144,0.111632339656353,0.5392997325279076,0.026867391541600227,0.1665801814370808,0.010613714344799519,0.11714956857373203,0.030532121658325195,0.09528754945728458,288,28.767492733891732,242.79861110536967,213.99999999493957,11.641178801287877,3.056989904921316,0.7316584653568831,0.5559676158281373,24.32675271751253,C3,psi,sal,psi,F3,F,BL1,between,C3_psi_F3,C3_psi_F3,0.0,0.0,0.0,0.0,0.0,0.0,0.0,0.0,0.0,0.0,0.0,,,,,0.0,0.0,0.0,0.0,0.0,0.0,0.0,0.0,0.0,0.0,0.0,,,,,0.0,0.0,0.0,0.0,0.0,0.0,0.0,0.0,0.0,0.0,0.0,,,,,0.0,0.0,0.0,0.0,0.0,0.0,0.0,0.0,0.0,0.0,0.0,0.0,0.0,0.0,0.0,0.0,0.0,0.0,0.0,0.0,0.0,0.0,0.0,0.0,0.0,0.0,0.0,0.0,0.0,0.0,0.0,0.0,0.0,0.0,0.0,0.0,0.0,0.0
Psi_C3_psi_F3_BL2,500.0000000000551,baseline,56600.10644531874,0.3529777929753575,57945.74560547513,0.36136966307461416,15856.767639161902,0.0988882741837557,12974.827182771205,0.08091549911899576,5546.151679039612,0.03458771550306668,160350.33243371823,,,,,203660.3593750224,0.2557572538640811,329422.2753906613,0.41368942279253174,114194.5354004032,0.14340581971826594,66883.3903045728,0.08399235023403857,20149.5751514457,0.025303893320605172,796303.3552246972,,,,,100832.11132813609,0.36667979834081543,111589.06298829352,0.40579786116380223,19823.4039917014,0.07208856070117114,13781.888267518607,0.050118359559522964,7314.571741104931,0.02659971764599331,274986.8189750021,,,,,0.20187115669250488,0.14193030332116177,0.26958218216896057,0.16508158486317542,0.12907277047634125,0.09271742971291241,0.06943750381469727,0.35699827535012923,0.030787277966737747,0.14707427087327152,0.5720312595367432,0.6649345910756103,0.3657974600791931,0.43013674605421115,0.33033907413482666,0.12472696553485724,0.13343046605587006,0.2668876302369932,0.12306730449199677,0.22324308360421824,0.020216530188918114,0.18101882367102715,0.055403586477041245,0.28816844425110855,0.023960229009389877,0.10596881520297126,0.010041220113635063,0.08047982604709568,0.011359775438904762,0.08437411375083473,140,27.4811557788975,222.72857142854753,194.99999999997897,10.201397613065355,3.103041631649812,0.8119176477418736,0.5904463628400752,24.693220714850398,C3,psi,sal,psi,F3,F,BL2,between,C3_psi_F3,C3_psi_F3,2.2441874839817575,1.1718469282497606,1.2454919030360432,0.17315134730404674,-0.23817789186516294,-1.3105184475971599,-1.0147533804108757,-2.087093936142873,-0.9477528443071686,-2.020093400039166,1.0723405557319967,,,,,2.745993719934248,1.1291088066935833,1.935642218781219,0.31875730554055337,0.8912208538146145,-0.7256640594260505,-0.6170083043809803,-2.233893217621646,-0.6646015303949118,-2.2814864436355773,1.6168849132406655,,,,,1.9273631216104454,0.3797710490951176,1.9391305536219425,0.3915384811066138,-0.1340669395315172,-1.681659012046846,-0.5712770393594201,-2.118869111874748,-0.904390051802873,-2.4519821243182003,1.547592072515328,,,,,2.389459607741713,-2.0349739302408483,-0.7853784270545651,-5.4022718270035615,0.908289297241751,-1.0741659012625022,1.8941510875572503,0.6771621092163416,-0.8353335254464909,0.9284001204499113,0.1060535112398263,0.934466895819102,1.607577696369161,-0.12310300785812978,-0.4564882047788851,-1.2335821110555083,-0.5032118240783936,-0.09122621525170115,-2.0213532781840553,1.662820917613626,-1.2316165219391169,-1.2220266979274925,-3.0425214792562065,-2.721837830244549,-0.49734539711937836,-1.964452520961154,-0.24080907590141448,-1.6305366455307702,-4.293872379170447,-0.5282693407200527,-0.19867018114828366,-0.3747026656281397,-0.4037916197644996,-0.5733728467764232,0.06493597731528863,0.4520357948946313,0.26130956285169105,0.06493597731528863
Psi_C3_psi_F3_EPM,500.00000001182343,baseline,37130.53027431552,0.2717026161794424,60032.370240677395,0.439286806014936,14544.173492775566,0.1064269742166419,11097.414850497405,0.08120532148161798,5656.190428390738,0.041389167503108455,136658.7145770917,,,,,185219.12891062984,0.22224140356784322,419882.03907242883,0.5038095916184236,96092.31445539728,0.11529959654952479,61052.570077432465,0.07325598033656447,21834.373381177327,0.02619870752441875,833414.1430765772,,,,,77806.77929871489,0.3097104492788413,113637.52636987469,0.45233499785193354,19479.008240206713,0.07753633356830535,14217.87013087515,0.056594335168610316,7758.751191799529,0.030883765387968793,251224.26279089856,,,,,0.10802370309829712,0.06574387420311804,0.4544251561164856,0.23194198987803125,0.14275038242340088,0.13457895556612348,0.04807164520025253,0.20996158214852134,0.033698804676532745,0.09444442587146437,0.48712146282196045,0.41182247465424915,0.367233544588089,0.46801209958992196,0.3078295588493347,0.1305890855053783,0.12103093415498734,0.18109061115829114,0.19042479991912842,0.13166859852003004,0.003781847655773163,0.0933851661922964,0.15392614901065826,0.4200594415633811,0.009727079421281815,0.09414738943514314,0.00440215552225709,0.06835598611101563,0.025722015649080276,0.0795213987504512,328,20.447093146966985,225.2926829215018,201.99999999522333,7.677634121710075,3.026657593032735,0.7872986681078779,0.6216835566425107,24.085375848888894,C3,psi,sal,psi,F3,F,EPM,between,C3_psi_F3,C3_psi_F3,0.41332652035183026,0.035311296973594045,1.3991312568595835,1.0211160334813472,-0.6134340492145344,-0.991449272592771,-1.693550986413606,-2.0715662097918424,-0.8624300460934404,-1.2404452694716765,0.37801522337823584,,,,,2.3337870358843826,0.5190789171330842,2.9893855684710897,1.174677449719791,0.14165417270142694,-1.6730539460498712,-1.0131515893399918,-2.8278597080912906,-0.31585313891492633,-2.1305612576662254,1.8147081187512983,,,,,0.8015488984810836,-0.35354020717458573,2.018131960814993,0.8630428551593229,-0.21018084418890817,-1.3652699498445775,-0.4360188564814571,-1.5911079621371256,-0.6483608389086594,-1.8034499445643282,1.155089105655669,,,,,-0.32609249700611675,-5.3771723100722335,1.4823333793789226,-3.9254643361932477,1.3457157805545288,0.5439917967151777,0.2970999425550619,-1.6281007043030953,-0.44290148962956527,-0.9952036111838597,-0.5917714578272353,-1.1462219276322774,1.6245942856187061,0.2434023493311627,-0.7629844775835373,-1.034116870947964,-0.9267980004826604,-1.7755513258564857,-0.12554508343077478,-0.630137079715182,-8.511642406814845,-4.096485121393014,1.395223771121339,-1.0851945421975522,-4.412430425007316,-2.4781504858739187,-3.8220201341279654,-2.3396414069775036,-0.744519860874293,-0.7855214766353337,-1.4827043664575927,-0.3249911119817716,-0.2506240390256707,-1.8076954784393644,-0.043307127310112076,0.31831114946353933,0.48519885150718556,-0.04330712731011256
Psi_C3_psi_F3_inj,500.00000001182343,baseline,38020.23388761781,0.2916938086900922,46353.48352160393,0.3556270641163393,16229.946625139646,0.12451724941822852,14491.336586341211,0.1111785154813732,6615.95770374684,0.050758075461681165,130342.95811198418,,,,,133548.679690658,0.22153914807125294,234679.05566961193,0.38930072677348093,104667.46399173288,0.1736291280244614,66184.16899265393,0.109790560628523,20671.15131808525,0.03429063666722949,602822.0332765076,,,,,80314.59765814919,0.34386790201057466,92939.09326391648,0.3979198296112658,20744.698212160467,0.08881867132573924,14787.519768110908,0.0633129411946229,8389.680260856652,0.03592051549731676,233562.35690669186,,,,,0.1329808235168457,0.11185495681538156,0.3578885793685913,0.41023283306065106,0.13164778053760529,0.1012255255949828,0.05377192422747612,0.33429507621923255,0.031780581921339035,0.13478355556387234,0.5081596970558167,0.5405810963278902,0.32292380928993225,0.4116117087673281,0.3599525988101959,0.11647300119923662,0.14583717286586761,0.29587310252795435,0.16464048624038696,0.22509376337368056,0.016045555472373962,0.2075654019969603,0.09213359653949738,0.4304998487718018,0.02255953848361969,0.09652329350794955,0.010106737725436687,0.09263052276743812,0.02161107026040554,0.08629779926021412,271,27.35209514422006,222.99630995782647,199.99999999527063,10.165693811294094,2.989417877100599,0.7694067005688244,0.5986266220407614,23.78903160539202,C3,psi,sal,psi,F3,F,inj,between,C3_psi_F3,C3_psi_F3,0.5161628462108404,0.34364520666941206,0.27610012342686624,0.10358248388543713,-0.1371535981023084,-0.3096712376437378,-0.5346847623950403,-0.7072024019364697,-0.18174307066109957,-0.3542607102025281,0.17251763954142932,,,,,0.9133246500398886,0.5053340181958911,0.462855912282759,0.05486528043876119,0.5128846514275368,0.10489401958353974,-0.6626498948516033,-1.0706405266956,-0.553613804898564,-0.9616044367425609,0.4079906318439971,,,,,0.9393193923575303,0.10081760025981576,1.144898556118175,0.30639676402046084,0.06322195490081166,-0.7752798371969025,-0.26541090412245477,-1.103912696220168,-0.30882499249982226,-1.147326784597536,0.8385017920977138,,,,,0.5766070740060211,-3.0691728945460324,0.4451881262949752,-1.4489539610058264,0.994078393679413,-0.6928793341569593,0.7837658658839786,0.3918007285335357,-0.6974280020180872,0.5494021680328389,-0.40814193511775876,0.0352861798516335,1.0661715090488377,-0.3142912589828687,-0.08363454240708917,-1.530933014589329,-0.11707948681241871,0.35654418751228745,-0.757413762497327,1.6986754132763426,-2.2351351455496054,-0.6277144324176545,-0.833720023646518,-0.9785720166621774,-0.7589529365692771,-2.3699119856074633,-0.21256399240969648,-1.019865785288892,-1.50080708912876,-0.4303643757799712,-0.21911413587718157,-0.369485214922581,-0.29383777685209644,-0.5885993507997623,-0.09707377231469436,0.21847562358480438,0.32106531417220524,-0.09707377231469486
Psi_C3_psi_F6_BL1,500.00000001182343,baseline,33692.489746890475,0.24954951064192796,38652.07800384369,0.286283596837572,18386.573395210176,0.13618347672213976,26522.15853181613,0.19644115743607782,10767.867931620594,0.07975415866204502,135013.2471116521,,,,,156714.9433630808,0.2571177938684886,234317.28662663462,0.38443777287471964,90563.83117889937,0.148585527182614,68485.74750680746,0.11236263710722189,21489.619446308945,0.03525741339361007,609506.4095145349,,,,,93380.75293189565,0.47553447330095644,59280.202638120536,0.30187998119111287,17124.92642252409,0.0872074020713008,10948.440655013535,0.05575411202933583,5687.801646843942,0.02896470284775781,196370.10180079375,,,,,0.01508516725152731,0.07899621706341158,0.14048217236995697,0.5748922712590105,0.010744072496891022,0.12573368529456025,0.06604349613189697,0.39065599731675976,0.021230217069387436,0.11783902000560569,0.5990162491798401,0.45935662396627364,0.328976035118103,0.4491478252875516,0.42746442556381226,0.08557119020721034,0.18230648338794708,0.2729750396139186,0.1743670552968979,0.2530775429242732,0.02611621282994747,0.08822139913825651,0.10922370851039886,0.42684845621396716,0.02132227085530758,0.20312487973646753,0.023052390664815903,0.15878103159148596,0.022545116022229195,0.05702912747991533,322,31.711328429660362,226.7763975101654,203.99999999517604,11.985634702566777,-2.071675565521009,0.07410722539334261,0.4228359626332657,-16.485870336768315,C3,psi,sal,psi,F6,F,BL1,between,C3_psi_F6,C3_psi_F6,0.0,0.0,0.0,0.0,0.0,0.0,0.0,0.0,0.0,0.0,0.0,,,,,0.0,0.0,0.0,0.0,0.0,0.0,0.0,0.0,0.0,0.0,0.0,,,,,0.0,0.0,0.0,0.0,0.0,0.0,0.0,0.0,0.0,0.0,0.0,,,,,0.0,0.0,0.0,0.0,0.0,0.0,0.0,0.0,0.0,0.0,0.0,0.0,0.0,0.0,0.0,0.0,0.0,0.0,0.0,0.0,0.0,0.0,0.0,0.0,0.0,0.0,0.0,0.0,0.0,0.0,0.0,0.0,0.0,0.0,0.0,0.0,0.0,0.0
Psi_C3_psi_F6_BL2,500.0000000000551,baseline,45437.013671880006,0.3029023493270008,51144.34960938063,0.3409498644289287,15387.811737062239,0.10258166084190398,18380.790958406564,0.12253412612007777,7999.628928185391,0.05332890963279131,150005.48451616033,,,,,233030.92968752564,0.28492982699690156,336090.7377930057,0.410942341014693,109282.7691650511,0.133621406195708,50131.83638763979,0.06129682222064198,17502.892608644503,0.021401005306950844,817853.7576905198,,,,,89246.73437500984,0.36620838132448946,102275.14599610501,0.41966819208846073,14072.147384645104,0.05774259810825671,8082.016632080968,0.03316314316034767,4640.512698650872,0.019041533068850588,243704.78374150099,,,,,0.013535833917558193,0.19813179844547868,0.05408196896314621,0.2786202211999311,0.008105299435555935,0.10635949851249703,0.04778522625565529,0.36014724652232705,0.021663442254066467,0.17281660428728257,0.6250522136688232,0.41051378810171507,0.4558418095111847,0.3916114885295974,0.3994041681289673,0.08473311844757547,0.19842852652072906,0.3378629271281484,0.1289731115102768,0.32446383657952527,0.03597952798008919,0.19865983198161097,0.05358866974711418,0.2525464835822814,0.01122128963470459,0.12869533809718062,0.013086794875562191,0.10531066893941166,0.024362122640013695,0.09324584697893999,85,16.712982382552177,235.52941176467985,215.99999999995134,6.560664848993286,-2.521710647897501,0.1990473067790237,0.4625121455037746,-20.067135733017665,C3,psi,sal,psi,F6,F,BL2,between,C3_psi_F6,C3_psi_F6,1.2987667494555772,0.841459191910829,1.2162481284045286,0.758940570859781,-0.7732393542944849,-1.2305469118392323,-1.592446707295634,-2.049754264840381,-1.2905987805185997,-1.7479063380633464,0.4573075575447474,,,,,1.723031577461024,0.44605781306793485,1.5665221445365423,0.28954838014345213,0.8159690479300967,-0.4610047164629941,-1.3548658673330236,-2.6318396317261135,-0.8911889663536593,-2.168162730746749,1.27697376439309,,,,,-0.196650375221202,-1.1345372639757505,2.3686042859209233,1.4307173971663747,-0.8526833915963583,-1.7905702803509063,-1.3183252881292256,-2.256212176883775,-0.8837847720141888,-1.8216716607687375,0.937886888754548,,,,,-0.4706511261997543,3.9934788716987364,-4.145687198126559,-3.145738374341504,-1.2239986642237926,-0.7267536409453275,-1.4053640869620092,-0.3531439718691236,0.08773031170556515,1.6629634524169756,0.1847769418844355,-0.4882223478976793,1.4164989377689507,-0.5953387720824783,-0.2948738492305202,-0.04274382504946393,0.36801993637115893,0.9261760263174107,-1.309652558349378,1.0791268980051862,1.3914526232241728,3.525361226813723,-3.092439416882284,-2.279323892023424,-2.7879068369632547,-1.9820030603034202,-2.458826756165566,-1.7832624776450472,0.3366265049666415,2.1353277100398955,-2.781604801988377,0.1644729546425983,0.2482358373520399,-2.617131847345777,-0.45003508237649203,4.290957523161213,0.38951224338339796,-3.58126539624935
Psi_C3_psi_F6_EPM,500.00000001182343,baseline,32288.88916091978,0.2354099853776987,55679.7124036604,0.4059464609468399,15161.653595329228,0.11053971641421788,16820.53492776592,0.12263419350403099,7581.379538715347,0.05527388809993128,137160.23604145143,,,,,215541.02734884687,0.2550744652654151,385893.8867278752,0.4566725788450318,112621.8665798116,0.13327839598975566,53921.8854382868,0.06381196314896177,18561.933554134608,0.021966468907796924,845012.169777825,,,,,84241.50976761704,0.3924536269908948,83454.567018575,0.3887875182406163,15085.229080556914,0.0702771458273278,7913.14813251134,0.03686476766723489,4496.703114139079,0.020948668317000093,214653.41119034047,,,,,0.00632714806124568,0.11231352961909057,0.14602413773536682,0.46027790173790284,0.01129666157066822,0.08661840749880871,0.029934803023934364,0.3073990262437148,0.02141398750245571,0.15889927708086388,0.5242135524749756,0.2505690268075409,0.4646010994911194,0.3497633833333397,0.3795917332172394,0.07867217470430118,0.1719759851694107,0.3050553865916915,0.16590259969234467,0.24311383523231767,0.019120628014206886,0.20388432758105698,0.09806884825229645,0.4879421064436595,0.009296306408941746,0.14225715771911437,0.007659242954105139,0.1155189621481034,0.02486010268330574,0.06285288568523988,245,16.036375299561247,213.5755101990312,193.9999999954125,5.708295060578226,-2.8468419667434612,0.1602768341100979,0.4809766165886942,-22.65444856043375,C3,psi,sal,psi,F6,F,EPM,between,C3_psi_F6,C3_psi_F6,-0.18480000696361437,-0.25331842213279865,1.5852413607557563,1.5167229455865732,-0.8375422979119478,-0.9060607130811326,-1.977690635089696,-2.0462090502588794,-1.523814814548487,-1.5923332297176704,0.06851841516918397,,,,,1.3841953846941593,-0.03465148209412032,2.166635689877803,0.7477888230895223,0.9466793453718301,-0.47216752141645085,-1.038351309721222,-2.4571981765095026,-0.6360551105796821,-2.0549019773679635,1.418846866788281,,,,,-0.44731229710806175,-0.8339365895698825,1.4854042873438402,1.0987799948820196,-0.5507680456676273,-0.9373923381294474,-1.4100297295309914,-1.796654021992812,-1.0205022756044984,-1.4071265680663196,0.3866242924618208,,,,,-3.7734213214672723,1.5282578132465487,0.16803436033371544,-0.9656634549939292,0.2178118808108986,-1.6184145019630904,-3.4365365060306385,-1.0409200850831604,0.03743110224437125,1.2983279927988702,-0.5793035885734106,-2.6322259710470353,1.4991597113634985,-1.0861495991754022,-0.5158323196692004,-0.36506417252326373,-0.2533430780054536,0.48255760372244655,-0.21611241798163117,-0.17443934761544153,-1.3540804664852268,3.63809902059087,-0.46785843345447836,0.5809458166409274,-3.6052302610798344,-1.5468899389455801,-4.785301251551268,-1.3814534077409646,0.4245044351387433,0.42228494569264785,-2.9610822408226194,-0.26046399465767667,-0.2182843749567273,-3.2215462354802953,-0.7751664012224522,3.3501020198732636,0.5595204560052156,-6.168578223665435
Psi_C3_psi_F6_inj,500.00000001182343,baseline,33157.83545000283,0.2444934510695226,43801.9445811139,0.3229791223959886,18014.86038250607,0.13283482850066902,23220.281082702404,0.1712176497550529,9849.595504993653,0.07262722563075359,135618.5014566066,,,,,178969.62500423205,0.27333007755973177,243661.76367763683,0.3721306828618244,102558.17383055018,0.15663123620461217,59968.79797505089,0.09158691706090878,20667.474125397173,0.031564251785882534,654774.7200090747,,,,,82931.97754102357,0.42669834344583424,67131.71472326714,0.3454034537030872,17752.87518352527,0.09134139395703837,9877.372263188281,0.0508206666145809,5012.433182834898,0.025789773729808774,194357.3927925293,,,,,0.026435023173689842,0.12876022941054255,0.09564730525016785,0.44501223625268405,0.017174145206809044,0.08977909922459709,0.055133748799562454,0.40262714416737766,0.01779029704630375,0.14034196730469448,0.5474038124084473,0.3826911968298437,0.3737570345401764,0.33129759880167275,0.44062650203704834,0.11218034282092526,0.2051115483045578,0.3357339168444543,0.15388180315494537,0.2911101620109777,0.021287038922309875,0.17079944259273494,0.055538661777973175,0.3744834669582637,0.011899420991539955,0.15427801403669783,0.013999106362462044,0.12260102903646256,0.016943752765655518,0.06125791870581052,276,27.637863874160253,233.5144927481013,199.99999999527063,10.756402938692677,-3.109750647765413,0.2869144802570889,0.49151460967032956,-24.74660936875445,C3,psi,sal,psi,F6,F,inj,between,C3_psi_F6,C3_psi_F6,-0.06946932903261625,-0.08889491836579785,0.5432054405513296,0.523779851218148,-0.08869899066258409,-0.10812457999576565,-0.5774139406084435,-0.5968395299416253,-0.38711324652618573,-0.4065388358593668,0.01942558933318204,,,,,0.5766891805115228,0.2655529150651982,0.1698305379325625,-0.1413057275137627,0.5401549265091701,0.22901866106284402,-0.5767485649978566,-0.8878848304441815,-0.16941322173363732,-0.48054948717996293,0.3111362654463249,,,,,-0.5153534993428502,-0.4706104925371462,0.5401806084037265,0.5849236152094296,0.15639985440548876,0.20114286121119315,-0.4471084668263863,-0.40236546002068285,-0.5489584624989586,-0.5042154556932552,-0.04474300680570351,,,,,2.43629565829934,2.121754473089271,-1.6694847559880934,-1.1121451741614299,2.0370620039961516,-1.4627640134434852,-0.7841253218157872,0.13108554696106461,-0.7677123505249139,0.7589843805720241,-0.39130785673255675,-0.7930151120213873,0.5542511323567392,-1.3217101303941716,0.13170637068989607,1.1758919025024213,0.5118799914856758,0.8987227950464994,-0.5427716662977797,0.6080375662651212,-0.8879494491572398,2.869125078809836,-2.9372150712656486,-0.5684106621930975,-2.533076260906494,-1.1945908147241882,-2.1661565765136843,-1.1230450381018398,-1.2404286881268058,0.31065510041276084,-0.597099621287789,0.1271598764923519,-0.0860017176191758,-0.46993974479543626,-1.0380750822444038,5.8789191376478485,0.6536451383369872,-8.260739031986134
Psi_C3_psi_M3_BL1,500.00000001182343,baseline,40646.947266586176,0.2657499467827441,31839.63147047947,0.20816767156872767,22205.185822058287,0.1451776171974389,37386.447365691194,0.24443278194216894,12523.62607222608,0.08187953059286633,152951.85477427722,,,,,88406.64550990303,0.24511428377752223,110566.95898698957,0.30655547221864443,57598.338990619835,0.15969586366535354,61197.636201398294,0.169675194436631,18976.83552023939,0.05261474881304343,360675.2089166099,,,,,88294.09375208788,0.43610789938844896,66778.5048843916,0.32983671106250684,18205.406921817223,0.0899213235313137,11489.05194118965,0.05674746854648495,6024.362534665467,0.029755921132440438,202459.28559400566,,,,,0.058855947107076645,0.12358997746453264,0.051633186638355255,0.15604375646704688,0.020343661308288574,0.09049180924808005,0.04469487443566322,0.20101943358261248,0.019729044288396835,0.1672545924815492,0.5238078832626343,0.7123495469344997,0.27876636385917664,0.37103198752713584,0.316032350063324,0.10585123772663418,0.21615071594715118,0.4040940617828914,0.1383434534072876,0.33296407559096164,0.034607406705617905,0.23675470537371046,0.09425744414329529,0.225348726913136,0.044477999210357666,0.10133077385005503,0.02883220463991165,0.17397153022441458,0.02023136615753174,0.09027675700144452,302,30.02664616353002,233.7814569481142,201.99999999522333,11.69945514562592,-0.15753187090306367,0.43218089146456085,0.4623517529845179,-1.253598797436845,C3,psi,sal,psi,M3,M,BL1,between,C3_psi_M3,C3_psi_M3,0.0,0.0,0.0,0.0,0.0,0.0,0.0,0.0,0.0,0.0,0.0,,,,,0.0,0.0,0.0,0.0,0.0,0.0,0.0,0.0,0.0,0.0,0.0,,,,,0.0,0.0,0.0,0.0,0.0,0.0,0.0,0.0,0.0,0.0,0.0,,,,,0.0,0.0,0.0,0.0,0.0,0.0,0.0,0.0,0.0,0.0,0.0,0.0,0.0,0.0,0.0,0.0,0.0,0.0,0.0,0.0,0.0,0.0,0.0,0.0,0.0,0.0,0.0,0.0,0.0,0.0,0.0,0.0,0.0,0.0,0.0,0.0,0.0,0.0
Psi_C3_psi_M3_BL2,500.0000000000551,baseline,44060.08886719235,0.28072440770226886,43496.92126465324,0.27713624218275673,18528.002502443447,0.11804929726951847,28026.582229617343,0.1785685389796541,11802.58267021309,0.0751989638386711,156951.40022851762,,,,,154164.76171876697,0.30270984760765013,182954.88574220767,0.35924062648719335,71117.6092529375,0.13964281084187896,46770.325134282495,0.09183575958678646,15545.664463044925,0.030524652119610394,509282.2811585033,,,,,93665.43359376032,0.36626303997248333,104233.38476563648,0.40758724863711904,16583.03071594421,0.06484517296232754,9498.248764039134,0.0371413159930496,6130.6266570098005,0.023972791991456015,255732.6930961891,,,,,0.07924314588308334,0.052530182710557226,0.02606169506907463,0.09956895467972268,0.009471595287322998,0.11432165328815047,0.05109141767024994,0.22304253945164562,0.024724867194890976,0.19984630693138458,0.5788797736167908,0.700175486595059,0.3490837812423706,0.4063907471137874,0.31348490715026855,0.17729566567400412,0.24825479090213776,0.48973596359569244,0.17922541499137878,0.48091081500100874,0.08178728073835373,0.39529668814772306,0.06006995588541031,0.1725355261677693,0.027557481080293655,0.1031193040461503,0.031409647315740585,0.16863101033159225,0.03559421747922897,0.14341195951853986,81,15.948753962577975,213.95061728392488,201.99999999996976,5.687076258671668,-1.3976925704838086,0.16781262399425617,0.4421607935342569,-11.122484075765774,C3,psi,sal,psi,M3,M,BL2,between,C3_psi_M3,C3_psi_M3,0.3501743470638652,0.23806987966814858,1.35490486116833,1.2428003937726126,-0.7862581117402473,-0.8983625791359641,-1.251440585486624,-1.363545052882341,-0.257530409721436,-0.3696348771171527,0.11210446739571674,,,,,2.415002039280558,0.9165792939610072,2.1871864664773795,0.6887637211578295,0.9156718910666621,-0.582750854252888,-1.167642585486252,-2.666065330805802,-0.8661450373136119,-2.364567782633162,1.4984227453195502,,,,,0.25647694554822287,-0.7580085756948584,1.9337014948681885,0.919215973625108,-0.40536485438587727,-1.4198503756289582,-0.8264065306569763,-1.8408920519000571,0.07593770266940394,-0.9385478185736774,1.0144855212430806,,,,,1.291713555761639,-3.7157434167838552,-2.9692627008577004,-1.9512244887743506,-3.3200598410453797,1.0151922510793867,0.5809023200775728,0.45149656175962166,0.9802791981277634,0.7731807563198984,0.43416345107483656,-0.07486250536302053,0.9768930123989583,0.39532458415087657,-0.03514904242676336,2.2400217796150685,0.6014096003737031,0.8347952898525779,1.1244098207412074,1.5966716504062934,3.7351671221540164,2.226245566441596,-1.9565834637652115,-1.15976576280186,-2.079057248760835,0.07598613979706917,0.3718520817069675,-0.13540741424707572,2.4535423939745478,2.0100942026606194,-2.747800678925871,-0.38496517034736116,1.0204706116440304e-10,-3.1327658492732318,-1.2401606995807448,-4.1084093271203335,-0.19392277583429302,-9.868885278328928
Psi_C3_psi_M3_EPM,500.00000001182343,baseline,34588.60888753666,0.23634398309010493,49268.736817571305,0.33665330511394825,21034.8598027435,0.1437312083202545,20845.168716923592,0.14243504902905157,9980.94139790295,0.06819977792802473,146348.59087717894,,,,,124869.45703420276,0.2782361868992847,157297.8574255946,0.3504936843405743,72554.48364429381,0.16166709899367437,46938.440171398026,0.10458900777243518,14255.435913423033,0.03176419778978876,448789.4203330307,,,,,79150.18164249665,0.3346172158569213,107341.34887949143,0.4537988740268026,15823.705856697423,0.0668966803161961,8276.674417691445,0.03499066828060354,4606.369700540749,0.01947399958429212,236539.47822081103,,,,,0.03579911217093468,0.07413556214300508,0.01809561997652054,0.14187182263549902,0.004625237546861172,0.10292346037143892,0.03171369060873985,0.14625936147345261,0.02015947923064232,0.15696645266381254,0.37306663393974304,0.40167506628933175,0.2846144139766693,0.2564076048717396,0.2991317808628082,0.2220016401696508,0.18514280021190643,0.3353993439128401,0.1483173370361328,0.3946049508569724,0.03249916434288025,0.10866304474278787,0.03977975249290466,0.152043133645828,0.012904897332191467,0.1108233011385471,0.023292401805520058,0.10894677084951748,0.027717238292098045,0.09248692451813513,400,26.21323593721878,232.25999999450778,205.99999999512875,10.147143631057443,-1.238906202682682,0.1258218441732366,0.44584826807204003,-9.85890230920792,C3,psi,sal,psi,M3,M,EPM,between,C3_psi_M3,C3_psi_M3,-0.7009483850025305,-0.5092863583479472,1.8960339537641908,2.087695980418774,-0.23514790086713613,-0.04348587421255279,-2.537087838556111,-2.345425811901528,-0.9855858638638125,-0.7939238372092304,-0.19166202665458346,,,,,1.4997131122331984,0.5504499284613078,1.5309744207998754,0.581711237027984,1.002542961620414,0.053279777848523474,-1.1520599425957667,-2.1013231263676566,-1.2424329137723218,-2.191696097544212,0.949263183771891,,,,,-0.47479737466178573,-1.1504567189177686,2.061303571112644,1.385644226856661,-0.6089218927310496,-1.284581236987032,-1.424283213097262,-2.0999425573532453,-1.1655230812270168,-1.8411824254830003,0.6756593442559832,,,,,-2.1591809660110854,-2.2195666804282785,-4.553554620458299,-0.4135024843095964,-6.4329507435937465,0.5590510775450976,-1.4901093652017328,-1.3811437184465665,0.09373261285375034,-0.2757120785353977,-1.4738562156617312,-2.488182783903639,0.09016520343617154,-1.6048045085147344,-0.23868984111338065,3.2166024244847016,-0.6724985039198812,-0.8092025974188498,0.3023330674773981,0.737651509576889,-0.27296862775636005,-3.38216749316016,-3.7465358273968823,-1.7088829696945758,-5.373906890287577,0.38889723207101534,-0.9266357846879254,-2.0326382105475425,1.3672474534712797,0.10504388435704573,-0.5898618976539421,-0.02835639177622109,0.08515850922529639,-0.6182182894301632,-1.0813743317796183,-5.359095146271735,-0.15785424639975199,-8.605303511771075
Psi_C3_psi_M3_inj,500.00000001182343,baseline,35159.902344581424,0.24880736949615914,30661.171753654733,0.21697231735549607,19652.984772193246,0.13907340799742163,32398.8810432466,0.2292691341400007,16289.144348529717,0.11526935191631729,141313.74973249814,,,,,87945.17578332964,0.24853176485357156,120427.14844034772,0.34032533873035936,52915.686280548165,0.14953894608321913,48175.270096964385,0.13614260012390123,18111.65272564801,0.051183262484007036,353858.8954017393,,,,,87487.15820519379,0.40406611139676335,79732.46081731509,0.3682504501858959,16453.405823142977,0.07599130942849122,10731.99956156359,0.04956655833056115,7126.258032967281,0.03291316612933592,216516.94051443922,,,,,0.02636471949517727,0.11185892635539298,0.032035913318395615,0.17489584278339038,0.006042326334863901,0.06266732664101185,0.04975415766239166,0.22159774507378627,0.025820259004831314,0.2084949959584479,0.560666024684906,0.7447917904777278,0.3079419434070587,0.4251860138895719,0.29540324211120605,0.2022931036278184,0.22232218086719513,0.4252764852651985,0.18531806766986847,0.4841154074251852,0.029417065903544426,0.2713122578315299,0.07322695106267929,0.207051923848466,0.029622340574860573,0.10157562999566079,0.02907644584774971,0.17381711419997264,0.029211631044745445,0.14462970895839122,234,23.49602040393743,218.94871794354052,195.99999999536521,8.57403924036228,-0.19504917551258322,0.16114766861443125,0.4323362676172242,-1.5521520214413145,C3,psi,sal,psi,M3,M,inj,between,C3_psi_M3,C3_psi_M3,-0.6298027389599985,-0.28609946525594343,-0.16379284407099431,0.1799104296330601,-0.5302589423291857,-0.1865556686251309,-0.6218418714832973,-0.278138597779242,1.14168179813471,1.4853850718387653,-0.3437032737040553,,,,,-0.02272890767864057,0.060132837653464485,0.3709903793890665,0.45385212472117104,-0.3682552650251526,-0.2853935196930473,-1.0391048933480527,-0.9562431480159473,-0.20265711019414856,-0.11979536486204306,-0.08286174533210532,,,,,-0.039873435089697325,-0.33141525141159356,0.769984767858496,0.4784429515366002,-0.43944580890600654,-0.7309876252279018,-0.29603546599773234,-0.5875772823196288,0.7295044457042209,0.43796262938232494,0.29154181632189563,,,,,-3.487671976820066,-0.43312606481886007,-2.0729181927336304,0.4953308995631187,-5.272249398585018,-1.5956810307248341,0.46571656511762566,0.4232729186949452,1.1685454666149353,0.957175845562642,0.29532209228286654,0.19341728537134284,0.43228475941443545,0.5916761759852189,-0.29316283167063667,2.8128513687052985,0.12226115629706052,0.22188901539487504,1.2695915054077562,1.6255152587961672,-0.705697033479328,0.5917079640678498,-1.0964470751133069,-0.367758387494348,-1.7652587197972376,0.010481652870452956,0.03663467786084644,-0.0038564819647992007,1.5953059644389433,2.0468156267335775,-1.0651251558169148,-0.28467654350146554,-0.1309529809014773,-1.3498016993183808,-0.03751730460951955,-4.284415341977685,-0.2915083962585182,-0.2985532240044695
Psi_C3_psi_M6_BL1,500.00000001182343,baseline,29303.81836006794,0.20813557013403428,34955.44885336565,0.24827727864640867,22344.89196830182,0.15870856051112653,32073.531670375138,0.22780795043155108,14455.446693762238,0.10267237539419995,140791.9767928038,,,,,254244.01953726207,0.21762205282209077,444364.63672925776,0.38035720416381635,188235.7031294512,0.1611217451800753,167252.93414702138,0.1431613885582794,37806.83199018235,0.03236103804281436,1168282.42469117,,,,,92453.63965062375,0.4084051305325053,78913.64331241293,0.34859348879710794,21322.221069840143,0.09418887684874663,13515.881103835232,0.059705114988800864,5433.278491148683,0.024000989250205912,226377.27280770603,,,,,0.060940396040678024,0.15670299337006188,0.19938161969184875,0.5855073300832633,0.02576296776533127,0.0972671481696067,0.08242446929216385,0.4379024456231265,0.010812463238835335,0.06713251963086482,0.42773905396461487,0.5031934809814053,0.21216748654842377,0.38400937672004515,0.2753882110118866,0.10094056636953881,0.08229239284992218,0.2576039186046868,0.05549806356430054,0.14124781500274342,0.04111276939511299,0.26358033418272486,0.06071772426366806,0.37406381952768175,0.0220175813883543,0.2380153261967747,0.009343926794826984,0.07348849588791763,0.005488937254995108,0.08482005708256442,297,29.574407350819165,228.51851851311477,203.99999999517604,11.263832922854277,3.116546320884443,0.35104692804815596,0.4657824339255079,24.800687617180966,C3,psi,sal,psi,M6,M,BL1,between,C3_psi_M6,C3_psi_M6,0.0,0.0,0.0,0.0,0.0,0.0,0.0,0.0,0.0,0.0,0.0,,,,,0.0,0.0,0.0,0.0,0.0,0.0,0.0,0.0,0.0,0.0,0.0,,,,,0.0,0.0,0.0,0.0,0.0,0.0,0.0,0.0,0.0,0.0,0.0,,,,,0.0,0.0,0.0,0.0,0.0,0.0,0.0,0.0,0.0,0.0,0.0,0.0,0.0,0.0,0.0,0.0,0.0,0.0,0.0,0.0,0.0,0.0,0.0,0.0,0.0,0.0,0.0,0.0,0.0,0.0,0.0,0.0,0.0,0.0,0.0,0.0,0.0,0.0
Psi_C3_psi_M6_BL2,500.0000000000551,baseline,43252.50683594226,0.2592269173555541,52227.92871094326,0.31301965943746934,21033.660827639033,0.12606185065139835,24916.173355105282,0.14933106272058294,14266.045104982042,0.08550123833161687,166851.91212846688,,,,,489569.1015625539,0.2839245426348878,678549.1562500747,0.39352311702002923,236588.82812502605,0.13720917967152207,152836.191101091,0.08863701879455925,36383.589080814556,0.02110058387307363,1724293.0005952825,,,,,103761.02734376142,0.34801140501455385,131463.94458009262,0.44092616691718045,22242.131713869636,0.07459944939267155,11403.772235871618,0.038247913497651526,6297.731733799675,0.021122405253595832,298154.10026410525,,,,,0.2062452882528305,0.1287816011720955,0.11751249432563782,0.2458730214622465,0.0465916208922863,0.09854048541394098,0.07508523762226105,0.41138667752173125,0.026269996538758278,0.13670045138545056,0.521678626537323,0.48113849555463095,0.3288196325302124,0.3059489799891788,0.2808537185192108,0.09589954307222513,0.09373142570257187,0.28693188776712264,0.0949154868721962,0.2911711217272349,0.07039516419172287,0.3052311303161132,0.03508899360895157,0.20568053335608752,0.020468447357416153,0.1386191575468845,0.014162563718855381,0.09764618741273937,0.011205645278096199,0.11314606536219354,136,26.79134271906158,230.63235294115069,206.99999999997942,10.298250682916564,2.9491082709511622,0.5497317566155806,0.5062657435365137,23.468257951753504,C3,psi,sal,psi,M6,M,BL2,between,C3_psi_M6,C3_psi_M6,1.690870697543618,0.9533378840187058,1.7438791948881094,1.006346381363197,-0.2626339275495758,-1.0001667410744883,-1.0966543962445332,-1.8341872097694456,-0.05727923731672691,-0.7948120508416399,0.7375328135249124,,,,,2.8456325413204855,1.1550003219565892,1.8384182503043847,0.14778603094048842,0.9929223250604952,-0.6977098943034011,-0.391475395048815,-2.0821076144127106,-0.16664749259583805,-1.857279711959735,1.6906322193638963,,,,,0.5011025023634719,-0.6949771235343283,2.2165456465743136,1.0204660206765128,0.18343966409728973,-1.0126399618005102,-0.7379582803843714,-1.934037906282172,0.6412219088965754,-0.5548577170012252,1.1960796258978008,,,,,5.294787634253714,-0.8522347204708118,-2.296010749810336,-3.7682145828373064,2.573119294077861,0.05648514557034898,-0.4050160000941639,-0.27127147417588493,3.8553537164221385,3.08837001096045,0.862241392374663,-0.194649001711763,1.9027890813835993,-0.9869281944597075,0.08534833560649367,-0.22249199282198334,0.5652553224810709,0.4682635051327325,2.3305924980226567,3.1416656123302173,2.335660939767814,0.6371582066807001,-2.381445732284401,-2.5975251426564143,-0.3168471007152806,-2.347816677805977,1.8061244951890871,1.2343593233369792,3.0994860416461023,1.2514089562936208,-0.42921570476706383,0.03998829886792947,0.0634017804124552,-0.38922740589913324,-0.23982868999245885,1.9478564883575973,0.3619543591220623,-0.23982868999245885
Psi_C3_psi_M6_EPM,500.00000001182343,baseline,34454.87988362725,0.24590374455469466,47107.66650502021,0.336206413429491,21892.704651396598,0.15624776723620537,18261.68553204804,0.13033326104685736,9239.88483832274,0.06594486147308876,140115.31197307038,,,,,309030.12891355756,0.2159775025671959,647679.2480621906,0.4526553671412405,205455.00342282714,0.14359007222111073,147301.06248822444,0.10294697061916627,33584.57536013865,0.023471862554513237,1430844.0705179963,,,,,95236.25879131454,0.38591355042247194,100005.42651603669,0.4052390307864238,20153.063110828123,0.08166364613324263,10433.71981836196,0.04227921077874793,4198.0965658226905,0.01701140270832198,246781.3288417998,,,,,0.0551476925611496,0.03002016004569626,0.23599019646644592,0.40016356606351366,0.022278370335698128,0.10629508551838443,0.02995913289487362,0.25361318274415945,0.008920805528759956,0.08529777471064759,0.41592058539390564,0.3118073911990403,0.28534889221191406,0.3143312495762791,0.28986480832099915,0.13799061958263725,0.08372102677822113,0.21344027648474231,0.06766091287136078,0.11749956425229606,0.024318920448422432,0.22129027533393297,0.08571254462003708,0.46042051681321244,0.013510961085557938,0.1471915493219224,0.01279108040034771,0.07532349847883327,0.0038632259238511324,0.05883251412627484,414,27.02955623277996,227.33333332795763,203.99999999517604,10.241198527955568,3.0824186130718116,0.24541863299868932,0.4522954452997393,24.529107947442157,C3,psi,sal,psi,M6,M,EPM,between,C3_psi_M6,C3_psi_M6,0.7032652653150173,0.7241883511492281,1.2957670868215674,1.316690172655778,-0.08878841149783245,-0.06786532566362208,-2.446059235383509,-2.425136149549299,-1.943649581211495,-1.9227264953772836,-0.02092308583421033,,,,,0.8475007704956151,-0.032943877215731304,1.6362049251120936,0.7557602774007477,0.38014721443526295,-0.5002974332760832,-0.5516786597284791,-1.4321233074398245,-0.5143042584268614,-1.3947489061382077,0.8804446477113459,,,,,0.12878313647908068,-0.24601161171833918,1.0287147191729302,0.6539199709755111,-0.2449137690404084,-0.6197085172378285,-1.1240519250205645,-1.4988466732179841,-1.1200954191644639,-1.4948901673618844,0.3747947481974198,,,,,-0.43377926490088015,-7.17664289266462,0.73208842129296,-1.6529479183647173,-0.6311247113398162,0.38547002937675323,-4.395269200709484,-2.3720554636675946,-0.835205719569196,1.0400475371578417,-0.12168488883109455,-2.078486004080339,1.286973593367053,-0.8695427006318843,0.2225014729881916,1.3578382745136746,0.0747485534103648,-0.8167609030409781,0.8606002292516314,-0.7994548230753007,-2.280324401767423,-0.7595067512533683,1.4972890297990555,0.9020896391572036,-2.120833672716272,-2.087220462324029,1.3637780147726137,0.10711124446166231,-1.5253815961507007,-1.5888115263798632,-0.3907713487269978,-0.022582799374378498,0.0,-0.41335414810137666,-0.04781967662828261,-1.5545764422636632,-0.1276089159882931,-0.04781967662828261
Psi_C3_psi_M6_inj,500.00000001182343,baseline,33561.16503985612,0.22437913117831465,47554.061768702624,0.31793112816524405,21403.39444020339,0.1430961959472011,25504.5206533741,0.17051500383039137,12511.92536192917,0.08365069981163036,149573.4690816009,,,,,329771.0273515481,0.23949620086845944,545837.0136847822,0.39641411836805185,216731.4126027813,0.15740118331222164,147626.5064579587,0.10721374684766777,37399.16246121152,0.02716114085903009,1376936.3612271706,,,,,84811.24414263053,0.3448973609523777,104856.87402591704,0.4264158543463269,22919.407959526347,0.09320513334927218,11577.420412337367,0.047081277809533355,5365.647699006123,0.021820193181875554,245902.8503681157,,,,,0.17622464895248413,0.09047039130158661,0.20678597688674927,0.42429861105423217,0.032654017210006714,0.08937249379831608,0.06660395115613937,0.4165575209564544,0.017432808876037598,0.09472071188927496,0.43898439407348633,0.46266988896240163,0.28260940313339233,0.28929956798697554,0.26901975274086,0.09507925914323233,0.0879390612244606,0.26539673685002857,0.07119593769311905,0.21688376367769066,0.05936416983604431,0.310463263888964,0.036966659128665924,0.31362925380012197,0.022122658789157867,0.19346910698399802,0.01307490561157465,0.05739440441057871,0.004021933767944574,0.05842010519274078,242,24.333020512708394,233.14876032506527,205.99999999512875,9.455355945837244,2.9925559552489123,0.465204709729211,0.4666944701311777,23.814003637847655,C3,psi,sal,psi,M6,M,inj,between,C3_psi_M6,C3_psi_M6,0.5891281479826631,0.3263615506006957,1.3367273440180325,1.0739607466360646,-0.1869560418844266,-0.4497226392663947,-0.9952961789167575,-1.2580627762987249,-0.6270737152526195,-0.8898403126345872,0.26276659738196834,,,,,1.1296175122341765,0.4159572591605142,0.8932349244789308,0.17957467140526814,0.6121986101771626,-0.1014616428964999,-0.5420940299771007,-1.255754283050763,-0.047084108741383926,-0.7607443618150466,0.713660253073662,,,,,-0.37470578675299543,-0.7340131791957096,1.23444811959475,0.8751407271520364,0.3137095318002828,-0.04559786064243092,-0.6723255856076092,-1.0316329780503233,-0.05439811946063379,-0.41370551190334803,0.3593073924427143,,,,,4.611613818088268,-2.385708237960362,0.1583596420237804,-1.398607263602256,1.02940727178619,-0.36762306331684913,-0.925561658739854,-0.2170239059760491,2.0744272489011353,1.4951200588726687,0.11270176753150542,-0.36463769978731064,1.245077763111349,-1.22994043962463,-0.1016117558341027,-0.2597994814604421,0.2882213441817888,0.1294311363750392,1.0817738430854607,1.8624530280259435,1.5954766664102407,0.7109721462174223,-2.1550528270659557,-0.7652913932024241,0.02067710613324688,-0.8999329584781562,1.4590913506288314,-1.0734980511750383,-1.3505335183131666,-1.6193622575711974,-0.8472002821749931,0.0871171074610658,0.04237052943254629,-0.7600831747139265,-0.17631306490894352,1.2227892592262846,0.008495490151037996,-0.176313064908944
Psi_C3_psi_M9_BL1,500.00000001182343,baseline,34568.15087972368,0.17728294440750297,46511.78906359986,0.23853595593081925,35525.63519371117,0.1821934077701026,53855.233743033765,0.27619685076414047,13783.045114843138,0.07068641968622341,194988.5872848843,,,,,117437.25781527703,0.23353286548743396,173812.59961348513,0.3456394946602448,76245.12597836547,0.15161919718174643,82609.82594494663,0.1642758842401368,21081.904989741073,0.04192296187579753,502872.5082020464,,,,,101580.72070552706,0.3959172391703053,83623.97705275868,0.32592970293198315,26121.635498664567,0.1018107150393707,20196.18728685453,0.07871590846020447,10028.21587967744,0.03908560125690936,256570.5926784151,,,,,0.006745662074536085,0.07035109983493153,0.07412999868392944,0.35988229667212196,0.034625619649887085,0.17369932306538613,0.05614360049366951,0.3593179046191591,0.03513754904270172,0.16385746516274255,0.3672877550125122,0.5622888235596158,0.18335562944412231,0.27122267694498914,0.2171403169631958,0.1884272890289491,0.09826650470495224,0.34668310193225593,0.14318284392356873,0.25407917603071767,0.0036869121249765158,0.08989955987329934,0.10834383219480515,0.22700604706608962,0.02979409694671631,0.2529273678059681,0.009211650118231773,0.12944972015139472,0.029842322692275047,0.05819166843658585,297,29.323196920276754,230.06060605516586,203.99999999517604,11.243520758256405,-0.3045534005804697,0.47586199951742675,0.4673372627289925,-2.423558956891393,C3,psi,sal,psi,M9,M,BL1,between,C3_psi_M9,C3_psi_M9,0.0,0.0,0.0,0.0,0.0,0.0,0.0,0.0,0.0,0.0,0.0,,,,,0.0,0.0,0.0,0.0,0.0,0.0,0.0,0.0,0.0,0.0,0.0,,,,,0.0,0.0,0.0,0.0,0.0,0.0,0.0,0.0,0.0,0.0,0.0,,,,,0.0,0.0,0.0,0.0,0.0,0.0,0.0,0.0,0.0,0.0,0.0,0.0,0.0,0.0,0.0,0.0,0.0,0.0,0.0,0.0,0.0,0.0,0.0,0.0,0.0,0.0,0.0,0.0,0.0,0.0,0.0,0.0,0.0,0.0,0.0,0.0,0.0,0.0
Psi_C3_psi_M9_BL2,500.0000000000551,baseline,43569.562988286045,0.1912379997750133,63195.60009766322,0.2773817162340597,31973.28503418321,0.1403389581350056,52740.717620855416,0.23149255243213895,22933.859790804527,0.10066259959259219,227829.00385668402,,,,,167037.1953125184,0.2764527742476145,218755.35888674285,0.3620482595665347,90147.46337891616,0.1491974065767787,64185.508621222885,0.10622940532276419,18589.939964296485,0.030767042433938716,604216.0212250421,,,,,107030.29882813679,0.3379820986274312,127455.87988282653,0.40248234599788807,26066.50506592084,0.08231325318645623,19783.02177429417,0.06247116274247358,12055.913187981978,0.038070367781437006,316674.4607563367,,,,,0.014149523340165615,0.06421133564994799,0.025072364136576653,0.20713422044631985,0.012018402107059956,0.11729319792360841,0.08332555741071701,0.4401725686971262,0.03394366055727005,0.21320736534004442,0.32599297165870667,0.41824130816912497,0.235550194978714,0.2902912361705262,0.22011348605155945,0.2381843422080045,0.1343604475259781,0.39247027252990246,0.17968836426734924,0.4674311478635821,0.022854074835777283,0.1422914687209118,0.04999556764960289,0.13594029770585742,0.015252103097736835,0.16959289986545,0.009641227312386036,0.12852532210074233,0.02686499059200287,0.08023329457590908,118,23.27064283507681,222.50847457624818,205.9999999999853,8.629858732736068,-1.3286794433313853,0.22086459913271944,0.4571938189626943,-10.573295059538891,C3,psi,sal,psi,M9,M,BL2,between,C3_psi_M9,C3_psi_M9,1.005070550203767,0.3290723651268823,1.3312379735463482,0.6552397884694644,-0.4575459247523872,-1.1335441098292711,-0.0908188039915496,-0.7668169890684339,2.2113197537003892,1.5353215686235058,0.6759981850768836,,,,,1.530072874106128,0.7327294428784819,0.9987744570329893,0.2014310258053437,0.727414244674073,-0.06992918655357358,-1.0959472011919695,-1.8932906324196148,-0.5463186452447131,-1.3436620764723588,0.7973434312276463,,,,,0.22695448195160545,-0.6871071408396743,1.8302905722779292,0.9162289494866496,-0.00917559099548271,-0.9232372137867627,-0.08976760414704468,-1.0038292269383247,0.7997643751478173,-0.11429724764346266,0.9140616227912799,,,,,3.21717228561889,-0.3965918767083946,-4.707987057982258,-2.39908629170053,-4.595508237706457,-1.7052529872800068,1.7147796704617129,0.8814411567099192,-0.15012789018766373,1.1433597136345661,-0.5179821279601495,-1.2853252697601754,1.0878921971378335,0.29507926671431844,0.05906184557183515,1.0176940856223615,1.3586593304546772,0.5387409316197319,0.9862897104668756,2.647485764320629,7.923008585281147,1.9942129661009123,-3.3587268909002472,-2.226892095534206,-2.9080049432127684,-1.7358815814267317,0.19794888392827048,-0.03112414962567731,-0.45645929374631555,1.3949381656290543,-1.0040293636417055,-0.14495703128231385,0.04237052953493382,-1.1489863949240189,-1.0241260427509156,-3.333549137461466,-0.09530060183104147,-8.149736102647498
Psi_C3_psi_M9_EPM,500.00000001182343,baseline,44839.09277449781,0.20716747579274333,81258.65820504651,0.37543469470504504,34403.45788655572,0.15895231343648702,27857.550911608454,0.1287086367502982,12140.382011700656,0.05609150722947072,216438.8623403232,,,,,168970.4492227456,0.26009072852693493,259452.0224670727,0.3993660776287018,105426.0235620633,0.1622788564514494,53133.836777989854,0.08178719048560316,16114.832312011315,0.024805038368544554,649659.6406174742,,,,,116991.43945589148,0.36610119418066883,125643.8896514086,0.39317729790158995,25500.579346306135,0.07979893737867366,15990.025890728455,0.050037571986474995,7951.907252499744,0.024883895391779237,319560.3874434697,,,,,0.016762083396315575,0.07517937848778017,0.03879239410161972,0.25789295651336824,0.008454529568552971,0.14513594344385675,0.03962327539920807,0.29902492522410784,0.02571796253323555,0.1762743611514097,0.3418829143047333,0.27579560334718484,0.3026486337184906,0.2532115157242809,0.2053852528333664,0.25326193329081675,0.10846242308616638,0.26686605402244007,0.1315888911485672,0.3388956259273023,0.024572795256972313,0.09929197174917903,0.06355675309896469,0.3653732544309316,0.019025450572371483,0.24458640838141268,0.007763282395899296,0.08820551411145994,0.031166693195700645,0.05941759260748776,425,27.723598980427134,238.67764705317956,207.99999999508145,11.028338954157126,-0.8383032773576709,0.14424317993686375,0.4678387096345024,-6.671005520080472,C3,psi,sal,psi,M9,M,EPM,between,C3_psi_M9,C3_psi_M9,1.1298066809509355,0.6765461837138758,2.423066018466759,1.9698055212296992,-0.1393975615681506,-0.5926580588052103,-2.8628498226530685,-3.3161103198901287,-0.5511282514135887,-1.0043887486506482,0.45326049723705963,,,,,1.5800485686398864,0.46776862921839185,1.7397580532798618,0.6274781138583689,1.4073573985794825,0.29507745915798783,-1.9166052981228767,-3.0288852375443702,-1.166840610733027,-2.2791205501545213,1.1122799394214935,,,,,0.6134279475885945,-0.34003266866576587,1.7681055449896674,0.8146449287353074,-0.10450317756041919,-1.0579637938147801,-1.0142022247079514,-1.967662840962312,-1.0075236854099032,-1.9609843016642639,0.9534606162543607,,,,,3.9530341575015226,0.2882783968245551,-2.8124740917549094,-1.4472100237318712,-6.123081067874674,-0.7802314556904789,-1.5134988753726915,-0.797714679538418,-1.3553490548568554,0.3172291725435973,-0.31129052315917943,-3.0937211275914933,2.176444693158681,-0.2984254516977064,-0.241712104708393,1.2842611794674588,0.4287379382041583,-1.136393396995357,-0.36671756904782365,1.25096891154286,8.237917754634351,0.43156569504648334,-2.3164249035743696,2.06699327295753,-1.947952757867307,-0.1456350466632358,-0.7429204972640578,-1.6660538027697012,0.18858103632280615,0.09054242531888318,-0.2436170870838802,0.15969488273220078,0.08433167536862765,-0.08392220435168016,-0.5337498767772011,-5.1838573698996315,0.004657426010452202,-4.247446563189079
Psi_C3_psi_M9_inj,500.00000001182343,baseline,40128.86132907392,0.19490012301042314,59135.48950335149,0.2872125895616778,29734.857666718763,0.14441793823693957,46389.042878294225,0.22530492677510489,18078.67611737086,0.08780553652511261,205894.4894915631,,,,,171615.71680093318,0.3023690643951119,198091.72266093426,0.34901703621283353,80327.946290962,0.1415294963511577,57723.804398948,0.10170334660946068,17180.010273385993,0.03026939332536638,567570.353614877,,,,,113973.94336207012,0.3779658019026514,109897.9448268175,0.364448782051573,27110.232453033652,0.08990423992198382,19435.820259553835,0.06445398986241267,9948.527084585836,0.032991777825308675,301545.649866559,,,,,0.00772718945518136,0.11171339258681673,0.013127061538398266,0.1519854723513598,0.011083911173045635,0.13620286644805543,0.07840172201395035,0.41034410796519877,0.03773384913802147,0.19543352755945917,0.34704700112342834,0.4523101374999667,0.2627830505371094,0.24360708224111588,0.21559005975723267,0.2179094234857202,0.13183292746543884,0.38429692872257093,0.15528073906898499,0.42238226615984775,0.012001612223684788,0.18112929355596485,0.03691119700670242,0.09711171763138533,0.016563430428504944,0.21058371477293422,0.010522621683776379,0.1305236263147952,0.03048495389521122,0.0759735277224567,185,18.26390854267581,223.89189188659756,193.9999999954125,6.815235061439131,-0.4627087319758483,0.37134831892895703,0.45789245938551354,-3.6821190952869594,C3,psi,sal,psi,M9,M,inj,between,C3_psi_M9,C3_psi_M9,0.6478068777208946,0.41145157123658416,1.0428515124845408,0.8064962060002302,-0.7727598781559493,-1.0091151846402588,-0.6481250312752128,-0.8844803377595232,1.1782144667793186,0.9418591602950087,0.23635530648430977,,,,,1.6475115679112262,1.121893478860194,0.5678507364899696,0.04223264743893747,0.22654577355147712,-0.29907231549955443,-1.5567676074278358,-2.0823856964788674,-0.888864325596388,-1.4144824146474198,0.5256180890510319,,,,,0.49994284822323787,-0.20151905434373088,1.1865875265695927,0.48512562400262427,0.16132876380621997,-0.5401331387607494,-0.16666515319193975,-0.8681270557589091,-0.03464887906207638,-0.7361107816290456,0.7014619025669687,,,,,0.5899697908685462,2.0083434958426496,-7.518264712329382,-3.7435840581118374,-4.9470451747918105,-1.0561187834632844,1.4502534109305512,0.5766934346565714,0.3095964400686963,0.76532838937025,-0.2461815370373119,-0.945231296834603,1.5630310151786815,-0.46636087977177987,-0.0311173454249976,0.6313221188461948,1.2761838740508575,0.447342398828732,0.3522660523553097,2.207366035820954,5.125768038310343,3.0423112774202012,-4.676460634945905,-3.687657906046046,-2.5497993870244833,-0.7957104184839705,0.5778652263520222,0.03588015310130582,0.09252920349374436,1.1580148351504502,-2.056175931560829,-0.11803893386928813,-0.2182843749567273,-2.1742148654301166,-0.15815533139537857,-1.076995628890193,-0.08866918910862864,-1.2585601383955662
Psi_C3_sal_F1_BL1,500.00000001182343,baseline,35689.5063485002,0.26700483400507946,42103.27673439405,0.3149883415523685,19960.95315598959,0.14933439907952492,21899.898468535437,0.16384028118016053,6182.892219689664,0.04625623270518873,133666.14309245523,,,,,368041.281258703,0.2001614808866271,796017.570331323,0.4329189789372976,303166.6816477939,0.1648790367933003,201122.98267077157,0.10938195279083283,44726.19297514822,0.024324611059143325,1838721.8141494675,,,,,87386.3730489414,0.352145441943482,88990.6207296434,0.3586101628009459,23976.771332354085,0.09662045056476824,22132.47185950164,0.08918838043433705,11471.69665363736,0.04622809652111576,248154.20743956862,,,,,0.18564116954803467,0.2615927578268166,0.37475499510765076,0.58359799807791,0.09390586614608765,0.09166601623550459,0.07839229702949524,0.411371622323699,0.0289592444896698,0.12103480615909454,0.6078935265541077,0.5731559318773648,0.3552490472793579,0.5492259597581131,0.3272820711135864,0.14040703937166657,0.08262600749731064,0.2808365669823076,0.10291584581136703,0.14526703958028545,0.057163506746292114,0.2996105952964287,0.11841274052858353,0.5436358526300151,0.03434731066226959,0.13077197753308303,0.01308413129299879,0.09414783413195475,0.004719290882349014,0.06279228468881322,318,31.287613188763977,240.22641508865902,212.99999999496322,12.526851921695696,2.9831511451361874,0.6084293144040753,0.5148691271528902,23.739162536933616,C3,sal,sal,sal,F1,F,BL1,between,C3_sal_F1,C3_sal_F1,0.0,0.0,0.0,0.0,0.0,0.0,0.0,0.0,0.0,0.0,0.0,,,,,0.0,0.0,0.0,0.0,0.0,0.0,0.0,0.0,0.0,0.0,0.0,,,,,0.0,0.0,0.0,0.0,0.0,0.0,0.0,0.0,0.0,0.0,0.0,,,,,0.0,0.0,0.0,0.0,0.0,0.0,0.0,0.0,0.0,0.0,0.0,0.0,0.0,0.0,0.0,0.0,0.0,0.0,0.0,0.0,0.0,0.0,0.0,0.0,0.0,0.0,0.0,0.0,0.0,0.0,0.0,0.0,0.0,0.0,0.0,0.0,0.0,0.0
Psi_C3_sal_F1_BL2,500.0000000000551,baseline,42045.364257817135,0.28631137561710596,49840.18139648986,0.3393908258026815,18959.23416137904,0.12910446869019654,19433.137985231628,0.1323315558640748,6860.029489517967,0.04671393659177618,146851.8816871805,,,,,643425.2890625709,0.26400554675071575,1033790.8476563639,0.4241774804329505,315058.53271487844,0.1292725070055197,211158.18438723029,0.08664087791957767,51967.68595886802,0.02132299985430981,2437165.7981493776,,,,,77009.31933594598,0.2942413827123519,109896.47485352772,0.419898409633411,24660.59606933865,0.0942245425426842,21961.14836120847,0.08391034637721881,11331.410249711329,0.04329566666354981,261721.5791540434,,,,,0.33160969614982605,0.15809293647637213,0.3033892810344696,0.4590402562119427,0.11127239465713501,0.10479640230838583,0.08267273753881454,0.40553880840659695,0.039826154708862305,0.13281961289308264,0.5688289999961853,0.6075899282151824,0.3675944209098816,0.5077916526315357,0.3269258141517639,0.15959239871939368,0.09224385768175125,0.27438409388313545,0.11470024287700653,0.167631107386986,0.12498802691698074,0.3385788689307665,0.05769360065460205,0.35625097910976455,0.03472378849983215,0.14679887445108591,0.01647363230586052,0.08632068752038041,0.006452650763094425,0.06799732078137403,148,29.308091409564003,235.2432432432176,205.99999999998352,11.4908841274242,3.1166787163359086,0.7095965689231859,0.5531782796782693,24.80174118670815,C3,sal,sal,sal,F1,F,BL2,between,C3_sal_F1,C3_sal_F1,0.7117757841389999,0.3031947944492657,0.7326371769358236,0.3240561872460892,-0.2236048497280681,-0.6321858394178032,-0.5189916699082714,-0.9275726595980059,0.45134306697930454,0.04276207728956946,0.4085809896897349,,,,,2.4260159238925945,1.2023254601176987,1.135100290226412,-0.08859017354848456,0.16709775945988078,-1.056592704315016,0.21146218113997922,-1.012228282634917,0.6517144552148825,-0.5719760085600141,1.2236904637748964,,,,,-0.549004296306991,-0.7801831864267439,0.9163952571070383,0.6852163669872857,0.1221286827560515,-0.10905020736370125,-0.03374874822384269,-0.2649276383435956,-0.053436911053089356,-0.28461580117284185,0.23117889011975268,,,,,2.519529248492876,-2.187132501358238,-0.9174719748850273,-1.042630201570805,0.7369471167910819,0.5813801593084668,0.23088928429716732,-0.0620190868361889,1.383811489984693,0.40351931152788445,-0.288457891620015,0.2533777461951036,0.1483598945394183,-0.34065499031272345,-0.004730008654371168,0.5562332045406359,0.4782068898660569,-0.1009472386775569,0.4708208988257838,0.6218752794822103,3.3974954914617665,0.5310268233896398,-3.122707883848395,-1.8355202398218382,0.04734364114083618,0.5020803454730658,1.0004447482052123,-0.37695442812372126,1.3586141369373372,0.3458551595558312,-0.28384896361836914,-0.0910360205084442,-0.14512383059349399,-0.3748849841268138,0.19016777220448883,0.6680137651350526,0.31168268155495416,0.19016777220448883
Psi_C3_sal_F1_EPM,500.00000001182343,baseline,32382.261719515736,0.2487800419336165,48156.26916617781,0.36996546956163007,21264.767700698158,0.16336875558942318,15820.771925346646,0.12154470052466677,4664.025580993315,0.03583185416970711,130164.22647021056,,,,,454242.3437607414,0.17602062294841983,1273223.996123858,0.4933791048521076,385851.29590756167,0.1495188337326776,274326.6894748708,0.1063026277404431,48195.94647712236,0.018676111197066643,2580620.0214042547,,,,,76026.6709002353,0.3250621094317503,84350.59131058837,0.36065213455440753,26923.853821437442,0.11511650600501908,22507.75690513429,0.09623489824723276,11087.914777064256,0.04740784942907223,233883.52162342003,,,,,0.13151724636554718,0.10244134319981368,0.4354541301727295,0.471369004752791,0.10829345136880875,0.09150328742317589,0.0534130334854126,0.239931485108645,0.021767156198620796,0.060660431993749306,0.5544853806495667,0.4212558206124079,0.3327372372150421,0.560282000725983,0.36491659283638,0.2480794074426722,0.08004795014858246,0.2119726455281576,0.08617665618658066,0.050911421783285095,0.024468595162034035,0.1899603482549915,0.13213756680488586,0.48594120688847164,0.0347210131585598,0.08999582265368167,0.0117266196757555,0.0838752228339812,0.0023336466401815414,0.05500014026971657,583,37.914671396238845,247.35506002845614,217.99999999484498,15.630643031959748,3.02687197228186,0.6628708112597059,0.5303175737066321,24.087081824748623,C3,sal,sal,sal,F1,F,EPM,between,C3_sal_F1,C3_sal_F1,-0.4223336239338552,-0.30703587459406095,0.5833693664497571,0.6986671157895521,0.2747936732866626,0.3900914226264568,-1.412144316587083,-1.296846567247289,-1.2243075218190305,-1.1090097724792365,-0.11529774933979428,,,,,0.9139108208493664,-0.5581695181633629,2.039821611262323,0.5677412722495928,1.047384930549751,-0.42469540846297893,1.348063615229341,-0.12401672378338838,0.32448580145606176,-1.147594537556667,1.4720803390127293,,,,,-0.604777406645113,-0.3475572209143519,-0.23256104676215483,0.024659138968607452,0.5034652255290916,0.7606854112598539,0.07302295207859334,0.3302431378093556,-0.1477777517039168,0.10944243402684509,-0.25722018573076216,,,,,-1.4969158855460651,-4.0715045215697385,0.6519498381254776,-0.9275277171426828,0.6190947234547158,-0.0077166034289011766,-1.6662614666276458,-2.3414708724555413,-1.239855337542167,-3.0000478016975847,-0.3993741842272801,-1.337268768059455,-0.2843151563806544,0.08655614367429619,0.47271396466732946,2.4720183398997584,-0.13766553006358434,-1.2217383540170599,-0.7709260898407997,-4.553518604870307,-3.685098275994964,-1.9789421039240362,0.47627872916732594,-0.4872436263349902,0.04699651209104734,-1.6229233997474244,-0.4757205331180287,-0.5017664655373572,-3.058416507282665,-0.5754248799255628,0.8343486257925626,0.1270003861521247,0.10076890165867063,0.9613490119446872,0.06318793974703132,0.37218765396540476,0.12839167823557174,0.06318793974703228
Psi_C3_sal_F1_inj,500.00000001182343,baseline,36023.914551633105,0.26995194098772146,43519.742066458784,0.32612332636107,19512.008331760226,0.14621688362539376,20637.80463458226,0.15465324877022033,5659.353753223732,0.04240942577823303,133445.65858584296,,,,,430484.1640726796,0.22758081071691935,805694.7383003022,0.4259405502818491,297769.50342501,0.15741955373019734,175250.24541124862,0.09264822322778266,45128.56978332422,0.023857780041474468,1891566.1769398712,,,,,85507.72461139699,0.346698820256288,89471.07446500633,0.362768581494282,24057.719330402873,0.09754420372911972,21375.960659532575,0.08667077011094951,10506.762150059243,0.04260061951939066,246634.02242957632,,,,,0.2080361247062683,0.23549765077876206,0.36539512872695923,0.5170946680761751,0.08856725692749023,0.06633098239541281,0.07657582312822342,0.4035389263796221,0.026157435029745102,0.09848109453012827,0.6169373393058777,0.6133506780883349,0.3688395619392395,0.5102236494053871,0.3241766095161438,0.15554299320164358,0.07585684955120087,0.2576308893729635,0.09379491955041885,0.1212155522717658,0.053507182747125626,0.21719913895817866,0.09240967035293579,0.4542582008859547,0.03445172309875488,0.13299906760746516,0.012750355526804924,0.08431645399863334,0.004383268766105175,0.06702884704818818,309,30.500343828761153,246.73786407183533,215.99999999489228,12.542649482941853,3.123023545601768,0.5955666825542402,0.5170885279045545,24.85223173374493,C3,sal,sal,sal,F1,F,inj,between,C3_sal_F1,C3_sal_F1,0.04050362907982726,0.04767330303004748,0.14370416111272116,0.15087383506294297,-0.09879302701108032,-0.09162335306085992,-0.2577860444754198,-0.2506163705251991,-0.3842483439825827,-0.3770786700323622,-0.007169673950220246,,,,,0.6806064605053502,0.5575513471608197,0.05247873497976196,-0.07057637836476822,-0.07801253462098151,-0.2010676479655127,-0.5980306621105544,-0.7210857754550857,0.03889636791308052,-0.08415874543145103,0.12305511334453098,,,,,-0.09438364560748042,-0.06769707552204443,0.023384167674229215,0.05007073775966576,0.01463752469030863,0.04132409477574531,-0.15104279187427525,-0.12435622178883958,-0.3815875351685486,-0.3549009650831121,-0.026686570085436064,,,,,0.4946445931609233,-0.4563913725765742,-0.10984677019241576,-0.5254373380944957,-0.2541952870338308,-1.4049192804719721,-0.1018171639225911,-0.08348895209895565,-0.4419207218997341,-0.8955741223848741,0.06413537515192856,0.29436058245353824,0.163045756575265,-0.319904716990162,-0.04140539044040285,0.4446157017971347,-0.3712196624070451,-0.3745572271276893,-0.4030293240099939,-0.7860874154436488,-0.2870677795590087,-1.3969906824869658,-1.0768101146847198,-0.7800531407800043,0.013182097870527314,0.07333905162265744,-0.11222598745993811,-0.47897999913693706,-0.32078645894134905,0.28355464140359526,-0.11067698607159095,0.1161504053264168,0.06074147712193166,0.0054734192548264214,0.19900000545160818,-0.0927973612057925,0.018680514281856145,0.19900000545160818
Psi_C3_sal_F4_BL1,500.00000001182343,baseline,30764.2531745556,0.25850455531249666,35762.56347740817,0.300504144082668,17406.168732101058,0.14625981272015928,21357.60518696744,0.17946277454130474,6761.628119628579,0.0568163205632021,119008.55339808548,,,,,137428.46484699973,0.18333424316618593,272626.0468814468,0.3636924128348825,138160.04321615768,0.18431019357628214,134057.23778088,0.17883691167524252,23576.214584908088,0.03145147158894485,749606.0881677503,,,,,57864.52929824332,0.32027461546022834,69354.24670574156,0.38386909845457823,19732.102997292775,0.10921529607727094,14844.802574508747,0.08216455735133983,8209.006404117152,0.04543606249414336,180671.6065058516,,,,,0.06808307766914368,0.14473893430111298,0.2681180238723755,0.6648050390903264,0.06224609911441803,0.0868913550048742,0.06597395241260529,0.39715489172794444,0.029626140370965004,0.1027328920039767,0.5771357417106628,0.444769721374966,0.411032497882843,0.47543423198931195,0.40800759196281433,0.22323385818933614,0.14903365075588226,0.3807572267020865,0.17466279864311218,0.12839479626528258,0.021333103999495506,0.1503470504079082,0.15663962066173553,0.5743156049153024,0.03191041946411133,0.17116996758284286,0.026826322078704834,0.1903041132253345,0.020368868485093117,0.05334698290272919,300,29.974022514530148,241.56666666095435,211.99999999498687,12.067874508759076,3.1173674162582374,0.5389599049323968,0.4910436410149212,24.80722168655543,C3,sal,sal,sal,F4,F,BL1,between,C3_sal_F4,C3_sal_F4,0.0,0.0,0.0,0.0,0.0,0.0,0.0,0.0,0.0,0.0,0.0,,,,,0.0,0.0,0.0,0.0,0.0,0.0,0.0,0.0,0.0,0.0,0.0,,,,,0.0,0.0,0.0,0.0,0.0,0.0,0.0,0.0,0.0,0.0,0.0,,,,,0.0,0.0,0.0,0.0,0.0,0.0,0.0,0.0,0.0,0.0,0.0,0.0,0.0,0.0,0.0,0.0,0.0,0.0,0.0,0.0,0.0,0.0,0.0,0.0,0.0,0.0,0.0,0.0,0.0,0.0,0.0,0.0,0.0,0.0,0.0,0.0,0.0,0.0
Psi_C3_sal_F4_BL2,500.0000000000551,baseline,32837.407714847366,0.27345386791184556,37978.92578125419,0.31626991522004627,15092.427185060256,0.12568235062192692,18968.31068039149,0.1579588123505057,7969.491960526389,0.06636603049859316,120083.90287400613,,,,,186659.51757814555,0.2114304038988181,343732.6201172254,0.3893480902957876,143153.2983398595,0.16215063705376365,121295.18861390497,0.13739181935303507,26481.49197006517,0.02999575170727714,882841.4179612178,,,,,66418.7109375073,0.3319256184172518,79840.70629883693,0.39900165840385415,17986.108612062526,0.08988506611632184,14671.685466767973,0.07332133073709324,7987.284703255578,0.0399162280806268,200101.18909838022,,,,,0.13808946311473846,0.20365364871106637,0.22137172520160675,0.5453945344070963,0.10092630237340927,0.1202097961015744,0.0980663150548935,0.4423398427349593,0.03788831830024719,0.1429072104354966,0.5697731375694275,0.5593988324976807,0.4216473400592804,0.48857774773085527,0.3898916244506836,0.1389590874717366,0.16959436237812042,0.3888514208945767,0.15083222091197968,0.19203859304021226,0.050127360969781876,0.3076754912075603,0.09725518524646759,0.5130767626034578,0.037267912179231644,0.12118528630328408,0.028562266379594803,0.18549359561989845,0.014371027238667011,0.08124480609119979,105,20.708969942411624,215.42857142854703,195.99999999996953,7.43550635075076,3.062802831219079,0.7141605982756816,0.5662036277865694,24.37301051521842,C3,sal,sal,sal,F4,F,BL2,between,C3_sal_F4,C3_sal_F4,0.2832248854317795,0.2441587015893869,0.2611403505592656,0.22207416671687358,-0.6194409994215765,-0.6585071832639678,-0.5152389965430432,-0.5543051803854354,0.7137935537816049,0.6747273699392129,0.03906618384239183,,,,,1.3297344384894225,0.6192384938015335,1.0065340222563919,0.2960380775685033,0.1541889847854137,-0.5563069599024751,-0.4344669245316488,-1.1449628692195382,0.5046837395266809,-0.2058122051612081,0.710495944687889,,,,,0.5987801781918891,0.15518254645875776,0.6115131123335775,0.16791548060044573,-0.40236162075192816,-0.8459592524850601,-0.05094418185496945,-0.49454181358810145,-0.1189142952910199,-0.5625119270241516,0.4435976317331316,,,,,3.0712136146659947,1.4830682478997717,-0.8320386018852723,-0.8598352124684144,2.098922224165583,1.4096329073862557,1.7214735366360876,0.46796143107263594,1.0683025300952398,1.4334462784571618,-0.05576000558713489,0.9958634155614943,0.1107320464475986,0.1184323476699483,-0.1972433837033641,-2.058731118218889,0.5612707128945877,0.09135535325601933,-0.63706288816664,1.7484109298108186,3.710207905663257,3.109979903369411,-2.0698885730748326,-0.48968271020742477,0.6740255036116549,-1.4997767519856307,0.27231530734489134,-0.11119255519109153,-1.5147909155244843,1.8268574402201898,-1.6058653142542525,-0.4973370506889686,-0.3407978956207322,-2.1032023649432214,-0.07668951826887956,1.2223942784959343,0.6185255632662372,-0.07668951826887956
Psi_C3_sal_F4_EPM,500.00000001182343,baseline,28437.174317078698,0.24435307776249024,45515.93420517788,0.3911063204191365,15797.625854865752,0.1357447985490736,13950.316166253951,0.11987135757495884,5438.13823665127,0.0467284759240498,116377.39363659444,,,,,224485.42188030836,0.23163074271486583,389987.31836859696,0.40240052759978745,153395.94165401795,0.15827850021241474,110449.35982774606,0.11396493827970235,24346.90341434831,0.025121859911595858,969152.104980498,,,,,71776.9335954473,0.3445701564655263,83474.43213088016,0.40072481087479483,18521.09362836765,0.08891179672579508,13337.413873987874,0.06402718192599104,7029.108946489611,0.03374372584870052,208308.61944548142,,,,,0.11472360044717789,0.06792219943100612,0.3507217764854431,0.5333204122732857,0.09513851255178452,0.09314008373163365,0.056428272277116776,0.28018137106028024,0.017475711181759834,0.07838182716621953,0.5251908898353577,0.46297804038569085,0.46654418110847473,0.5333382427665421,0.36432763934135437,0.2222209343507763,0.13488933444023132,0.2740194244501191,0.13175304234027863,0.09355512398896185,0.013372901827096939,0.11152323308515481,0.1410679817199707,0.5093482714434653,0.033681657165288925,0.1255058272202692,0.01858794316649437,0.12179118695520835,0.00994773767888546,0.052707246277793995,339,21.96340296741445,226.6371681362337,199.99999999527063,8.296205751949604,3.1075420372211884,0.6552788307160323,0.5588495124180094,24.729033804480537,C3,sal,sal,sal,F4,F,EPM,between,C3_sal_F4,C3_sal_F4,-0.34159936548276815,-0.2445038696430067,1.0473481929066857,1.1444436887464484,-0.42111365233664555,-0.32401815649688387,-1.8496850350033942,-1.7525895391636315,-0.9460103838754779,-0.8489148880357162,-0.09709549583976185,,,,,2.1311144789100016,1.0155260967135236,1.5548313856499196,0.43924300345344175,0.4543140937288623,-0.6612742884676166,-0.8412706359674182,-1.9568590181638967,0.13969657176541425,-0.9758918104310639,1.1155883821964787,,,,,0.9357247608043884,0.31755141675756715,0.804804142858494,0.18663079881167205,-0.2750674651648615,-0.8932408092116828,-0.4650279816165301,-1.0832013256633524,-0.6739031983062892,-1.2920765423531102,0.6181733440468216,,,,,2.266135886566032,-3.28573630009738,1.1663672244924608,-0.9570609649277397,1.8424421721067112,0.30160054252328583,-0.6787574964087023,-1.5152065992690131,-2.292402176436323,-1.1749413084476432,-0.40960786726202614,0.17425178309355144,0.5501661683274288,0.4991227729733791,-0.4917612446312256,-0.019750960108558833,-0.4330672832568654,-1.428668051153481,-1.2243976223542332,-1.3747984381465188,-2.028283941797849,-1.2972956105215445,-0.45473169844420125,-0.5213578014987981,0.23460937945266683,-1.3476367789318202,-1.5932979851982398,-1.9383231216275472,-3.1124257965926727,-0.05239535625355497,-1.3504539944332659,-0.2770587161360572,-0.25305865264770233,-1.6275127105693237,-0.013709794411934168,0.8486968022820406,0.5617478502840562,-0.013709794411934168
Psi_C3_sal_F4_inj,500.00000001182343,baseline,34466.455567221274,0.28309635588349025,35136.00805747149,0.2885958442104193,16634.512390530075,0.13663052269686835,20934.803471106614,0.171951727448403,7543.807869135906,0.06196240611606786,121748.14281751518,,,,,148159.0273472535,0.18540361430720748,304113.0185618788,0.3805617100002676,148175.905521082,0.18542473535859894,124899.29277333923,0.15629678946471864,24067.885830494666,0.030118131183787474,799116.1763532778,,,,,76123.37304867509,0.3776034372130075,71530.67236497274,0.3548217409375727,19023.005951377567,0.0943619829979235,14447.061140402053,0.07166340278634349,8136.183617307414,0.04035883824705154,201596.08082628128,,,,,0.08243132382631302,0.16883270304366801,0.26859068870544434,0.6290274302744572,0.08358772844076157,0.11974874696414864,0.07826709747314453,0.4159830140028633,0.03910328820347786,0.1183697768670311,0.6312029957771301,0.6071110262619019,0.4125707447528839,0.46709524394195356,0.3881712257862091,0.15096910181526385,0.14641474187374115,0.3907021252883933,0.17656120657920837,0.14848260209607128,0.0339454747736454,0.21455673480522341,0.1328020989894867,0.547592912745368,0.039807382971048355,0.1175805674215712,0.02472345344722271,0.15422081141278168,0.025080570951104164,0.072023790624618,282,27.961950594604772,226.70921985279506,201.99999999522333,10.565386674775413,3.0159718835079805,0.6340084941211038,0.5286917386406161,24.00034167432345,C3,sal,sal,sal,F4,F,inj,between,C3_sal_F4,C3_sal_F4,0.49350247362431926,0.39466078466045595,-0.07676223645424167,-0.175603925418105,-0.19693114310273277,-0.29577283206659566,-0.08683665720214295,-0.18567834616600631,0.47539337481521066,0.3765516858513467,0.09884168896386325,,,,,0.32651423026977733,0.04874606089597583,0.47467665674656734,0.19690848737276662,0.3039512954008023,0.026183126027002165,-0.30730287367359327,-0.5850710430473942,0.0896386698422893,-0.18812949953151167,0.27776816937380094,,,,,1.1910559907106664,0.7151342047371765,0.1341924830602678,-0.34172930291322184,-0.15894229942545268,-0.6348640853989419,-0.11794915419031057,-0.5938709401637999,-0.03869853294912015,-0.5146203189226094,0.47592178597348966,,,,,0.8305309492573804,0.6687120302950762,0.00764942983225212,-0.2402471832679804,1.2803038318727025,1.392944079382231,0.7420672548425948,0.2011568118039728,1.205382026168563,0.6153131496110399,0.38891080659569194,1.3513290645857778,0.016222687567863645,-0.07685003146330657,-0.21644905234766243,-1.6987199406999165,-0.07699533964274996,0.11197618731746302,0.04694873402521358,0.6312814727832614,2.0172783668886836,1.544472390326019,-0.7169668343643066,-0.2069279818196842,0.9603111394962572,-1.6309201673713811,-0.35452000223987834,-0.9130519143274594,0.9037051475048732,1.3036611217771688,-0.30177565155572217,-0.2756782413376794,-0.20984491482127662,-0.5774538928934007,-0.14360703212963208,0.7053861863670898,0.3208243282615234,-0.14360703212963208
Psi_C3_sal_M1_BL1,500.00000001182343,baseline,45752.80712998816,0.3120400010463888,37073.11682216573,0.25284340213519224,19349.236053924345,0.13196426661558894,28170.38296575403,0.19212561767274747,7800.192649072084,0.05319831230165477,146624.8140512806,,,,,98666.99609608317,0.22248610013116477,177411.28760185148,0.40004811192738154,66014.1237808579,0.1488565126607934,59146.897515741904,0.13337147256738555,16314.73675003484,0.03678841251685718,443474.8779268228,,,,,89650.50390836997,0.4171303689076934,71208.8911149651,0.3313243063380036,19217.39801070834,0.08941567500664474,15115.866348624044,0.07033186241546893,7322.351930791437,0.03406980696154045,214922.02580006514,,,,,0.03643612936139107,0.2118960389843367,0.14279064536094666,0.5701334830577791,0.007661055773496628,0.08327400021219258,0.13602159917354584,0.5177386264720933,0.019050374627113342,0.09390109621753559,0.6716678738594055,0.6209622494710273,0.3310912251472473,0.4336790619665942,0.35514187812805176,0.18224985188383955,0.14988991618156433,0.3074166064188936,0.10917164385318756,0.18583908782397068,0.019543185830116272,0.17208862117410953,0.14913922548294067,0.5393956954128212,0.015177140943706036,0.20301832024043892,0.008942785672843456,0.12911872768184782,0.0185101181268692,0.14431211822193749,291,28.93986607507272,241.4776632245304,213.99999999493957,11.647218723065704,-0.5067806201415693,0.16093565968816737,0.4607575024157644,-4.032832037935345,C3,sal,sal,sal,M1,M,BL1,between,C3_sal_M1,C3_sal_M1,0.0,0.0,0.0,0.0,0.0,0.0,0.0,0.0,0.0,0.0,0.0,,,,,0.0,0.0,0.0,0.0,0.0,0.0,0.0,0.0,0.0,0.0,0.0,,,,,0.0,0.0,0.0,0.0,0.0,0.0,0.0,0.0,0.0,0.0,0.0,,,,,0.0,0.0,0.0,0.0,0.0,0.0,0.0,0.0,0.0,0.0,0.0,0.0,0.0,0.0,0.0,0.0,0.0,0.0,0.0,0.0,0.0,0.0,0.0,0.0,0.0,0.0,0.0,0.0,0.0,0.0,0.0,0.0,0.0,0.0,0.0,0.0,0.0,0.0
Psi_C3_sal_M1_BL2,500.0000000000551,baseline,52977.922851568335,0.34945848285039227,39810.83496094188,0.26260436871858694,16253.45858764827,0.10721275341475753,23899.873527529482,0.15765083064217297,10281.738834382235,0.06782147469605464,151600.04822160484,,,,,113539.26171876251,0.22484505572351443,226947.71630861872,0.44943107033875723,61015.19262695984,0.12083013557170837,53413.366661077656,0.10577602162887668,18764.757690431747,0.037160387734370394,504966.6818485816,,,,,95989.71972657306,0.413825092197952,81119.15234375892,0.3497159986850417,18072.946838380896,0.07791499874138312,14358.626091004999,0.06190204308202741,8398.657629013987,0.036207786391771225,231957.22428705863,,,,,0.04923290014266968,0.2671245068511397,0.14406105875968933,0.5530189053209047,0.007108458783477545,0.10770809448621896,0.10263990610837936,0.46574172240673356,0.026285309344530106,0.14317792355373726,0.6883358359336853,0.7019392254258338,0.3322077691555023,0.472315140674921,0.34919917583465576,0.22299061364273132,0.15485712885856628,0.3084410835584471,0.12256276607513428,0.2427355062397091,0.03058529645204544,0.24368058007312965,0.15475618839263916,0.5317532429236154,0.009617884643375874,0.15502598161155218,0.008328714407980442,0.13565185800892804,0.022293925285339355,0.161598335284437,91,18.05304818775369,228.37362637360056,201.99999999996976,6.871400136224446,-2.425143474721979,0.06460153944845773,0.47646663197737704,-19.298678585452894,C3,sal,sal,sal,M1,M,BL2,between,C3_sal_M1,C3_sal_M1,0.6367718151874702,0.49185316434655674,0.3094218652827734,0.16450321444185956,-0.757180338382434,-0.9020989892233476,-0.7139714832525932,-0.8588901340935061,1.1996123916878871,1.0546937408469745,0.14491865084091343,,,,,0.6097415956425472,0.045804584816988625,1.0694456906242817,0.5055086797987233,-0.3419887648458765,-0.9059257756714355,-0.44282016582959594,-1.0067571766551546,0.6076289020698709,0.04369189124431196,0.5639370108255592,,,,,0.2967198862009194,-0.034549890435250995,0.5658918097820964,0.2346220331459262,-0.26665613771900476,-0.5979259143551756,-0.22320157009512787,-0.554471346731299,0.5955927928090724,0.26432301617290205,0.3312697766361708,,,,,1.3072318402911345,1.0059089497328593,0.038468457968765565,-0.13236568990805375,-0.3251317445186944,1.117389153994822,-1.2229163034826356,-0.45965422265392086,1.398095719453565,1.8320539742207562,0.1064580393300604,0.5323431346777395,0.014621139599483177,0.37063412764182907,-0.07328677048301274,0.8761939861426828,0.14158786185171035,0.014448960731913275,0.5024870408671124,1.1599624249084703,1.9451733269394023,1.5106876491368106,0.16056141251924297,-0.06197329142679543,-1.9811040340277244,-1.1713074018754817,-0.30894852002612594,0.21436508702128293,0.8077735100484228,0.49134081213637615,-2.049459756184768,-0.2423101637600131,-0.25062403892362367,-2.29176991994478,-1.9183628545804097,-3.96409417244338,0.1456007595380161,-15.26584654751755
Psi_C3_sal_M1_EPM,500.00000001182343,baseline,43428.22461040194,0.3116952850312604,43084.22509867506,0.3092263140608781,18317.62017865581,0.13147016471202794,19364.336555938862,0.13898271127572018,6734.227017561892,0.04833324015740236,139329.10344167208,,,,,162877.98828510154,0.28564431333573126,215972.43701682583,0.3787577383576918,80904.48889351469,0.14188477779646155,56930.340768252965,0.09984055100344258,18210.595129443685,0.03193650041944163,570212.6059609783,,,,,80157.53906439547,0.36693822086753175,84630.89599809502,0.38741596573989456,19789.525787821476,0.09059077248568867,14590.359161721968,0.06679047903802968,6575.269445097959,0.030099697421731016,218449.68582145363,,,,,0.018696444109082222,0.26003174810697766,0.17056904733181,0.5603919819214118,0.009830965660512447,0.12500893777318303,0.06156803295016289,0.4162195766628862,0.017931926995515823,0.1081083237102285,0.6198854446411133,0.26300787610736703,0.35524606704711914,0.4818031252260681,0.33986085653305054,0.19480508135888905,0.14611086249351501,0.20843538653476246,0.10376455634832382,0.12298457045111419,0.011276427656412125,0.20142279583529635,0.13469116389751434,0.5101648022731431,0.014965539798140526,0.19242272483839737,0.0054247090592980385,0.12138504056239151,0.01465084869414568,0.11285432672578555,413,26.741545873498858,222.26150120539796,199.99999999527063,9.906026883994786,-0.4901465345398039,0.11583057521940499,0.45565078562023903,-3.90046219056861,C3,sal,sal,sal,M1,M,EPM,between,C3_sal_M1,C3_sal_M1,-0.22645669710994604,-0.00480037867915219,0.6525918654763024,0.8742481839070964,-0.23794773339629377,-0.01629141496550104,-1.6279012893884979,-1.4062449709577043,-0.6381757622088947,-0.41651944377810124,-0.2216563184307938,,,,,2.1769049033067334,1.085226989413526,0.8541708096498282,-0.2375071042433795,0.8833575543972758,-0.20832035949593153,-0.16588185752609214,-1.2575597714192996,0.4774406841425432,-0.6142372297506635,1.0916779138932078,,,,,-0.48608359641423504,-0.5567885861207253,0.7499471596477209,0.6792421699412308,0.12740802536455742,0.05670303565806689,-0.15367060539665361,-0.22437559510314453,-0.4673704405005874,-0.5380754302070774,0.0707049897064904,,,,,-2.8977321971512824,0.8890353717721262,0.7720046737535324,-0.07484634416010483,1.0830755504509588,1.7643163764839567,-3.4425259798819137,-0.9478806405618934,-0.2627655843360956,0.6118847105797975,-0.34843137395734974,-3.7309644446679076,0.3058160764897489,0.45701157822703625,-0.1910073947369696,0.28933096933423585,-0.11089912338741027,-1.6875587204787559,-0.2206081618821752,-1.7928643649038458,-2.3882382356820946,0.6835646496585139,-0.44252777589505193,-0.24196984201437327,-0.060975810536252534,-0.23278869866787735,-2.1709637151707617,-0.2682407014001563,-1.0154640709561955,-1.0678458717210004,-0.34310007686392474,-0.3601272119438858,-0.29383777685209644,-0.7032272888078099,0.016634085601765436,-1.4282907148503101,-0.048402920642891895,0.13236984736673474
Psi_C3_sal_M1_inj,500.00000001182343,baseline,43515.29882915401,0.3096708281147416,35038.51586996918,0.24934693124744003,17162.085754800362,0.12213169737684554,27732.5072333218,0.1973546939056556,8924.443411084445,0.06350961284728923,140521.14335106304,,,,,90580.54590057945,0.22608702040784406,158517.52368538908,0.39565620030371446,57609.17102187009,0.1437912047780803,54368.23170599756,0.1357018925978192,16438.008181006997,0.04102890145045882,400644.6090411512,,,,,93053.50390845042,0.3999488105441145,83678.90320022094,0.3596562880156651,18551.82815595627,0.0797367244944735,14673.876774181219,0.063069087303565,7474.775109467833,0.0321269730697903,232663.53457047368,,,,,0.03201994672417641,0.2530967658437908,0.15130075812339783,0.6094783263069512,0.00837708543986082,0.11461127762164493,0.14906080067157745,0.5383768976907163,0.025200877338647842,0.12486599203236286,0.6620941758155823,0.6822727278701263,0.3393731415271759,0.455133500783242,0.3401634693145752,0.20839496590995643,0.15533334016799927,0.3445989874362369,0.11543518304824829,0.22973474583424264,0.019344234839081764,0.22726038951948582,0.14130283892154694,0.5549633140516133,0.014099805615842342,0.19621268778221698,0.008490421809256077,0.12776298926121832,0.021761231124401093,0.14617703582046143,221,22.105010469562362,225.10407239286704,203.99999999517604,8.293213128309084,-0.7219839605900257,0.1416370857235337,0.4419583688838938,-5.745365808048337,C3,sal,sal,sal,M1,M,inj,between,C3_sal_M1,C3_sal_M1,-0.21775774775357054,-0.03309975194934803,-0.24513397270600507,-0.06047597690178294,-0.520937551832419,-0.33627955602819626,-0.06803616160208559,0.11662183420213654,0.5847581105145926,0.7694161063188155,-0.18465799580422276,,,,,-0.37136972652690103,0.06972746817506713,-0.4890396859965155,-0.04794249129454718,-0.5914523726785254,-0.15035517797655693,-0.36586761065932694,0.07522958404264131,0.03269121727020029,0.4737884119721676,-0.44109719470196845,,,,,0.1617999604282533,-0.18267400000922387,0.7008175629118787,0.3563436024744024,-0.15307872073903836,-0.4975526811765152,-0.12888175610838984,-0.4733557165458668,0.08947532410186657,-0.2549986363356101,0.3444739604374767,,,,,-0.5611163031707179,0.7716375719992851,0.2514134769859529,0.28981719062075506,0.38804320864052555,1.3871792657159097,0.39755573251537135,0.16975848372056526,1.2151213996119,1.2377350956659596,-0.06234808739444198,0.40892813146109586,0.10729797785031286,0.20970348669955868,-0.1871421486024034,0.582200396907293,0.1549226433514727,0.495866729246388,0.24228346201979717,0.920896191820362,-0.04443805731890911,1.2077159181159454,-0.23440995995587477,0.12356798665693824,-0.31976841874215156,-0.14808143215865666,-0.225435555732787,-0.04584173515895692,0.7027427126848697,0.055763496733125355,-1.1700579206828607,-0.30493612580272994,-0.2078360592329208,-1.4749940464855895,-0.21520334044845635,-0.5547530227580769,-0.1809105339859488,-1.7125337701129926
Psi_C3_sal_M4_BL1,500.00000001182343,baseline,45856.2299815531,0.31567105696880443,38896.32434174008,0.2677595568169878,20122.758026598887,0.13852364875916087,24995.26900541284,0.17206567110580934,6677.040023961602,0.04596427317803641,145265.86764679142,,,,,103670.56250245149,0.21547521482704518,180676.5302777099,0.37552911102294895,81286.3908710628,0.16895058840877072,72115.44561938109,0.14988913691692166,13857.131628364177,0.02880150683505558,481125.23097222304,,,,,90536.6533224534,0.4411016758727562,65507.901857017794,0.3191596357016255,18461.571350534214,0.08994622358042813,12828.756477659317,0.06250270773213575,5899.914698263447,0.028744847146508046,205251.21139773304,,,,,0.031542617827653885,0.26512676147696795,0.1715894639492035,0.6250420242590495,0.017786312848329544,0.20833904776730897,0.03428684547543526,0.30085387792690915,0.02982136979699135,0.07769740063755358,0.6930509209632874,0.6167484137459792,0.3858857750892639,0.5662377064799258,0.40732288360595703,0.15013546042242543,0.18498410284519196,0.4475364530234266,0.17862491309642792,0.19416162596736075,0.02808474749326706,0.2532648764859957,0.1394331008195877,0.3239511509110121,0.036911092698574066,0.30798256876683255,0.02743372693657875,0.20586419958742047,0.026170313358306885,0.07907617952511588,276,27.646169103054756,232.6811594147877,207.99999999508145,10.721237800460102,-1.9516117652118958,0.24461694161061368,0.44161355897425403,-15.530432971488633,C3,sal,sal,sal,M4,M,BL1,between,C3_sal_M4,C3_sal_M4,0.0,0.0,0.0,0.0,0.0,0.0,0.0,0.0,0.0,0.0,0.0,,,,,0.0,0.0,0.0,0.0,0.0,0.0,0.0,0.0,0.0,0.0,0.0,,,,,0.0,0.0,0.0,0.0,0.0,0.0,0.0,0.0,0.0,0.0,0.0,,,,,0.0,0.0,0.0,0.0,0.0,0.0,0.0,0.0,0.0,0.0,0.0,0.0,0.0,0.0,0.0,0.0,0.0,0.0,0.0,0.0,0.0,0.0,0.0,0.0,0.0,0.0,0.0,0.0,0.0,0.0,0.0,0.0,0.0,0.0,0.0,0.0,0.0,0.0
Psi_C3_sal_M4_BL2,500.0000000002771,baseline,45073.26806643123,0.3120971682544613,41157.985961936865,0.2849868984615302,17886.261871347804,0.12384838996981518,22280.921035778945,0.15427797139357619,8632.093924527184,0.059770506677724045,144420.62489231484,,,,,90191.70800786249,0.19124133897545453,197815.42236339086,0.41944528026314853,75275.56457523703,0.15961334006721178,66535.68543247096,0.14108141261329854,14874.850702294012,0.0315404423333318,471611.98771693616,,,,,100730.09960943084,0.4467949506584304,72983.42004398577,0.32372273713490046,17627.154998789065,0.07818639987917873,13364.801647193686,0.05928045257247564,6797.652777198745,0.03015143387088741,225450.39835608582,,,,,0.035606954246759415,0.3016162101610511,0.17890536785125732,0.6227262382210856,0.030100030824542046,0.2115094725020301,0.028633330017328262,0.2656144413935438,0.022044727578759193,0.10126171969583964,0.7203567624092102,0.7272400774252791,0.4105309247970581,0.5050816944510559,0.38564595580101013,0.13427590464819408,0.19880835711956024,0.4041360917845249,0.1780552715063095,0.24713965961148202,0.026615282520651817,0.2704175255072247,0.15643256902694702,0.29816231378917263,0.02654285542666912,0.27505070347347477,0.023895276710391045,0.2252268860545811,0.020585810765624046,0.07733866866767633,123,24.155379972650383,212.52032520313404,195.99999999989137,8.555848678654884,-2.21030940009755,0.3994768683320091,0.5002182443282732,-17.589083339400343,C3,sal,sal,sal,M4,M,BL2,between,C3_sal_M4,C3_sal_M4,-0.07479298813811688,-0.049449362161942095,0.2454555177330513,0.27079914370922575,-0.511679199609877,-0.4863355736337021,-0.49924675614991676,-0.47390313017374297,1.1153217767565269,1.140665402732701,-0.025343625976174313,,,,,-0.6048884349804237,-0.518155466265071,0.3935840590291799,0.4803170277445331,-0.3336381978100721,-0.24690522909471932,-0.34973656250078433,-0.2630035937854324,0.30779273110420674,0.3945256998195585,-0.08673296871535245,,,,,0.46334826606198726,0.055695486088609206,0.46930521087994725,0.061652430906568315,-0.2008643973592442,-0.6085171773326224,0.17777956385647362,-0.22987321611690506,0.6151324453342921,0.20747966536091406,0.40765277997337834,,,,,0.5263709246900883,0.5600111174541005,0.18132753781133107,-0.01612052946941169,2.284810133706196,0.06559147280944927,-0.7825567133712797,-0.541039299799112,-1.3122285186642029,1.150388088546987,0.1678249252920275,0.7156976320533287,0.26887108099580515,-0.4963715743516989,-0.23750028300219714,-0.4848519316337657,0.31300228844264877,-0.4430077823782673,-0.01387194580832759,1.0477904393067945,-0.23339442978171648,0.28459869664136017,0.49961291952101194,-0.36026777258863174,-1.4320926047182925,-0.4911337690176549,-0.599727474711879,0.39039404348360174,-1.0424094660905876,-0.09648986990184698,-0.5862108665557317,-0.3936074735010986,-0.258072635962565,-0.9798183400568301,-0.258697634885654,2.130051046139831,0.5411712841099848,-2.05865036791171
Psi_C3_sal_M4_EPM,500.00000001182343,baseline,33020.456543749584,0.2481597307395932,44904.70922957748,0.3374738485698201,23089.811157772565,0.17352762255570672,17527.21112483463,0.1317228302883137,5409.599092611441,0.040654939232986256,133061.3006604188,,,,,158301.65039436833,0.2719974636372103,195544.85937962405,0.33598958473300206,107317.22827402208,0.18439488042221933,65184.82953035001,0.11200204328703503,15001.288206455194,0.025775551507400882,581996.788784438,,,,,61794.548829586245,0.33225412201674887,72523.84179858996,0.38994289688114286,22709.988495410067,0.1221060341319343,12095.018337535763,0.06503194496324846,5377.50212968191,0.02891350908100195,185985.80043040428,,,,,0.02184540033340454,0.21162183685455419,0.12056054919958115,0.488623427973023,0.024581992998719215,0.1956702070025508,0.022913595661520958,0.24856656861309218,0.015918737277388573,0.05901891078304182,0.5196948647499084,0.31617820809741354,0.39325541257858276,0.5035530015150663,0.4350419044494629,0.20787023006307692,0.16156622767448425,0.29169794971132745,0.16029062867164612,0.12752732171810416,0.018075842410326004,0.25577388026664233,0.11566393822431564,0.4576361160208344,0.03651075437664986,0.34271187810129744,0.013948310166597366,0.1722651298986605,0.015015678480267525,0.08179557401790669,570,37.04570269936299,239.49473683644197,213.99999999493957,14.787084698175011,-2.290169619942132,0.37774066943541207,0.4730255575364472,-18.22459077663388,C3,sal,sal,sal,M4,M,EPM,between,C3_sal_M4,C3_sal_M4,-1.426152732663271,-1.045034551753608,0.6238332562550375,1.0049514371647004,0.5973287611774358,0.9784469420870984,-1.5414499709329585,-1.160331790023297,-0.9141889894387074,-0.5330708085290453,-0.3811181809096623,,,,,1.8382998771437205,1.0116753190673908,0.34344661646672664,-0.48317794160960303,1.20651606207725,0.37989150400092037,-0.4388175736379929,-1.265442131714323,0.3445521251871572,-0.48207243288917223,0.8266245580763303,,,,,-1.6587427106586294,-1.2306833019200867,0.441871121727952,0.869930530466494,0.8994825111758576,1.3275419199144,-0.255780300600845,0.17227910813769742,-0.402651415456678,0.025407993281864147,-0.4280594087385426,,,,,-1.595377261526243,-0.9789308724898789,-1.5328539980254448,-1.0693493160274432,1.4053116367246776,-0.2724597039214129,-1.7503428498722307,-0.8291289675252902,-2.7261897298857054,-1.194152995806406,-1.2501671951489053,-2.9017610735883306,0.0821593929193447,-0.5095359720790957,0.28592281769707195,1.4130901655006343,-0.5878382264703228,-1.8589503896241901,-0.4703389826776907,-1.8256016136099749,-1.913719771492612,0.04281227339486865,-0.8116791019946563,1.5004076385305707,-0.04736095701680046,0.46403020020399804,-2.937632153871315,-0.773834520816698,-2.4126396234675545,0.14684125798566575,1.271028769501346,0.12534754595558503,0.12350438386429242,1.3963763154569313,-0.33855785473023614,1.8870721365871548,0.29842207090382766,-2.694157805145249
Psi_C3_sal_M4_inj,500.00000001182343,baseline,40711.57373143145,0.28465820981262807,39620.48266695252,0.2770292237359406,20020.246460434355,0.1399829826041576,26351.713921216397,0.18425305196484285,8058.419250678836,0.056345038709394106,143019.14481310488,,,,,86463.21972860709,0.2064201833783589,155046.40332397886,0.3701540042893138,73100.67309743172,0.17451876524164237,63587.51579435033,0.15180728536415264,13366.822687465132,0.031911626689280714,418869.9879707204,,,,,88062.94922083241,0.4040265412690615,78344.62732118854,0.35943957230205315,18257.84686322471,0.08376570151733939,12743.72749358748,0.05846731443433853,6768.2306262663105,0.031052160240334314,217963.27771988345,,,,,0.035122018307447433,0.30079988478831954,0.1442522555589676,0.5970649684690225,0.019155744463205338,0.21220995072114401,0.05713607370853424,0.36779228593898144,0.03650640323758125,0.09809385123750661,0.6808218359947205,0.6029010271420477,0.39076733589172363,0.5058804462109276,0.4111728370189667,0.12356452746758982,0.20051683485507965,0.4570918232717084,0.19241008162498474,0.23787561085192635,0.036087412387132645,0.252985142129249,0.13662639260292053,0.2974506745734309,0.03050311468541622,0.28539640310283004,0.018019093200564384,0.18025335580811294,0.03043684922158718,0.06437225385877295,308,30.910763570188163,227.64935064396747,203.99999999517604,11.72802542443757,-2.0967788863752266,0.29350881982536725,0.4467516633906182,-16.685636216866843,C3,sal,sal,sal,M4,M,inj,between,C3_sal_M4,C3_sal_M4,-0.5168045619886519,-0.44911050630445787,0.0801119899048132,0.14780604558900667,-0.022180853107790704,0.045513202576403684,0.22951051974018216,0.2972045754243757,0.8166587890745323,0.8843528447587258,-0.06769405568419382,,,,,-0.7882405115189992,-0.18645162840731633,-0.6644004557354354,-0.06261157262375264,-0.46096465356425614,0.1408242295474261,-0.546564329592699,0.05522455351898378,-0.1564515521180351,0.44533733099364803,-0.6017888831116829,,,,,-0.120312109545566,-0.38128812116637334,0.7771552929479655,0.5161792813271572,-0.0481910296027975,-0.30916704122360517,-0.02888085077237684,-0.2898568623931843,0.5962941618981968,0.3353181502773904,0.2609760116208076,,,,,0.46681730894692935,0.5482409863175801,-0.7536800488989812,-0.19887627194299107,0.3221310796833613,0.07995069665976011,2.2178286295836305,0.8724700231735494,0.8784145836340371,1.012352958479424,-0.07731668549631948,-0.09862017415154094,0.054594845712052545,-0.48950893251868904,0.040856068317499925,-0.8458946747107572,0.35016433056946383,0.09175036920158733,0.3228579332307741,0.88186516291039,1.088852189737455,-0.004799490189866489,-0.08831283998402303,-0.37064569038451683,-0.8281271443812774,-0.33077641617224957,-1.8255187994468582,-0.5769746924575685,0.655907700617731,-0.8934696340791966,0.48474773176530567,-0.09494803307817898,-0.08433167536862812,0.3897996986871282,-0.14516712116333075,0.7913462417355045,0.05023779008877767,-1.1552032453782104
Psi_C3_sal_M7_BL1,500.00000001182343,baseline,39295.53076264797,0.31324457824405566,31392.13244703139,0.2502425873300317,18499.322662790968,0.14746747054540021,21766.790253200266,0.1735141096267274,7731.251314346028,0.06162971997729365,125446.80256854108,,,,,114923.78711209257,0.19184810873202132,186762.49512160386,0.3117721089038401,128102.30981748234,0.21384768532485532,111086.08236957021,0.1854416334911149,18906.072576969895,0.03156086619303859,599035.2882374319,,,,,104146.55468996274,0.4143314570763724,94328.23388894931,0.3752707394593814,21790.348907985976,0.08668963692678446,12485.545612630449,0.0496718717337776,5731.490340845219,0.02280187521527702,251360.48183463348,,,,,0.10843916982412338,0.3056915740959356,0.15135811269283295,0.32536839163358705,0.011739395558834076,0.1277594654254186,0.024094533175230026,0.13738018621122947,0.01904573291540146,0.0963121944841637,0.6678323745727539,0.5620324179934727,0.342306911945343,0.547036582633597,0.29483532905578613,0.11867302382317652,0.113770991563797,0.2423394432700078,0.09011220186948776,0.17843600483132555,0.1197432205080986,0.055460004366509996,0.11249467730522156,0.17003472912332607,0.058159615844488144,0.41187261389148777,0.029288824647665024,0.20087786520903045,0.016438450664281845,0.05722676486757824,294,29.625748201994416,227.36054421231069,205.99999999512875,11.226210389837226,-0.6025055221433625,0.13703522491662107,0.46759306470107614,-4.794586604463977,C3,sal,sal,sal,M7,M,BL1,between,C3_sal_M7,C3_sal_M7,0.0,0.0,0.0,0.0,0.0,0.0,0.0,0.0,0.0,0.0,0.0,,,,,0.0,0.0,0.0,0.0,0.0,0.0,0.0,0.0,0.0,0.0,0.0,,,,,0.0,0.0,0.0,0.0,0.0,0.0,0.0,0.0,0.0,0.0,0.0,,,,,0.0,0.0,0.0,0.0,0.0,0.0,0.0,0.0,0.0,0.0,0.0,0.0,0.0,0.0,0.0,0.0,0.0,0.0,0.0,0.0,0.0,0.0,0.0,0.0,0.0,0.0,0.0,0.0,0.0,0.0,0.0,0.0,0.0,0.0,0.0,0.0,0.0,0.0
Psi_C3_sal_M7_BL2,500.0000000000551,baseline,37449.112792972875,0.3000817719982555,33973.420654300615,0.2722308623743327,17009.250122072182,0.1362960437864027,19772.72023010472,0.15843987964886994,9084.920424462365,0.07279796011475526,124796.35981751862,,,,,133664.59570313973,0.2138838818981509,203018.09960939735,0.32486013975220074,124132.27685548241,0.19863070772811178,96633.07997895352,0.1546277692828691,21316.02309799429,0.03410891076164438,624940.0119209979,,,,,110810.6708984497,0.38407268107445575,119350.01513673189,0.4136702713572579,21493.510162355877,0.07449706789811138,12807.552476884342,0.044391311576000715,6248.57964849541,0.021657740351597208,288514.84721186955,,,,,0.10569882392883301,0.24028412861722712,0.12133914232254028,0.2596906449896172,0.012193296104669571,0.10050482108224659,0.023332571610808372,0.10923164667019464,0.016747837886214256,0.11491440413094527,0.6967745423316956,0.7583602999234423,0.36660036444664,0.5630658124687424,0.29797133803367615,0.20597597694516948,0.12897033989429474,0.23615844833546704,0.09505823254585266,0.22449678137868867,0.12949734926223755,0.15504695062305654,0.11388185620307922,0.18711124327366876,0.06131773069500923,0.3780236542342668,0.029698900878429413,0.22330673475302554,0.017072517424821854,0.07445266829139593,123,24.224519940918473,226.17886178859186,203.9999999999651,9.13179057935331,-0.6290988185527341,0.16523004422315604,0.4510526320155498,-5.006209333296949,C3,sal,sal,sal,M7,M,BL2,between,C3_sal_M7,C3_sal_M7,-0.209016258558322,-0.18643947116230397,0.34318458486163295,0.3657613722576513,-0.3647065984473707,-0.3421298110513523,-0.4172797093470659,-0.39470292195104756,0.7007133683580953,0.7232901557541127,-0.02257678739601763,,,,,0.6560646014038231,0.4722053553913505,0.3624509074701418,0.1785916614576688,-0.13672239228267385,-0.32058163829514696,-0.6053382894599125,-0.7891975354723861,0.5210486143136901,0.33718936830121826,0.1838592460124731,,,,,0.2693667683410793,-0.32934490185986187,1.0218077521976277,0.42309608199668586,-0.05956837172040316,-0.6582800419213455,0.1105861843154584,-0.4881254858854834,0.37513745158635337,-0.22357421861458796,0.5987116702009414,,,,,-0.11116028997912329,-1.0455838276431604,-0.9600478297006688,-0.9791905547706113,0.16475384015785788,-1.0420619116425671,-0.13955908975132017,-0.9957561999823893,-0.5583894137595046,0.7669319101972891,0.1842480614773611,1.3011422328859168,0.29777223762085403,0.12542788787642092,0.04594968899472512,2.394645629398598,0.5445830122896764,-0.11220619196443221,0.23206133331860507,0.9972762802501428,0.3400994437667866,4.464833297607321,0.053225630063550515,0.41562250594816397,0.22964544434438575,-0.3724393995978519,0.06038432968732589,0.4596973689605078,0.16436682079440715,1.1428107179277778,-0.8741414795578807,-0.022630858993652123,-0.04237052933059246,-0.8967723385515327,-0.02659329640937158,0.812568021564326,-0.15640839729528097,-0.21162272883297195
Psi_C3_sal_M7_EPM,500.00000001182343,baseline,39747.38671968991,0.3089585198507275,35412.16149986083,0.2752605870385955,21016.6159062587,0.16336325677110078,17388.130970412396,0.13515885322161172,7530.237638651578,0.058532931771575335,128649.58939761155,,,,,126040.13476860545,0.19327498941682192,232208.36572814724,0.35607760584356396,140213.26416347187,0.2150086335360154,94479.6634696414,0.14487889901676182,17091.52208177928,0.026208824320426566,652128.5301782321,,,,,99030.40918202927,0.38476298347564525,101599.47851802754,0.39474459206071677,24573.765534028356,0.09547648464952031,12507.10474806797,0.048593871087248906,5760.293329851943,0.0223804755084349,257380.29237497505,,,,,0.09039122611284256,0.26323365834549334,0.16990891098976135,0.5390843626335328,0.01459080632776022,0.11250095115065058,0.023522360250353813,0.10922947022456157,0.0201412383466959,0.07039735074517721,0.604236364364624,0.39553425909155054,0.27730730175971985,0.5030262227777731,0.3209618628025055,0.3187900178744039,0.1097932979464531,0.19191839970232746,0.09085803478956223,0.14129182885489766,0.06587734818458557,0.0832260807364205,0.10474731028079987,0.18035049017380994,0.08265917748212814,0.4784059517267102,0.029705200344324112,0.17710266314566786,0.015447241254150867,0.060465952971905844,597,39.21130756995752,247.99329982663156,211.99999999498687,16.206902591317906,-1.8655189479412608,0.1824117027977501,0.4436452500443728,-14.845328099822192,C3,sal,sal,sal,M7,M,EPM,between,C3_sal_M7,C3_sal_M7,0.049654211333228795,-0.05983386962422381,0.5233161814289397,0.4138281004714873,0.5540695989509988,0.4445815179935457,-0.9754148966837026,-1.0849029776411554,-0.11441108956814154,-0.2238991705255944,0.10948808095745322,,,,,0.40098929902627023,0.032181359478424786,0.9458819451904549,0.57707400564261,0.3923213920183818,0.023513452470535996,-0.7032131326180748,-1.0720210721659202,-0.4382058029472714,-0.8070137424951161,0.36880793954784574,,,,,-0.2187633396024562,-0.3215462364736603,0.3224977563736143,0.2197148595024105,0.5220752597480106,0.41929236287680616,0.007492615422828455,-0.0952902814483752,0.0217703460845277,-0.08101255078667638,0.10278289687120441,,,,,-0.7905990667487484,-0.6494204873842756,0.5021045253131619,2.1928137380682493,0.9443355643864575,-0.5523689169815997,-0.10437619378230711,-0.9958427342217148,0.24288479047531403,-1.3612496272252528,-0.4346060997658188,-1.5257726060863506,-0.914543635004819,-0.364257449651077,0.36873909662402055,4.2915270561725904,-0.15455712651163728,-1.013074922018355,0.03579737325862532,-1.013654442664035,-2.595148255338944,1.7627954398299224,-0.3098909436072946,0.2557969313760917,1.526695501654123,0.650336580212244,0.061305418713486826,-0.5470699249303548,-0.2700995318088966,0.23911706797774993,1.217419975359828,0.37724847292409036,0.1246864055959803,1.5946684482839184,-1.2630134257978982,1.242204805236463,-0.2283222508062655,-10.050741495358213
Psi_C3_sal_M7_inj,500.00000001182343,baseline,38045.84912199342,0.29529844735979077,33780.95044025194,0.26219580967580125,18926.983185262015,0.14690456059717186,22894.250290458374,0.17769708707409634,8311.870651441664,0.06451380517637749,128838.63583487952,,,,,120365.32617472127,0.21338372762834495,189500.2788130748,0.3359462161141626,110551.38623308293,0.19598556859018754,85697.89124500746,0.15192527669641023,17415.3524250334,0.03087394797585335,564079.217813479,,,,,111989.53613546072,0.4004359755703474,113052.98657493896,0.4042385077434255,21505.525177510488,0.07689634453162345,12087.734169292182,0.04322157043905167,5964.211909912,0.02132596577384753,279669.0181893678,,,,,0.1134406104683876,0.26293951398980697,0.10917863249778748,0.25734242210132274,0.010433830320835114,0.11830302313590962,0.028317932039499283,0.14349533483743493,0.024351635947823524,0.09734003882298829,0.6897446513175964,0.6332357809712942,0.3748561143875122,0.54239536280492,0.2940869927406311,0.1792948570099172,0.11648144572973251,0.248018822906042,0.10237941890954971,0.20549110315536195,0.13325409591197968,0.15825334901570465,0.10239732265472412,0.1606705255852284,0.05148999020457268,0.3745595960603499,0.021346716210246086,0.17236215994300078,0.019418099895119667,0.06443188361226337,326,32.387537753110486,238.19018404344726,207.99999999508145,12.85732263021247,-0.6366719239370009,0.20732362052581646,0.43698734721344046,-5.066474191120045,C3,sal,sal,sal,M7,M,inj,between,C3_sal_M7,C3_sal_M7,-0.14035877844352307,-0.2562239928956764,0.31851046409698763,0.20264524964483538,0.09925568933147275,-0.016609525120680733,0.2193203403518623,0.1034551258997103,0.31448985346221014,0.19862463901005722,0.11586521445215354,,,,,0.2009146808706207,0.46203775392339197,0.06320185872144919,0.32432493177422017,-0.639927679128433,-0.3788046060756625,-1.12689515505258,-0.8657720819998095,-0.35669053273413687,-0.09556745968136611,-0.26112307305277044,,,,,0.31532538319138886,-0.14814819256348002,0.7864033659541805,0.3229297901993106,-0.0571413149847376,-0.5206148907396068,-0.14062625041940194,-0.6040998261742709,0.17285500806795415,-0.2906185676869149,0.46347357575486975,,,,,0.19582370853685066,-0.6542761239154129,-1.4186805350084755,-1.0186397629433004,-0.5120196664435706,-0.33397243141590394,0.7014301876790827,0.18913681291879186,1.0673045273981892,0.04610236699571584,0.14020872828448602,0.5180408031290821,0.39448930536590754,-0.03700402514969109,-0.011037058544755118,1.792158237485917,0.10225209155323309,0.10060536168143036,0.5542905853172019,0.6131053275491645,0.4642963270844095,4.55373010051576,-0.40843372805297157,-0.24601419534865587,-0.5289872005410122,-0.41241987947152176,-1.373708674327423,-0.6649015657016267,0.72345848388555,0.51501632617577,0.3870860491888825,0.20208759870423657,0.04196114593608148,0.589173647893118,-0.03416640179363839,1.7981656744668677,-0.2939919878357734,-0.27188758665606727
Psi_C4_ket_psi_F4_BL1,500.00000001182343,baseline,28337.8388678576,0.24694851124012102,34376.0343025707,0.29956802750360756,18219.367523624187,0.1587716588648863,19505.06131790508,0.16997576549732454,7410.239394363156,0.06457611658052402,114752.01338753256,,,,,190642.9082076331,0.2213948314937698,302775.63184309716,0.35161528232309175,153080.09253291675,0.17777289283934053,128095.14569394702,0.1487577138992984,28196.94128675381,0.03274528868402266,861099.1815904154,,,,,56838.48339978156,0.3709249131521441,58529.45947404028,0.3819601328830277,14677.600342143956,0.09578523751062208,7634.599334897332,0.04982298833221671,4842.076964492857,0.03159913618556214,153234.47248868895,,,,,0.1461820900440216,0.3324638146898487,0.20938962697982788,0.5348995981622864,0.01849435456097126,0.08151342036839693,0.04896014556288719,0.34478137087279387,0.02338031306862831,0.08786801411204889,0.6302348971366882,0.5530549783660149,0.43522632122039795,0.4321711634027421,0.5019310712814331,0.2134292149350915,0.18856874108314514,0.3983990990981131,0.1695050746202469,0.2266861952932004,0.06997275352478027,0.3797439364519543,0.0994657576084137,0.5024477795113169,0.028368549421429634,0.19562297539524115,0.026819052174687386,0.12939143466431133,0.015920719131827354,0.07208809655706744,311,30.853174603904183,246.14790996202504,209.99999999503416,12.657407407407407,-2.6308608560917355,0.20904944493672686,0.4660207827392611,-20.93572549169876,C4,ket_psi,ket,psi,F4,F,BL1,between,C4_ket_psi_F4,C4_ket_psi_F4,0.0,0.0,0.0,0.0,0.0,0.0,0.0,0.0,0.0,0.0,0.0,,,,,0.0,0.0,0.0,0.0,0.0,0.0,0.0,0.0,0.0,0.0,0.0,,,,,0.0,0.0,0.0,0.0,0.0,0.0,0.0,0.0,0.0,0.0,0.0,,,,,0.0,0.0,0.0,0.0,0.0,0.0,0.0,0.0,0.0,0.0,0.0,0.0,0.0,0.0,0.0,0.0,0.0,0.0,0.0,0.0,0.0,0.0,0.0,0.0,0.0,0.0,0.0,0.0,0.0,0.0,0.0,0.0,0.0,0.0,0.0,0.0,0.0,0.0
Psi_C4_ket_psi_F4_BL2,500.0000000000551,baseline,31873.636230472264,0.2656818203697293,40113.95324707472,0.33436875679468453,14029.160156251544,0.11693967960291803,17466.98182678415,0.14559554782357612,8451.791246415118,0.07044967406592131,119969.20295907388,,,,,237876.9335937762,0.24804747397369076,354491.71875003906,0.36964817921648135,148684.7531738445,0.15504183985386122,115577.92785645803,0.12051951662058069,30288.095905307284,0.03158307771704404,958997.6055108173,,,,,66788.70800781985,0.3525986624241911,81327.71435547771,0.42935466421061236,12762.982055665469,0.06737980918637769,7579.702537537455,0.040015641206834505,5172.36285829601,0.0273065354879182,189418.49509193603,,,,,0.12917786836624146,0.2697165938953327,0.18347245454788208,0.3649988774522047,0.054943427443504333,0.08145056187892731,0.058215342462062836,0.3497351382486661,0.026039645075798035,0.1265459013881268,0.6435777544975281,0.5687336947331664,0.4977107048034668,0.37961689343623806,0.4712282717227936,0.18319868121083194,0.21036267280578613,0.4330908163543647,0.12730547785758972,0.24607004254166326,0.049054548144340515,0.32410836100438617,0.07027463614940643,0.3392294058226413,0.03259027376770973,0.13171863264164566,0.028983507305383682,0.13492044215280918,0.012576518580317497,0.11904360867629996,84,16.58778691276455,208.7380952380697,194.99999999997897,5.770838407309086,-3.1326217426986336,0.518556599111579,0.5012387227779295,-24.928611759381752,C4,ket_psi,ket,psi,F4,F,BL2,between,C4_ket_psi_F4,C4_ket_psi_F4,0.5106488526703203,0.31755425945057025,0.670396899533776,0.47730230631402515,-1.1350162344298298,-1.32811082764958,-0.47929451544294444,-0.6723891086626953,0.5711652325501558,0.37807063933040597,0.19309459321975103,,,,,0.9613167705491877,0.49367330725562975,0.6848517501794162,0.21720828688585828,-0.12652279843192288,-0.5941662617254811,-0.44657768056736097,-0.9142211438609195,0.3106997177769581,-0.1569437455165995,0.46764346329355805,,,,,0.7006056105818576,-0.22005343194905966,1.4286405362813734,0.5079814937504573,-0.6070289944287511,-1.5276880369596677,-0.031340878910945016,-0.951999921441862,0.2865729622325774,-0.6340860802983397,0.9206590425309167,,,,,-0.5370605319579767,-0.9083671709744683,-0.5738429210382977,-1.659807428426757,4.7287656842650545,-0.0033503227025771846,0.7519475628169882,0.06195476401276879,0.46784738254960406,1.5841727253725981,0.09098577038149513,0.12140652857604839,0.5826182933668037,-0.5631025439439309,-0.27412742444413973,-0.663315239055096,0.47498978537895986,0.3626062697776789,-1.243356131678787,0.3563367101536813,-1.542496846826772,-0.6880061336220499,-1.5087498920118438,-1.7059743959229459,0.6025087924160388,-1.7177264647807957,0.33707513285836743,0.18172227506301433,-1.0240224396557627,2.178425251720011,-2.695114091604408,-0.7159443638053176,-0.3218468336117839,-3.4110584554097256,-0.5017608866068981,3.9454714667232675,0.3163932968497509,-3.992886267682991
Psi_C4_ket_psi_F4_EPM,500.00000001182343,baseline,24697.934082615277,0.21318151407160577,44691.41406355681,0.3857562856958292,18407.486786323952,0.15888518813902705,14896.34230076729,0.12857856026272987,6258.494327693159,0.05402052220737425,115854.01384436862,,,,,263246.73047497496,0.21657917866824858,522961.4179811164,0.4302524638280357,188407.84961383024,0.15500749904999606,130160.292529323,0.10708588555062633,30540.791050679465,0.025126615740678877,1215475.7077466378,,,,,45011.78173934564,0.2978903149054619,66952.05163732539,0.44309216332078366,17291.400055340528,0.11443538577232497,7115.387092758589,0.047090002213427795,3613.889749612435,0.023916910505336494,151101.86362933795,,,,,0.09330403059720993,0.12278968483945459,0.30328428745269775,0.5031914966618276,0.03589253127574921,0.04867765915779641,0.02543909102678299,0.21523698398965904,0.011706125922501087,0.06888524030848282,0.5504004955291748,0.4062231511426475,0.4919241666793823,0.4842179123985654,0.5009554624557495,0.2053111643599552,0.1742953509092331,0.2917183774339721,0.14051811397075653,0.17924234707885442,0.02656213939189911,0.22518385842452063,0.19087868928909302,0.5715389142637343,0.0301242433488369,0.13038524645721153,0.023167036473751068,0.09271945656811113,0.006911660544574261,0.06825715460139778,468,30.249624034946507,247.29914529329744,216.99999999486863,12.467843615476431,-2.7367648730200815,0.36870674278206966,0.47170497501006114,-21.778482881070463,C4,ket_psi,ket,psi,F4,F,EPM,between,C4_ket_psi_F4,C4_ket_psi_F4,-0.5970609933503703,-0.6385686994862267,1.1396832217720465,1.09817551563619,0.044612008143392015,0.003104302007535491,-1.1706767659975612,-1.2121844721334174,-0.7336237552421312,-0.7751314613779878,0.04150770613585644,,,,,1.4014233151500495,-0.09550775561564992,2.3734873042072295,0.87655623344153,0.9018027672092968,-0.5951283035564023,0.06945843996186664,-1.4274726308038321,0.3467828171183082,-1.1501482536473895,1.496931070765699,,,,,-1.0131627696734322,-0.9522962013509523,0.5838937642818957,0.6447603326043758,0.7117510070885653,0.7726175754110455,-0.3058771849931523,-0.24501061667067214,-1.2705678901198127,-1.2097013217973327,-0.06086656832248003,,,,,-1.949937618982249,-4.325824989911329,1.6089474775071344,-0.2653897819725976,2.8796490812096778,-2.238994314329836,-2.8434111101284203,-2.046268942514709,-3.0043713068564086,-1.0570463331028774,-0.5882363087351664,-1.340036352784311,0.5318300624871637,0.49385065773896375,-0.008449643083093627,-0.16841300929306272,-0.3418389860406707,-1.3535455837100396,-0.814503925101664,-1.0198445119926027,-4.206659128934697,-2.269535917063701,2.8308384925285033,0.5595487419611602,0.26079017811346683,-1.7619140792314016,-0.6357294275927222,-1.4473465070755875,-3.6238028043537125,-0.23715378265895576,-0.08579875643668271,0.020264628334961104,0.14240439114610284,-0.0655341281017212,-0.10590401692834606,2.4643206114756397,0.05265171726564024,-0.8427573893717017
Psi_C4_ket_psi_F4_inj,500.00000001182343,baseline,28042.464356131866,0.25362638819738914,38004.94793791042,0.34373076334192865,13010.49459869633,0.11767171072493286,16442.767288596828,0.14871445057092827,7580.935414493535,0.06856477533206679,110566.03595327523,,,,,204609.9765673384,0.24209178270125853,322024.02246855234,0.381014508578398,131077.28247380268,0.15508888431584314,96189.09424055583,0.11380964746580557,27469.12567012893,0.032501101433525866,845175.2235631528,,,,,47112.542969864066,0.2561840655827086,98028.91235583369,0.5330522134632495,10537.944992314619,0.05730222613423691,6355.756550939173,0.034560723120275014,4479.469369755813,0.02435802872138126,183901.14491587633,,,,,0.17120791971683502,0.24896193394847357,0.13858655095100403,0.23880989065482072,0.030794687569141388,0.042790080114163055,0.05618322640657425,0.3551343029537161,0.02449154295027256,0.09138158211490961,0.5645944476127625,0.43490153157227857,0.4807792901992798,0.3818217271689383,0.4169258177280426,0.17725142472449412,0.18734386563301086,0.3696388313356534,0.10392884910106659,0.23476239379852334,0.058111920952796936,0.24947729970087837,0.07380525022745132,0.2852335709809063,0.027322104200720787,0.15439444537759472,0.023479130119085312,0.13579431735439443,0.011124832555651665,0.09261218307177319,119,11.672159447859187,220.1344537763071,193.9999999954125,4.282407407407407,3.1249729294088002,0.23522384840834284,0.4635518631107013,24.867744437188556,C4,ket_psi,ket,psi,F4,F,inj,between,C4_ket_psi_F4,C4_ket_psi_F4,-0.045505499914208575,0.11588024806080682,0.4358436789656123,0.5972294269406272,-1.4623948984098243,-1.30100915043481,-0.7417240959107623,-0.5803383479357472,0.09890558224317995,0.2602913302181947,-0.16138574797501465,,,,,0.3070615119724227,0.38812570504646937,0.26767351462270317,0.34873770769675044,-0.673912871676846,-0.5928486786027989,-1.2440683674748876,-1.1630041744008401,-0.1135716376651586,-0.03250744459111095,-0.08106419307404732,,,,,-0.815059347269509,-1.6073389014956638,2.239796707324508,1.4475171530983535,-1.4389913083501473,-2.2312708625763014,-0.7961899637674524,-1.588469517993607,-0.3380511697567889,-1.1303307239829437,0.7922795542261539,,,,,0.6862968341715019,-1.2561143472360756,-1.7923407674922687,-3.502199618760427,2.2143662290069215,-2.7988601726719464,0.5976397526208188,0.12848831368668256,0.20165824054970294,0.1702786173991164,-0.47765844246609324,-1.0437736891137082,0.43230599602656217,-0.5379514740102311,-0.8058529163041954,-0.8066413222728792,-0.02830224483831339,-0.3254075918825935,-2.124465866098298,0.15203455906559607,-0.806637325850259,-1.8245981333199843,-1.295863379089117,-2.4589029215930167,-0.16322986127852762,-1.0278818842954642,-0.5776142252306486,0.2097606795325943,-1.5566919777348627,1.0880456320375052,-4.221486453098189,-0.4850813218295198,-0.344175648036932,-4.7065677749277075,5.755833785500536,0.512323322634193,-0.023069540546433648,45.80346992888732
Psi_C4_ket_psi_M4_BL1,500.00000001182343,baseline,32462.806153111393,0.27578735025137735,39091.628907174396,0.3321024283135323,16288.278076557042,0.13837685595336996,17527.446028170205,0.14890419127613802,4407.488765343938,0.03744376386082745,117709.55456630581,,,,,243190.57422450068,0.25187469317105393,375543.5146573179,0.38895383930205596,144031.20166356213,0.14917442767571307,105014.26445255648,0.10876423036508782,25022.218950863306,0.025915740117828438,965522.0664004713,,,,,55706.15332162978,0.2980588302568306,83022.07080274443,0.4442141457173192,15776.510437384784,0.08441308484094792,10771.10097910602,0.05763136685950257,4616.870579828717,0.024702819390988288,186896.5038668005,,,,,0.18750734627246857,0.17151771637500324,0.20644469559192657,0.41234431269333366,0.03577161207795143,0.061955141741570005,0.09556383639574051,0.4658901799107226,0.024520399048924446,0.08199432584104763,0.6442569494247437,0.521443874075087,0.44965827465057373,0.44576495398020266,0.42528948187828064,0.18787239315870788,0.19856809079647064,0.46715393699492697,0.22939462959766388,0.2252943781914763,0.04663492739200592,0.09471151569892772,0.07139433920383453,0.3905692379688807,0.016724659129977226,0.18550113176734206,0.02273339033126831,0.1169415240990488,0.012590250000357628,0.06802559331055735,291,28.88452147051806,258.6735395127835,207.99999999508145,12.452769009853162,-3.06520717078998,0.2849176666960391,0.4679467353839495,-24.39214364159744,C4,ket_psi,ket,psi,M4,M,BL1,between,C4_ket_psi_M4,C4_ket_psi_M4,0.0,0.0,0.0,0.0,0.0,0.0,0.0,0.0,0.0,0.0,0.0,,,,,0.0,0.0,0.0,0.0,0.0,0.0,0.0,0.0,0.0,0.0,0.0,,,,,0.0,0.0,0.0,0.0,0.0,0.0,0.0,0.0,0.0,0.0,0.0,,,,,0.0,0.0,0.0,0.0,0.0,0.0,0.0,0.0,0.0,0.0,0.0,0.0,0.0,0.0,0.0,0.0,0.0,0.0,0.0,0.0,0.0,0.0,0.0,0.0,0.0,0.0,0.0,0.0,0.0,0.0,0.0,0.0,0.0,0.0,0.0,0.0,0.0,0.0
Psi_C4_ket_psi_M4_BL2,500.0000000002771,baseline,49333.812500027336,0.336975892055172,51715.329834013035,0.3532429082737998,15423.423217781985,0.10535009426554366,13110.5320396496,0.08955183079305679,4631.7003517176545,0.03163694996715378,146401.6081362582,,,,,388966.05468771554,0.2952869795172887,519162.6601565377,0.3941268703225642,173116.98925790843,0.13142327523191233,107005.90112310619,0.08123446494202674,26900.83717347682,0.02042200562159555,1317247.564804807,,,,,91893.85351567593,0.373644120270037,94203.07739263034,0.3830335178303864,16974.338958749642,0.06901834785201928,9979.283630376625,0.04057617033506149,4949.716821196438,0.020125748529266515,245939.5144483022,,,,,0.13331250846385956,0.13576108399037426,0.14109334349632263,0.22150432913960677,0.0732644572854042,0.11794615794537679,0.06324021518230438,0.39118933489213537,0.019740428775548935,0.10553326631417159,0.6690702438354492,0.6605380258691377,0.4657096266746521,0.4150901986200956,0.41470301151275635,0.12466446257119988,0.20404013991355896,0.37793635387695035,0.197125643491745,0.23585617958149624,0.04946781322360039,0.16406371728133484,0.04104919731616974,0.2805931326719713,0.01058991625905037,0.05797170970305723,0.01623598486185074,0.08914141334129895,0.010543865151703358,0.1060851772594594,141,27.41448366150141,236.39716312043785,217.99999999987563,10.801176943317545,3.034999111534897,0.6590481066701332,0.5320743930736805,24.15175554401447,C4,ket_psi,ket,psi,M4,M,BL2,between,C4_ket_psi_M4,C4_ket_psi_M4,1.8175862044733662,0.870244894862216,1.2153553150084213,0.26801400539727116,-0.23694399313302456,-1.1842853027441738,-1.2609832228363471,-2.2083245324474983,0.2154924094718536,-0.731848900139296,0.9473413096111498,,,,,2.0396496363406373,0.6905976302505834,1.4064318260857467,0.05737981999569251,0.798831064582123,-0.5502209415079309,0.08159433856307068,-1.267457667526983,0.31439975809457116,-1.0346522479954834,1.3490520060900542,,,,,2.173832936490569,0.9815615979641751,0.5487152870515184,-0.6435560514748764,0.3178192120423811,-0.8744521264840127,-0.3316073113842624,-1.523878649910657,0.30232652600368837,-0.8899448125227047,1.192271338526394,,,,,-1.4814738707388346,-1.0153368879096711,-1.6529720346697452,-2.6987779027447805,3.113548244343556,2.796064435638224,-1.7930023711304042,-0.7589655045232129,-0.9417095207444635,1.0960558056455383,0.1641260367379327,1.0269025441508757,0.15232625570581393,-0.30963442618886255,-0.10947452857752471,-1.7812029841679031,0.11806152512675326,-0.9204134434877392,-0.6584012229287872,0.19896904685902317,0.2561140741991613,2.3860976055179597,-2.4035910904139928,-1.4362099662083816,-1.984647491622338,-5.051304548652107,-1.4618557109935117,-1.178892341345747,-0.7703451085509072,1.9298236805881441,-0.22685106415463976,-0.3910974521381417,0.20393158651865223,-0.6179485162927819,6.100206282324876,3.6419773763964267,0.5577593653436725,48.543899185611906
Psi_C4_ket_psi_M4_EPM,500.00000001182343,baseline,30195.37597727653,0.2501995121260571,46142.95629991926,0.38234149371022563,17611.3925175063,0.14592836396727,14606.733452188666,0.12103169658305374,3903.854776951597,0.03234742171580552,120685.19127272838,,,,,305409.242194722,0.2620379136749764,476062.8574331325,0.4084569184726578,162705.6232948631,0.1395997114068651,115472.21092497178,0.09907394098743268,28799.599335397816,0.024709752954075136,1165515.470305347,,,,,61106.545899882476,0.3173498474692043,78043.86511415019,0.40531187494154125,18761.200012650675,0.09743414350581672,10557.092361699837,0.05482705005439014,4381.923006161359,0.02275701526159702,192552.6241376633,,,,,0.05941883102059364,0.05075280865978347,0.26228904724121094,0.3809726335591833,0.048874855041503906,0.07085282330170321,0.052279211580753326,0.3403147747068353,0.013255536556243896,0.07798754619492189,0.6113447546958923,0.5037589144903097,0.42789432406425476,0.39816877607022305,0.4758184552192688,0.1863779081347152,0.1754220426082611,0.3467989424839698,0.21313047409057617,0.18759464315444307,0.01149199903011322,0.10049318455438838,0.1017642468214035,0.4180703946683215,0.008109061047434807,0.11370626375975332,0.009330100379884243,0.06556628633588196,0.006659407168626785,0.05705722860412523,575,37.484435811234704,260.26434781993254,217.99999999484498,16.259770399681873,-2.932023385666901,0.4700580014359212,0.48516208869489735,-23.3323007544961,C4,ket_psi,ket,psi,M4,M,EPM,between,C4_ket_psi_M4,C4_ket_psi_M4,-0.3144561685028194,-0.4228788367039718,0.7202164817279001,0.6117938135267482,0.33918521535019386,0.23076254714904254,-0.7916553426467176,-0.90007801084787,-0.526975603800939,-0.6353982720020912,0.1084226682011517,,,,,0.9893543720427376,0.17179598519296374,1.0300403255550377,0.21248193870526394,0.5294597886002218,-0.28809859824955253,0.41229186443773885,-0.40526652241203476,0.6106062586629258,-0.20695212818684783,0.8175583868497742,,,,,0.40184565396799,0.2723630119628686,-0.2685479205385267,-0.39803056254364916,0.7524966437546483,0.6230140017495273,-0.08715776302461468,-0.21664040502973642,-0.22682958178055812,-0.3563122237856798,0.12948264200512202,,,,,-4.990941840032278,-5.28848904656535,1.0397642699278382,-0.3436622880135438,1.3554696988870532,0.5827980554164579,-2.6196454672176994,-1.3640275210873212,-2.6713022193002285,-0.2175854355516639,-0.22772921529013573,-0.1498482526176503,-0.21546064058205294,-0.4903872111324676,0.4875664067110995,-0.03468534544672552,-0.5382529653727295,-1.2938224878262479,-0.31937695335544913,-0.7952992208099978,-6.083157242601001,0.2573382209069938,1.5393144433936226,0.29551380033246527,-3.1438670512167466,-2.1256217423423673,-3.8677789259430195,-2.512881637065984,-2.7659878455050366,-0.7636166514028658,1.1318580155702866,0.02662674861788942,0.203931586418433,1.1584847641881764,0.13318378512307882,2.174320706658873,0.15690435306921086,1.0598428871013397
Psi_C4_ket_psi_M4_inj,500.00000001182343,baseline,32036.528809351315,0.2823463146733167,38923.64605804934,0.34304428184275965,13774.948334065968,0.1214022255683206,15184.471413017754,0.1338247214372506,4200.00241098799,0.03701572069241653,113465.36910325376,,,,,215108.10547383662,0.2595589176338986,312461.2607495762,0.3770295241271033,126704.75879205867,0.15288754451482536,89944.93214629196,0.10853151806213804,21649.997236763786,0.026123840555300655,828744.8084416859,,,,,52295.058594986614,0.25728042475180585,97870.77173082998,0.48150311708626575,14507.829208717088,0.07137539494798883,9738.35365699908,0.04791060250377498,4272.811918836544,0.021021314343994874,203260.93073514936,,,,,0.173384428024292,0.16488322437864286,0.17136898636817932,0.30890102722077334,0.055081821978092194,0.059049460963737026,0.09695839136838913,0.48548632886864745,0.027144402265548706,0.08011346243716569,0.6544516682624817,0.592083560703877,0.47955071926116943,0.38239100022224626,0.40581023693084717,0.20723189994914212,0.21184422075748444,0.43530100668504906,0.20858021080493927,0.21695612026675398,0.04841740056872368,0.07497139006205565,0.05675535649061203,0.35079979329844874,0.014166665263473988,0.10219662831650331,0.02011665143072605,0.1256390083079468,0.011643853038549423,0.07776947648504054,194,19.32245255752787,229.97938143786067,197.99999999531792,7.406276145071114,-3.0804564139620223,0.47661960763523714,0.4959409668786754,-24.513493263059484,C4,ket_psi,ket,psi,M4,M,inj,between,C4_ket_psi_M4,C4_ket_psi_M4,-0.057406047293881816,0.10207781298392461,-0.018702526449486584,0.14078133382831992,-0.7278519646615957,-0.5683681043837887,-0.6231896019150125,-0.4637057416372059,-0.20941674257067927,-0.04993288229287303,-0.15948386027780623,,,,,-0.5328996287622354,0.13051420037188244,-0.7986408568886412,-0.13522702775452378,-0.5566365758432499,0.10677725329086742,-0.6727159630609874,-0.009302133926869769,-0.628679747016862,0.03473408211725535,-0.6634138291341176,,,,,-0.27442516200064726,-0.6389524865630214,0.7145945113503492,0.35006718678797427,-0.3640851483214437,-0.7286124728838177,-0.4377455513395039,-0.8022728759018785,-0.33633924163948165,-0.7008665662018563,0.3645273245623747,,,,,-0.340081973381452,-0.17132514045465178,-0.8087150062736069,-1.2544065637499633,1.8746978483203947,-0.20861417411676267,0.0629182541088381,0.17893448396668257,0.4415274901484132,-0.10078297454269504,0.06818467238962436,0.5517543326222142,0.27951956963056346,-0.6659825890429066,-0.203616437091365,0.42593641183083086,0.28107160524995295,-0.3067034175118265,-0.41310144282785705,-0.1637844888130403,0.1629016442152521,-1.0150722354593649,-0.9965692240176249,-0.46638705583164397,-0.7208964273675157,-2.5890999590908237,-0.53108518028117,0.31155750074153865,-0.3393763842557802,0.581368371278824,-1.7460292733934923,-0.5106310416880407,-0.21398144701230465,-2.256660315081533,-0.015249243172042348,2.23452525724458,0.2523356260336714,-0.12134962146204487
Psi_C4_ket_sal_F2_BL1,500.00000001182343,baseline,25563.84668029201,0.22323651678721723,41160.309205074875,0.3594327634545488,18505.129944285247,0.16159621058288565,17490.881569322297,0.15273927769577142,5184.168547276061,0.045270797599641074,114514.62801965661,,,,,36817.11279383936,0.253868789209524,51847.680299077605,0.35751059282008163,19782.857147684597,0.13641075060149863,18402.60230298643,0.12689333873419065,8093.369827461891,0.05580703761937713,145024.17925605387,,,,,13394.962158519875,0.1943221805630341,30591.759339102307,0.44379799746226384,9170.658249118223,0.13303974188785206,7747.388532821751,0.11239221250127987,4022.1002331731133,0.058349047836328584,68931.72009344978,,,,,0.06464201956987381,0.263761505357155,0.24171501398086548,0.42555501987587185,0.13705557584762573,0.08929298998759747,0.1130678802728653,0.21085297917368565,0.11275267601013184,0.09880389021767547,0.2988978326320648,0.4425336137986478,0.2989463806152344,0.48147628147361654,0.26383519172668457,0.16994848565456638,0.09331174939870834,0.35696002984970615,0.13988928496837616,0.17727804597848987,0.013985440135002136,0.17238234081857973,0.17740802466869354,0.17457834977301215,0.0755130872130394,0.10052050729977462,0.019248491153120995,0.16219287293127466,0.037944402545690536,0.09209131993383073,314,31.146673721143873,247.6496815228063,210.9999999950105,12.855773045893402,-0.026773457943482706,0.7882469756121784,0.5772195303340427,-0.2130564087684122,C4,ket_sal,ket,sal,F2,F,BL1,between,C4_ket_sal_F2,C4_ket_sal_F2,0.0,0.0,0.0,0.0,0.0,0.0,0.0,0.0,0.0,0.0,0.0,,,,,0.0,0.0,0.0,0.0,0.0,0.0,0.0,0.0,0.0,0.0,0.0,,,,,0.0,0.0,0.0,0.0,0.0,0.0,0.0,0.0,0.0,0.0,0.0,,,,,0.0,0.0,0.0,0.0,0.0,0.0,0.0,0.0,0.0,0.0,0.0,0.0,0.0,0.0,0.0,0.0,0.0,0.0,0.0,0.0,0.0,0.0,0.0,0.0,0.0,0.0,0.0,0.0,0.0,0.0,0.0,0.0,0.0,0.0,0.0,0.0,0.0,0.0
Psi_C4_ket_sal_F2_BL2,500.0000000002771,baseline,23119.972167981563,0.22254481569782786,39003.86035158411,0.37543760219002453,13551.279724128603,0.1304399082647856,15700.51299286759,0.1511276806465166,6420.07621670125,0.061797422074341614,103889.06205469169,,,,,33102.16601564335,0.23775053754845407,54063.73413088934,0.388303346839034,17676.443664560582,0.12695797553574578,16234.305202493128,0.11660006740327476,8277.687074665842,0.059453044575078544,139230.6673918542,,,,,16201.819091805854,0.1867461975304217,42578.714477562666,0.49077285577394264,10517.991073614226,0.1212329817736192,8155.404903416385,0.09400122581323143,3913.7477631590596,0.04511083037785508,86758.4952521805,,,,,0.12700818479061127,0.3171875303204144,0.2835158109664917,0.39821178649001276,0.10207580775022507,0.08297503752647502,0.10126421600580215,0.15355853273534664,0.10707243531942368,0.13737039379594873,0.34238287806510925,0.4242771405668659,0.320721298456192,0.4946180178903636,0.28390246629714966,0.19736107596758035,0.11734823882579803,0.3632039585465814,0.14458537101745605,0.19610660557185333,0.03625671938061714,0.2056097418441766,0.15956608951091766,0.2245898869982349,0.0772947296500206,0.0617008637009814,0.024588411673903465,0.1710316768884031,0.0477706640958786,0.14526463097007936,53,10.445956954779396,209.09433962252473,185.99999999992178,3.640317451974861,-0.12917770643240786,0.7664805280754019,0.5984149903175062,-1.0279635257995716,C4,ket_sal,ket,sal,F2,F,BL2,between,C4_ket_sal_F2,C4_ket_sal_F2,-0.43638897252613745,-0.013477558858801971,-0.23371035783786576,0.1892010558294703,-1.3531182905151447,-0.9302068768478089,-0.4689785656811101,-0.04606715201377402,0.9286107103847207,1.3515221240520563,-0.4229114136673356,,,,,-0.46193315591301526,-0.2848780417524948,0.18176708181508075,0.35882219597560244,-0.48894121488785025,-0.3118861007273285,-0.5444553434363341,-0.3674002292758127,0.0977961855248035,0.2748512996853244,-0.17705511416052078,,,,,0.8262228752518997,-0.1727060760322917,1.4358809114690418,0.436951960184851,0.5953228843651375,-0.40360606691905393,0.22290191517018215,-0.7760270361140087,-0.11860056866161281,-1.117529519945804,0.998928951284191,,,,,2.933167927372136,0.8010469266772736,0.6927365623681087,-0.28841607481931464,-1.2797388340237335,-0.31869908120720003,-0.4788324563835854,-1.3770578786174967,-0.2244917733843874,1.4311909877513527,0.589892723892353,-0.1829663101649277,0.30534501783683743,0.11695035009692561,0.31836441755940664,0.6494420505698375,0.995402444371546,0.0753098397809142,0.14339903439901863,0.438372663786945,4.137123666580403,0.7655091400053471,-0.4603265840474768,1.0939981268320869,0.10127656550539038,-2.119634282762269,1.0633378393815487,0.23044787251664464,1.0001355975478823,1.9794118745067948,-4.7446344152909745,-0.734954975937972,-0.5476951106968928,-5.479589391228949,-0.10240424848892515,-0.12161186729011592,0.15661446977861865,-0.8149071170311595
Psi_C4_ket_sal_F2_EPM,500.00000001182343,baseline,20075.525879380973,0.17959759650391208,49458.38525507579,0.44245949880193275,17549.50094645991,0.15699953310137232,12826.700222318692,0.11474890096755284,4922.957934495988,0.044041257899671296,111780.59322716872,,,,,53208.16992313321,0.32206660377069735,50149.327393764,0.30355157071606487,23359.931732730125,0.1413965916953061,18950.871864766978,0.11470875523056809,8481.936621389692,0.05134077200917982,165208.59132918972,,,,,11718.47827176148,0.17901652144535576,30042.05139231196,0.45893531673766447,9171.46249411336,0.14010721137906965,7258.857380084979,0.11088943186267751,3783.2232957780907,0.05779414857074483,65460.317165969005,,,,,0.06504084914922714,0.189487746702414,0.12596894800662994,0.37204318223383714,0.08842785656452179,0.10554997506674846,0.0673915296792984,0.12841087475498186,0.0967986211180687,0.10085285399948049,0.20257852971553802,0.29657787265981694,0.26546117663383484,0.4907929231485512,0.26275303959846497,0.12070405715192256,0.09636655449867249,0.29960841326288035,0.13769373297691345,0.13878289506492092,0.007885638624429703,0.14531428662982945,0.09663864225149155,0.30138229871121686,0.06336478143930435,0.1759819211528706,0.025006700307130814,0.18014838598414287,0.03180336207151413,0.08460093470689493,417,27.259771898892225,241.14628296791875,209.99999999503416,10.955987779951974,-0.1659574482797939,0.7774461515656682,0.5674510892077164,-1.320647411832338,C4,ket_sal,ket,sal,F2,F,EPM,between,C4_ket_sal_F2,C4_ket_sal_F2,-1.0495927372915255,-0.9446471714808171,0.7976130455247777,0.9025586113354862,-0.230273681020221,-0.12532811520951206,-1.3469675439360362,-1.2420219781253286,-0.22452987994160828,-0.11958431413090007,-0.1049455658107082,,,,,1.5992859373732218,1.033363819024735,-0.1446421791754311,-0.7105642975239185,0.7218255429714611,0.1559034246229754,0.12749954444402087,-0.4384225739044661,0.20365637024446703,-0.36226574810402035,0.5659221183484872,,,,,-0.580702719429336,-0.3562926131485988,-0.07874869356538498,0.14566141271535188,0.0003808492688494314,0.22479095554958645,-0.2828707285761039,-0.05846062229536677,-0.2659091402649659,-0.04149903398422867,-0.22441010628073704,,,,,0.026712862436104077,-1.43630281383073,-2.8304012469517064,-0.5836236743616856,-1.9030761056852576,0.7264076943727772,-2.247339360899396,-2.1537793714111593,-0.662576870869125,0.08914148215519477,-1.689293511298273,-1.7380751858041565,-0.515922846903026,0.08323394177133217,-0.017849747924283316,-1.4859543108715871,0.13989999833581634,-0.7606558469371525,-0.06870276190837976,-1.0631901332708966,-2.488392678224259,-0.7418445957242732,-2.6382244072040066,2.3712735707337815,-0.7617428473876026,2.4321338278717866,1.136596975439096,0.45598608917121497,-0.766746854573005,-0.3684353637050853,-0.5788945593730723,-0.11557201728200552,-0.020631605637734182,-0.6944665766550785,-0.13918399033631118,-0.0599199499856732,-0.07412583141271699,-1.1075910030639258
Psi_C4_ket_sal_F2_inj,500.00000001182343,baseline,25153.54736387605,0.23935966699781283,36427.98986902546,0.3466465941488587,14606.432007181334,0.1389939419155697,17276.807197979342,0.16440507407844637,5828.488085407755,0.05546354742899931,105086.82469091959,,,,,29354.187500694134,0.2406119328219186,43938.857544984334,0.3601603157858013,16512.291138085777,0.13534880793273896,16182.052414323085,0.13264188996352907,7813.281731790291,0.06404431460158092,121998.05369760991,,,,,13919.723633141659,0.1958678274964995,33628.18823321707,0.4731904415258116,8221.665344432698,0.11568905905453213,7259.326245479581,0.10214775079334622,4023.160132503277,0.05661086782985891,71066.92207218375,,,,,0.13123203814029694,0.32828590986557643,0.22035105526447296,0.4060031051495107,0.11570268869400024,0.060333707733123944,0.12312404811382294,0.2001834155056834,0.12713083624839783,0.08776520954218395,0.3317851722240448,0.4363495004425754,0.28000250458717346,0.5143587111503132,0.247827410697937,0.13145495453237907,0.09905561059713364,0.366898202498095,0.1270821988582611,0.19820774459062734,0.035596322268247604,0.17536567033692477,0.15119367837905884,0.28043333821492433,0.07506407797336578,0.07829423107795724,0.0176595076918602,0.14017576273697324,0.04825899004936218,0.09313961956065402,166,16.40759361921784,229.85542168131164,195.99999999536521,6.285623916868192,0.00017785213249860596,0.8153310635220662,0.63081901506207,0.001415302301329393,C4,ket_sal,ket,sal,F2,F,inj,between,C4_ket_sal_F2,C4_ket_sal_F2,-0.07026962638383283,0.3028573448841976,-0.530434214936406,-0.15730724366837584,-1.0274799767985292,-0.6543530055304989,-0.05348212459702354,0.3196448466710072,0.5087680018329754,0.8818949731010057,-0.3731269712680301,,,,,-0.9837966406081367,-0.23292149932835918,-0.7188056989275977,0.032069442352179574,-0.7848167763854857,-0.03394163510570759,-0.558456371861017,0.1924187694187611,-0.15295901573216117,0.5979161255476163,-0.7508751412797778,,,,,0.1668912169097495,0.0344073108705995,0.4109901562971773,0.27850625025802755,-0.47440714231080877,-0.6068910483499597,-0.2825902173786238,-0.41507412341777394,0.0011442971692747206,-0.13133960886987553,0.13248390603915008,,,,,3.0752495746025286,0.9504083029725834,-0.40188492489062577,-0.2042636273442041,-0.735532575017614,-1.7025735045153656,0.3700363557852679,-0.2255164674873409,0.5212404574742208,-0.5145165039481381,0.4533420721879325,-0.061117811622751976,-0.2843138365614625,0.286912016848997,-0.27183384163411944,-1.1154033981179967,0.25942747782679487,0.11925994816131932,-0.41699729658586215,0.48465663584757873,4.057289913841638,0.07451805867862428,-0.6943962723260967,2.0583925781078722,-0.02590071513866556,-1.085249083998826,-0.3741809955200097,-0.6335883865522247,1.0443050985020457,0.049157619701487645,-2.7836678245909448,-0.32383021751611785,-0.32026383941216596,-3.1074980421070633,0.02695131007598131,0.14671675844929605,0.38563758881066496,0.21447171106974158
Psi_C4_ket_sal_F6_BL1,500.00000001182343,baseline,37141.05078212827,0.2735085664324211,50226.27002071895,0.36986877918986405,16174.194122696923,0.11910757920255678,18453.67768140561,0.13589381080397087,6117.5467902676455,0.04504992232191995,135794.83548390114,,,,,127995.7109405267,0.22193668190517465,239163.23633378049,0.41469432620508345,70288.58349775586,0.12187607602379054,74478.2982347934,0.12914078341151997,31848.602825917915,0.055223516339421054,576721.7471297266,,,,,51642.57519653368,0.32574690112468674,54961.17395149498,0.34667969265165627,19200.334137416918,0.12111033042058489,16783.128096023695,0.10586327168334816,6700.015017667894,0.04226181829988743,158535.8909577665,,,,,0.012257490307092667,0.13493423813599992,0.1842932403087616,0.597212996910182,0.009177538566291332,0.12330290093105833,0.07798603177070618,0.3137029452449983,0.05892498418688774,0.30353271905015483,0.40677616000175476,0.5688105822015778,0.16664256155490875,0.3263829300833718,0.2686785161495209,0.20404479110403462,0.1308799535036087,0.31129063096004955,0.18116751313209534,0.19695532694483328,0.01289134006947279,0.18729147294670803,0.055491507053375244,0.3223270339114297,0.029409989714622498,0.07161487675533447,0.02028411626815796,0.1830734116125865,0.03319064527750015,0.1161953207707758,312,29.161603888903432,242.25641025068165,207.99999999508145,11.774309125463441,1.8847285288974605,0.13863379126523045,0.45331609746412793,14.998193088017347,C4,ket_sal,ket,sal,F6,F,BL1,between,C4_ket_sal_F6,C4_ket_sal_F6,0.0,0.0,0.0,0.0,0.0,0.0,0.0,0.0,0.0,0.0,0.0,,,,,0.0,0.0,0.0,0.0,0.0,0.0,0.0,0.0,0.0,0.0,0.0,,,,,0.0,0.0,0.0,0.0,0.0,0.0,0.0,0.0,0.0,0.0,0.0,,,,,0.0,0.0,0.0,0.0,0.0,0.0,0.0,0.0,0.0,0.0,0.0,0.0,0.0,0.0,0.0,0.0,0.0,0.0,0.0,0.0,0.0,0.0,0.0,0.0,0.0,0.0,0.0,0.0,0.0,0.0,0.0,0.0,0.0,0.0,0.0,0.0,0.0,0.0
Psi_C4_ket_sal_F6_BL2,500.0000000002771,baseline,39311.971191428034,0.2916069229801762,47571.177978541986,0.35287176939857323,14479.63616944162,0.10740652328733954,17745.715133676826,0.13163352610877482,7200.4531097452,0.053411261551129706,134811.5154114517,,,,,137569.20898445125,0.21872378214849236,273533.3378907766,0.434895618349701,69269.87231449151,0.11013342719213541,72880.74015812147,0.11587441151142723,38031.572620412924,0.060467087555413294,628963.1956485419,,,,,59736.627929720606,0.333613960523712,66169.02185062261,0.3695372539196069,18962.76937867262,0.10590227159054724,16802.678749093786,0.09383871167766142,7400.06643820219,0.04132749969569261,179059.13720140845,,,,,0.0207638181746006,0.027610961617468847,0.17097966372966766,0.5417661056532255,0.012659937143325806,0.08116699794595798,0.0719732716679573,0.22656096525811545,0.06499944627285004,0.32448832943336126,0.3999018371105194,0.4462100604741594,0.1609906256198883,0.4296281706869091,0.25874996185302734,0.14514676459736178,0.11697486788034439,0.258527610873852,0.16731533408164978,0.21111836894488706,0.01234924141317606,0.05320193765086198,0.05691489577293396,0.28833332304440623,0.01589340902864933,0.11993867066542627,0.013699897564947605,0.1848510975890201,0.03527907282114029,0.1466945499581195,103,20.23694913257306,227.281553397932,201.9999999998845,7.665808724810228,-2.8443890575734576,0.18247155742032845,0.4728926154357057,-22.634928929465673,C4,ket_sal,ket,sal,F6,F,BL2,between,C4_ket_sal_F6,C4_ket_sal_F6,0.2467063438561562,0.2782689705010182,-0.23587021377926665,-0.20430758713440386,-0.48065001750187625,-0.44908739085701316,-0.1698942514963073,-0.13833162485144493,0.7078252679929211,0.7393878946377839,-0.03156262664486279,,,,,0.3132582317224565,-0.06333081705417762,0.5831584352838124,0.206569386507179,-0.0634040411346325,-0.4399930899112669,-0.09416970259590486,-0.4707587513725395,0.7705389911039029,0.39394994232726915,0.37658904877663435,,,,,0.63232812928877,0.1036392308033583,0.8059871416558585,0.2772982431704463,-0.054070233817378986,-0.5827591323027913,0.005056148714329578,-0.5236327497710834,0.43159842722099634,-0.09709047126441567,0.5286888984854123,,,,,2.2890565868741457,-6.890406290452695,-0.3256494741778073,-0.4231741962030478,1.3970533121873283,-1.8159381091767466,-0.34845577596186733,-1.4133350983687718,0.4261018227577116,0.2899356921870196,-0.07402092982288128,-1.0542830957140907,-0.14985344690477706,1.1936531332630334,-0.1635264668555997,-1.479181528865249,-0.48780568698172316,-0.806591169749784,-0.34544577934415044,0.30158290525832143,-0.18657784448510623,-5.46590555272529,0.10999425210951558,-0.4840189453265909,-2.6727781219824465,2.2395598217912647,-1.704387713308565,0.04196758838470729,0.2650146695156652,1.0122533989385112,-1.5866636646231504,-0.27711088577478626,-0.12711965506116424,-1.8637745503979373,-4.7291175864709185,1.1932607863147155,0.1836139091190397,-37.63312201748302
Psi_C4_ket_sal_F6_EPM,500.00000001182343,baseline,31678.946778092857,0.24961457800950296,53416.79882938814,0.4208982006825085,15421.349182493572,0.12151267513689318,13846.890396445599,0.10910671138356226,5380.788715489787,0.04239797850552586,126911.44495930371,,,,,237118.75000560711,0.3260423474801921,279850.19727224257,0.3847988202505252,70629.57348799829,0.0971168747347359,62955.94368129828,0.08656550215955457,33048.25621492334,0.045441919022370256,727263.657123597,,,,,51208.72705199218,0.3216722485694622,56911.67089978327,0.35749580593150704,21298.79888966381,0.13379033077137167,15088.051054357638,0.09477695675306293,5317.344555503698,0.033401380546930044,159195.3526601289,,,,,0.032172463834285736,0.24606934960130808,0.15690302848815918,0.4932420489218226,0.0085294833406806,0.0794942464017247,0.040151771157979965,0.11176786155293607,0.04345604404807091,0.2814831495532242,0.35840439796447754,0.505218350842933,0.19880744814872742,0.38834839023641665,0.29341232776641846,0.22441398083336417,0.1174963191151619,0.216219962625302,0.17413370311260223,0.1335072476553798,0.0437193401157856,0.36471344038774306,0.07863754034042358,0.3768916569598777,0.023892350494861603,0.0665012069999238,0.009834558703005314,0.1493694487400465,0.024606263265013695,0.13258021356334115,420,26.33724211512709,234.73809523254445,201.99999999522333,10.30392341297214,2.2952165636553015,0.22436709189908524,0.46353735041991484,18.264753078606756,C4,ket_sal,ket,sal,F6,F,EPM,between,C4_ket_sal_F6,C4_ket_sal_F6,-0.6908345221211374,-0.39700987764178636,0.2674693087184705,0.5612939531978208,-0.20700280290201986,0.08682184157733086,-1.2473067619049125,-0.9534821174255625,-0.5573136057728014,-0.26348896129345023,-0.2938246444793507,,,,,2.677704799357696,1.670449225958159,0.6823119576730131,-0.3249436157265232,0.021017924638330014,-0.9862376487612077,-0.7299300663536126,-1.7371856397531498,0.16058164039551778,-0.846673933004019,1.007255573399537,,,,,-0.03663910297189468,-0.0546669800140232,0.15145335947278685,0.13342548243065852,0.45046326153847094,0.4324353844963427,-0.46239764363010366,-0.4804255206722324,-1.0038097332562772,-1.0218376102984055,0.018027877042128493,,,,,4.1908276286201716,2.6093536006290785,-0.6987807975494462,-0.8306915739561459,-0.3180349289724615,-1.9063759767862405,-2.8831211487751567,-4.4820165446952025,-1.3224928617334488,-0.32753110574755745,-0.5498216199629115,-0.5148855057564843,0.7664671806092599,0.7549407232168264,0.3824541572011487,0.4132439717311612,-0.4684887064926795,-1.5827026180071944,-0.17197487064501432,-1.6886288871928263,5.303755331345302,2.894337630339596,1.5140340132121064,0.6791979204122538,-0.9023599550971493,-0.3217372102780839,-3.1440121424975143,-0.8836349658610747,-1.2997002958880381,0.5729007504939763,-0.44241110329162303,-0.1369170136287346,-0.12711965516137785,-0.5793281169203577,0.8557486491162785,2.0909005873679494,0.09683592679306062,0.8557486491162785
Psi_C4_ket_sal_F6_inj,500.00000001182343,baseline,34504.02539144091,0.27234190343646386,46465.20117297376,0.3667520292906158,14926.855987901801,0.1178183799121471,17546.78732722767,0.13849762181885653,6020.029652737876,0.04751637861874762,126693.78070749418,,,,,137396.13476887398,0.2501595087775952,214510.739262885,0.3905633972294161,64355.781495662435,0.11717367968927983,68981.76666422885,0.1255962905533169,31363.459152963325,0.057103990213914636,549234.1084304986,,,,,50325.48339962755,0.3041658329543914,64785.10254059447,0.3915593720345946,17916.9877018397,0.10828977925732139,15490.099798568806,0.09362173573901929,6745.934290091771,0.04077224069777222,165454.09755859617,,,,,0.006669705733656883,0.035526153331129066,0.1398475170135498,0.5322779354201027,0.0061097098514437675,0.05299736344765996,0.0924464762210846,0.32027087685015204,0.06504838168621063,0.33158540230621425,0.424082487821579,0.5041812177798048,0.19432342052459717,0.3970246227297253,0.2537146806716919,0.18512582439270386,0.1320321261882782,0.32620324750633056,0.1608033925294876,0.21292331992775687,0.013131293468177319,0.09260334070056599,0.05309110879898071,0.3230529754225896,0.023695364594459534,0.10328713947343428,0.02306530252099037,0.19441893541238545,0.028995011001825333,0.11069629215632593,260,25.395502392010332,235.26153845597526,206.9999999951051,9.957641604344584,-2.924110524111885,0.11385295084862895,0.4462200757171926,-23.269332202971967,C4,ket_sal,ket,sal,F6,F,inj,between,C4_ket_sal_F6,C4_ket_sal_F6,-0.3198442175669646,-0.0185646473121923,-0.33803105337318096,-0.036751483118408576,-0.34854308379495763,-0.04726351354018574,-0.21885318472826498,0.0824263855265063,-0.06978669294247514,0.23149287731229765,-0.30127957025477203,,,,,0.3077909836914413,0.5198792667079672,-0.4724538204043341,-0.2603655373878081,-0.3829722274145254,-0.17088394439799998,-0.33295432115627077,-0.12086603813974486,-0.06666428859851795,0.14542399441800782,-0.21208828301652563,,,,,-0.11219935380247023,-0.29769864882552305,0.714191499674073,0.5286922046510211,-0.30043791068528614,-0.48593720570833837,-0.3481869349607294,-0.5336862299837815,0.029663304092484372,-0.15583599093056758,0.18549929502305204,,,,,-2.6429488515286312,-5.795739753993937,-1.1985464612836503,-0.49990786849212165,-1.7670563199435714,-3.66719029772224,0.7387353949435559,0.08998852663026313,0.42937021736740977,0.3838989061028172,0.1809484672727138,-0.5238100454298003,0.6673921364210812,0.8509000478009555,-0.24887343628734515,-0.42258506983787214,0.0380648498960905,0.20322230588404927,-0.5178511587033674,0.3385549769550234,0.0800944228035205,-3.0589135085455776,-0.19204724057549089,0.009770136071353519,-0.9383147715998073,1.5904300098346613,0.5580306387138346,0.26113285931465285,-0.5869241797505398,-0.21055565055814932,-0.6005459773563054,-0.1272434487482427,-0.02092989505843789,-0.7277894261045488,-4.808839053009345,-0.8552480902766282,-0.06852035765560782,-38.26752529098931
Psi_C4_ket_sal_F7_BL1,500.00000001182343,baseline,30054.7158210232,0.18921882881240143,45466.813477637654,0.2862504921790877,27079.23480288643,0.17048576087197717,38428.24780364308,0.24193700868839327,8393.206237991442,0.05284204528138555,158835.75651353682,,,,,221283.88672398266,0.21970584425003806,420064.8418068082,0.41706923208575875,161181.82519912394,0.16003238874463235,117130.76970949586,0.11629547468488358,24381.16146336035,0.02420729201031122,1007182.523884748,,,,,49529.11035273371,0.30144635433024547,68356.42065591329,0.41603399808800384,19512.2705082739,0.1187564801292678,12044.264290140767,0.07330435646826641,5162.883580806748,0.03142258001772845,164304.89087445644,,,,,0.03971549868583679,0.10790934787647626,0.12218845635652542,0.5395223117571435,0.011889553628861904,0.08073847018839184,0.09021645039319992,0.46382231040836774,0.022861424833536148,0.11251173653459778,0.4384325444698334,0.637018709561196,0.2481861710548401,0.44285070689882966,0.3062991797924042,0.14794413817655677,0.1644618809223175,0.5198235632505263,0.09751317650079727,0.22682621921626017,0.03843306750059128,0.2716909318878334,0.1347762644290924,0.5595866214442997,0.023344192653894424,0.12508767148967465,0.023042289540171623,0.1633999312025348,0.010487781837582588,0.07813479378797093,315,30.443214546455582,244.57777777199425,221.9999999947504,12.409556270013592,-0.3417603688010344,0.019794419217381648,0.45043288306605667,-2.7196426023796896,C4,ket_sal,ket,sal,F7,F,BL1,between,C4_ket_sal_F7,C4_ket_sal_F7,0.0,0.0,0.0,0.0,0.0,0.0,0.0,0.0,0.0,0.0,0.0,,,,,0.0,0.0,0.0,0.0,0.0,0.0,0.0,0.0,0.0,0.0,0.0,,,,,0.0,0.0,0.0,0.0,0.0,0.0,0.0,0.0,0.0,0.0,0.0,,,,,0.0,0.0,0.0,0.0,0.0,0.0,0.0,0.0,0.0,0.0,0.0,0.0,0.0,0.0,0.0,0.0,0.0,0.0,0.0,0.0,0.0,0.0,0.0,0.0,0.0,0.0,0.0,0.0,0.0,0.0,0.0,0.0,0.0,0.0,0.0,0.0,0.0,0.0
Psi_C4_ket_sal_F7_BL2,500.0000000000551,baseline,34474.58740234755,0.21057697479942475,46281.65893555197,0.2826966894079102,22416.62014770755,0.13692474403945012,35085.919082645465,0.21431109855654965,13774.74038314971,0.08413858952619736,163714.8953972043,,,,,239323.92578127634,0.2149020223887527,502071.4111328678,0.4508373380714012,150986.21484376662,0.13557876763396587,122329.54599000371,0.10984637973545416,26319.63157654098,0.023633834502175145,1113642.0361291203,,,,,55948.14648438117,0.30555873724660226,74955.21264649263,0.4093651276312906,17282.520080568305,0.09438784560506801,13565.996784211698,0.07409019078107254,7945.737076760213,0.043395349805665936,183101.11826135745,,,,,0.08288584649562836,0.11135699335889528,0.14538618922233582,0.4693344865656931,0.016592761501669884,0.10164222476708605,0.08403269201517105,0.4146561952187299,0.029146632179617882,0.1863055967290168,0.4865599572658539,0.7223705108176753,0.24290823936462402,0.4906711774971746,0.3030465245246887,0.1390366422599199,0.19423681497573853,0.4988913195735841,0.114898182451725,0.3349091452380712,0.04752707481384277,0.3253534062234514,0.1238420307636261,0.49195947284937874,0.021441565826535225,0.10180556230231823,0.024255385622382164,0.19872166768194877,0.015313908457756042,0.09095783237847055,84,16.61852569936479,220.90476190473453,199.9999999999602,6.118519104709817,2.9050789656219096,0.2534202384392864,0.44142639992341026,23.11788387255086,C4,ket_sal,ket,sal,F7,F,BL2,between,C4_ket_sal_F7,C4_ket_sal_F7,0.5958645126814416,0.4644653216478107,0.07714399631234894,-0.054255194721282075,-0.8206625531175817,-0.952061744151213,-0.3951772513192443,-0.5265764423528757,2.151555275818703,2.0201560847850715,0.13139919103363168,,,,,0.34036327270105554,-0.09601106908253663,0.774491586671356,0.3381172448877635,-0.28378771663687985,-0.7201620584204724,0.18860366705798506,-0.24777067472560693,0.3322541512805822,-0.10412019050301016,0.43637434178359225,,,,,0.5292517607945687,0.058846706840233014,0.4002252688284263,-0.07017978512590838,-0.5270073802526496,-0.9974124342069844,0.5167143300866537,0.04630927613231796,1.8724185807892233,1.402013526834888,0.47040505395433463,,,,,3.1952035707087942,0.1365842847032687,0.7549297495820924,-0.6052694226620293,1.447531206948556,0.9999364616132183,-0.30837459052287236,-0.4866347649524224,1.054850861380136,2.1902807380397786,0.45233580678482826,0.5460782058235933,-0.09335332752184525,0.44533205593974456,-0.04636526166823373,-0.2696849127459042,0.7226629514842443,-0.17850014359412975,0.7124985488496136,1.6923375288093445,0.9223603658436295,0.7828021445588154,-0.3674534997070053,-0.5593799538638313,-0.36922361018454863,-0.8944300120081969,0.2228255412096235,0.8499335379003892,1.6440240191001405,0.6599563179806871,-2.6289801531851125,-0.44211916904737775,-0.45322978776474143,-3.0710993222324907,3.246839334422944,11.072985314421985,-0.08771784916232982,25.83752647493055
Psi_C4_ket_sal_F7_EPM,500.00000001182343,baseline,24971.783203715502,0.16413840138000826,51692.29443481611,0.3397711129789479,27944.21875066079,0.1836760857696484,28396.77406378185,0.18665071137110195,7159.163717439189,0.047056859264395096,152138.57935597646,,,,,249441.46875589853,0.21318030506274002,468527.0429798292,0.4004175346254315,200987.1103563152,0.17176972903958931,150862.36658071584,0.12893159060747958,26712.0947405456,0.022828972800937562,1170096.218234075,,,,,42066.45947365099,0.26588716408445456,67348.42675940509,0.4256855086134407,21469.384552509637,0.13570036187335788,12028.289375589608,0.07602654920046027,4489.129766570388,0.028374196397206706,158211.6971253614,,,,,0.07045784592628479,0.08840263739068373,0.19530805945396423,0.5122561927118348,0.016650328412652016,0.07546985872180398,0.03437640890479088,0.2847368476221504,0.013127153739333153,0.08718332232040248,0.247203528881073,0.4480579629241807,0.3076351583003998,0.4368315456481333,0.3183903396129608,0.12944583548773783,0.15812112390995026,0.41396121774421873,0.10029834508895874,0.17712924565724514,0.0433613657951355,0.3180832587441831,0.19230836629867554,0.6417125187826976,0.035539284348487854,0.13851047655984197,0.01394775789231062,0.15355288745229156,0.008147254586219788,0.0682234116911311,491,31.584499794900847,240.38696537109766,207.99999999508145,12.654170097433786,-2.61074958966368,0.2197299059551606,0.4770081694433594,-20.775685118505606,C4,ket_sal,ket,sal,F7,F,EPM,between,C4_ket_sal_F7,C4_ket_sal_F7,-0.8046307001866215,-0.617541507366765,0.5573129143689861,0.744402107188842,0.13655584331862367,0.3236450361384794,-1.3138157653892164,-1.1267265725693598,-0.6906560065511798,-0.5035668137313241,-0.1870891928198561,,,,,0.5201886409114138,-0.1309453010247427,0.47418329166157536,-0.1769506502745806,0.9585213692271723,0.3073874272910164,1.0990991901435407,0.4479652482073845,0.3965355579210582,-0.2545983840150977,0.651133941936156,,,,,-0.7092456607652093,-0.5451266398392671,-0.06451858523553562,0.0996004356904065,0.41511786818422075,0.5792368891101634,-0.005764089970029937,0.15835493095591124,-0.6073017247375818,-0.44318270381164016,-0.16411902092594238,,,,,2.4896934145423093,-0.8659384611342834,2.0368998670050127,-0.2252219215665497,1.462572538446304,-0.29306979252139637,-4.190252289795269,-2.119079623205077,-2.4093272268084513,-1.107644129642535,-2.4884811787403534,-1.5281798792410206,0.9325838868823649,-0.05943348991308468,0.16814048337558113,-0.5800967934009925,-0.17075360297142098,-0.9889630605194948,0.12230463419236556,-1.0740298083856257,0.5239790447192706,0.684656686629102,1.5438476352161485,0.5947318889963891,1.8252981951673588,0.4426811531731546,-2.180212292857531,-0.26993881889082716,-1.0967235736547445,-0.5891103665501941,0.15983494993424274,-0.07506079698586349,-0.2828963948787709,0.08477415294838056,-2.2689892208626454,10.453464060754031,0.24895729103626335,-18.056042516125917
Psi_C4_ket_sal_F7_inj,500.00000001182343,baseline,26758.664551414007,0.17813343131134793,43724.03784283082,0.29107255620942796,24018.213196368735,0.1598901440845849,36623.52943507013,0.24380420601582126,9904.764335866543,0.0659363868509999,150216.97137043448,,,,,214574.62500507402,0.23164030945397848,354203.5634849383,0.38237430475953454,151941.77734734296,0.16402610664189088,119347.13076301505,0.12883912206177925,23344.90396936307,0.02520158559992263,926326.7930822074,,,,,53685.04882939448,0.3090383385994843,72982.78369313206,0.42012587695629866,17811.59417766728,0.1025325596697726,12124.7865012175,0.06979641367408204,5768.566217082058,0.03320678957550012,173716.4685543131,,,,,0.07692594081163406,0.19424234740482335,0.13708773255348206,0.5439999548858724,0.008221358060836792,0.08386304859022513,0.08962321281433105,0.45154363047398377,0.020793583244085312,0.12819894952140726,0.40403643250465393,0.6313967279717541,0.30124783515930176,0.46895911770837856,0.2908506989479065,0.15133981121564324,0.17660243809223175,0.5119255194080801,0.09285028278827667,0.2951136569928545,0.04325036332011223,0.25207539201032236,0.10876907408237457,0.5428080339356512,0.024223316460847855,0.11481387172341401,0.025371890515089035,0.19646420940408285,0.010834272019565105,0.08617313167921017,232,23.038728898260782,226.49137930498904,203.99999999517604,8.696789142667992,-2.4769997755278226,0.030053303035165874,0.44474557674417264,-19.711337915638406,C4,ket_sal,ket,sal,F7,F,inj,between,C4_ket_sal_F7,C4_ket_sal_F7,-0.5044819066315729,-0.26218916428048183,-0.169742564175826,0.0725501781752646,-0.5209569252247332,-0.27866418287364275,-0.20890387331717844,0.0333888690339125,0.7191625209073129,0.9614552632584039,-0.24229274235109055,,,,,-0.13371428748730538,0.22972526991583278,-0.7406340776662533,-0.3771945202631154,-0.25638867068692583,0.10705088671621234,0.08140985344211954,0.44484941084525803,-0.18862298806943917,0.1748165693337,-0.36343955740313855,,,,,0.34992825251888987,0.10802324453261354,0.2844111040600732,0.042506096073796316,-0.3960501665300157,-0.6379551745162924,0.028938233140482928,-0.21296677484579346,0.4817555009999269,0.23985049301365038,0.24190500798627634,,,,,2.871127962967632,2.5528484984997353,0.49968414941253475,0.03589454194746051,-1.6022198691275436,0.16490129578084547,-0.028652271347560928,-0.11651914439536838,-0.4117395885059789,0.5668663878453383,-0.3548225618818115,-0.03849861012593933,0.841463557198153,0.24877641765600184,-0.22475722059292674,0.09855425606181994,0.30931442050262925,-0.06649182283582933,-0.2128007307055379,1.1429605390052509,0.5128471139134009,-0.3254469215176746,-0.9310798340254672,-0.1322105596841095,0.16054744280673555,-0.37220145835577956,0.41827199166299295,0.8003157557759627,0.14116090594606037,0.42527405930517176,-1.2103199400324476,-0.3336531810457167,-0.3672280702473985,-1.5439731210781635,-2.135239406726788,1.8134944672560924,-0.05518450447001288,-16.991695313258717
Psi_C4_ket_sal_M2_BL1,500.00000001182343,baseline,31286.98974683359,0.22159476674201492,43396.88366801839,0.30736489485116203,21494.1365361528,0.1522354247113799,28665.384911261346,0.2030268598666926,7449.4072000357755,0.05276153647940127,141190.11115121926,,,,,230141.21094294213,0.2916769548364794,286909.4233466283,0.36362399664431444,117457.16870394937,0.1488631660140886,75500.85830104073,0.09568847033766528,19753.596056451606,0.02503536294611814,789027.7484279292,,,,,65594.1230484261,0.287097142240306,110184.93457291803,0.4822654586061868,17600.46443217889,0.07703499651714538,9502.669353709818,0.0415919763587736,4657.962332835672,0.020387309293438266,228473.61884752763,,,,,0.07992731779813766,0.20645997578570632,0.08467666804790497,0.37671172009838916,0.02799813821911812,0.13187200125555526,0.09089556336402893,0.456222553019934,0.01785590872168541,0.10084291870763798,0.5299486517906189,0.6262563858440899,0.39981940388679504,0.3486746442189431,0.37071189284324646,0.18083332561519389,0.1903630793094635,0.4801318105023083,0.09800092875957489,0.25643347766899416,0.037469521164894104,0.24057158178728807,0.07847525179386139,0.3987721833868132,0.022486064583063126,0.27104462356809333,0.015021526254713535,0.11999151836984398,0.010170338675379753,0.08984548180225817,308,30.554646191808104,256.46103895497447,216.99999999486863,13.0601271787546,0.26321640523211787,0.2962145580450002,0.48086751276418604,2.094609599778549,C4,ket_sal,ket,sal,M2,M,BL1,between,C4_ket_sal_M2,C4_ket_sal_M2,0.0,0.0,0.0,0.0,0.0,0.0,0.0,0.0,0.0,0.0,0.0,,,,,0.0,0.0,0.0,0.0,0.0,0.0,0.0,0.0,0.0,0.0,0.0,,,,,0.0,0.0,0.0,0.0,0.0,0.0,0.0,0.0,0.0,0.0,0.0,,,,,0.0,0.0,0.0,0.0,0.0,0.0,0.0,0.0,0.0,0.0,0.0,0.0,0.0,0.0,0.0,0.0,0.0,0.0,0.0,0.0,0.0,0.0,0.0,0.0,0.0,0.0,0.0,0.0,0.0,0.0,0.0,0.0,0.0,0.0,0.0,0.0,0.0,0.0
Psi_C4_ket_sal_M2_BL2,500.0000000002771,baseline,30274.03417970428,0.22125221663211397,40220.87670900666,0.29394688774978506,19741.727539073443,0.1442787886226108,28366.028259293067,0.20730790591579765,10046.548824315874,0.07342335625599662,136830.42204292252,,,,,245172.90625013586,0.27600390350341253,350835.8066408194,0.3949541309545943,118895.92016608153,0.13384732668212773,83445.44989018296,0.09393888685151622,25622.850868239297,0.0288449770681622,888295.0680699503,,,,,82406.54882817068,0.35027989818961036,100526.26989751666,0.42730016104067314,18623.080352793524,0.0791598578355154,11217.739856726188,0.04768248192415911,7003.787885669775,0.029770523610319902,235259.1434851997,,,,,0.16011427342891693,0.3350798311986056,0.14448276162147522,0.48571406384328797,0.007634927984327078,0.11341300586602333,0.05486072227358818,0.38635727654399965,0.015522859990596771,0.09070911758779218,0.5764620304107666,0.7112613574933985,0.34447789192199707,0.3006891501830458,0.391172856092453,0.22584365465173087,0.2283271998167038,0.5168713178425118,0.13175852596759796,0.3550324011552866,0.09835213422775269,0.5105691293080523,0.09814126789569855,0.3956333480680937,0.014875601045787334,0.20376430102463133,0.01705424301326275,0.13342799572563158,0.011910436674952507,0.11907715899953471,172,32.693611440247736,225.3953488370841,201.9999999998845,12.28164659219787,2.5306430146085495,0.06365835821350811,0.46993526605632036,20.13821724879631,C4,ket_sal,ket,sal,M2,M,BL2,between,C4_ket_sal_M2,C4_ket_sal_M2,-0.14293482938975038,-0.006718693262515679,-0.33007011089901733,-0.19385397477178215,-0.36934849499729616,-0.23313235887006173,-0.0455924652240702,0.09062367090316449,1.2989518481357738,1.4351679842630087,-0.13621613612723485,,,,,0.2747808125246629,-0.23986892912266997,0.8735909887998589,0.35894124715252657,0.052874243520121926,-0.46177549812721075,0.43450771711682906,-0.08014202453050329,1.1298128029924355,0.6151630613451032,0.5146497416473326,,,,,0.9909679614502598,0.8638634524735543,-0.3984265008507007,-0.5255310098274064,0.2452738920756668,0.11816938309896166,0.7205974614127063,0.5934929524360004,1.7713701247700397,1.644265615793334,0.1271045089767053,,,,,3.017348097854642,2.103124159190672,2.320522735079468,1.1037154664238806,-5.643242082239838,-0.6548973596781759,-2.192811646654901,-0.7218765445559451,-0.608102168195376,-0.45994464842591093,0.36536915445027074,0.5527704698205154,-0.6470251254699699,-0.643026087663569,0.2333219210196,0.9652942377982615,0.7897492922442899,0.3202195248942666,1.2854853603049587,1.4129326751280546,4.191056453480998,3.268102286425478,0.971189465284129,-0.03431964905827248,-1.7943893134338362,-1.23912697979996,0.5511838595559568,0.46096413446028084,0.6859226910627964,1.2233222252998526,0.2938563761670963,-0.5607644742937583,-0.3110836439188437,-0.26690809812666144,9.829179320536074,-6.6775096524383954,-0.09987399628783485,9.829179320536074
Psi_C4_ket_sal_M2_EPM,500.00000001182343,baseline,26410.61962953078,0.18562724260975025,49666.33813594009,0.3490802384806387,26532.55505433835,0.18648426667813559,24627.288445101403,0.1730930857035843,5740.63565267786,0.040348101709900976,142277.7134337691,,,,,271245.18360016413,0.27715663593770173,388516.3808685622,0.39698361349320715,141450.91284514175,0.14453366004192825,85766.039468886,0.08763520391918292,25991.80027069519,0.026558259318659346,978671.0777552287,,,,,63075.24511867903,0.310239703785187,84697.85205278409,0.4165919051548132,25324.931427600808,0.12456232567461469,10709.241583123727,0.052674102657246924,4346.270112140433,0.02137741279679229,203311.32459549067,,,,,0.09289277344942093,0.19968605703112383,0.1725071370601654,0.4989610042704282,0.006614704616367817,0.0841569458988945,0.03524024039506912,0.314947837945793,0.0078054009936749935,0.05160936744847309,0.48653411865234375,0.5039723172225656,0.325762540102005,0.37184412269560735,0.4300081729888916,0.21244123387866387,0.1812838762998581,0.4132062511205767,0.12148461490869522,0.22468359094555845,0.05630699172616005,0.33920899074496785,0.1372515857219696,0.5433080662980598,0.020563175901770592,0.262223196664132,0.013935131020843983,0.15673052030898968,0.005078637972474098,0.08482185021686292,887,54.679505358281745,265.9458849993482,227.99999999460852,24.23631573972473,-0.37437286707080997,0.12664886646388315,0.42347562296745395,-2.979164617690223,C4,ket_sal,ket,sal,M2,M,EPM,between,C4_ket_sal_M2,C4_ket_sal_M2,-0.7358518938000337,-0.7691778621546298,0.5860359702211848,0.5527100018665887,0.9145907075469688,0.8812647391923728,-0.6594118068811443,-0.6927377752357406,-1.131617304691929,-1.1649432730465255,0.033325968354596246,,,,,0.7136764141151395,-0.2217683588791634,1.3166452192642006,0.38120044626989785,0.8072622649803051,-0.1281825080139977,0.5536346679485294,-0.38181010504577295,1.1919019250629062,0.25645715206860387,0.9354447729943025,,,,,-0.1700598328098747,0.33668507514630164,-1.1424982140455116,-0.6357533060893354,1.5802415018421867,2.086986409798363,0.5191309744708573,1.0258758824270329,-0.3007925886782839,0.205952319277892,-0.5067449079561763,,,,,0.6528669041318212,-0.14488130512610295,3.09043307071865,1.220574731557827,-6.266186979237384,-1.9506263066553062,-4.115038233768612,-1.6093811914250828,-3.5938673781541626,-2.909168708578692,-0.37120490658304983,-0.9434548566631791,-0.8896272460883331,0.279405550646149,0.6444019121969147,0.6996034591281499,-0.21223542408549265,-0.6519359748513485,0.9329108982176053,-0.5740336590904052,1.7688418207666243,1.4922303098206016,2.427846528859428,1.3432129669250927,-0.3882326310229392,-0.1436968964547898,-0.32603004794426615,1.1600302643301714,-3.0158815978031934,-0.24988500478950632,2.527473180364586,0.15771877522435274,0.21475113151924236,2.6851919555889388,-0.6375892723029278,-3.690050918534676,-0.5519702171143686,-5.073774217468772
Psi_C4_ket_sal_M2_inj,500.00000001182343,baseline,30853.839356198347,0.22342327278406823,51010.66516233906,0.369385787807068,17121.7070011373,0.12398417486008893,23118.9033132298,0.16741193800189288,7677.047283354145,0.055592142344529444,138095.90635626236,,,,,239948.500005674,0.3226540486547628,260989.5971741403,0.3509475999350725,105231.4794946759,0.14150270955677968,62117.72127679849,0.083528483248252,18673.29237219144,0.025109610543342414,743671.1270355603,,,,,45777.23242295749,0.1797656712325673,162740.6181679108,0.6390770021100232,14753.050781598866,0.05793474039623757,8069.11597080238,0.03168715040136986,4776.259869211606,0.018756213862754247,254649.46732646387,,,,,0.09401573985815048,0.08207327364264237,0.07972674816846848,0.32300830775320233,0.011047827079892159,0.11561452685789352,0.06790722906589508,0.4183537961127713,0.020860712975263596,0.09748884335003052,0.47472846508026123,0.5074639791804652,0.414534330368042,0.35133240750327377,0.3209550976753235,0.13214128318179533,0.18271443247795105,0.44250352297401135,0.10269398987293243,0.31979800004307013,0.027125736698508263,0.14283824541578607,0.06387805938720703,0.38637506182843756,0.019687872380018234,0.252653518992313,0.011771898716688156,0.11924802207675445,0.013069937005639076,0.097395018408915,190,18.9753320687599,238.90526315224537,195.99999999536521,7.555511168813875,-2.1345609751905035,0.02591356976378011,0.4914773898660277,-16.98629652663126,C4,ket_sal,ket,sal,M2,M,inj,between,C4_ket_sal_M2,C4_ket_sal_M2,-0.0605456586141866,0.03568909493845587,0.7020244269787446,0.7982591805313871,-0.9877294247618161,-0.8914946712091737,-0.9339054904505378,-0.8376707368978955,0.13072501099064146,0.22695976454328393,-0.09623475355264233,,,,,0.1812364545614925,0.4383500177677272,-0.41121615519344046,-0.15410259198720533,-0.4773385162348893,-0.22022495302865489,-0.8473637304588792,-0.5902501672526446,-0.2442527147145176,0.012860848491717562,-0.2571135632062351,,,,,-1.5621539742579904,-2.033221088450172,1.6937374320693224,1.2226703178771414,-0.7664229060424439,-1.2374900202346248,-0.7101966093881809,-1.1812637235803622,0.10891975843355567,-0.36214735575862556,0.471067114192181,,,,,0.7050532892647747,-4.0063411567059335,-0.26159709784483653,-0.6679543950148608,-4.038522851322385,-0.5714019076817736,-1.2662667614095968,-0.37633036396437336,0.6754719043919999,-0.14690489256469566,-0.4778851850343158,-0.9134694675607741,0.1569663590237638,0.032978452778327845,-0.6259224099475101,-1.3623994947702422,-0.1780986801508794,-0.35443747867040715,0.20314835878118356,0.959010212578556,-1.4029660126939278,-2.263998169399472,-0.893810040229339,-0.13715768633979217,-0.5771466814654562,-0.30515445522989393,-1.0586754433355066,-0.02699364631191528,1.0893807907483053,0.35040502055246553,-2.068878743648143,-0.3079567982633826,-0.44203662492053475,-2.3768355419115252,-2.3977773804226215,-10.580791549498624,0.09478105874202741,-19.08090612640981
Psi_C4_sal_psi_F3_BL1,500.00000001182343,baseline,27204.966065096436,0.20621613781025525,38809.7663583396,0.2941815883388714,24844.91119443516,0.18832670544399124,25394.47393858878,0.19249244144647662,8149.31810207564,0.06177257860848138,131924.52518012156,,,,,69217.33691569927,0.17903312150635262,138967.72558922367,0.35944500047984257,68655.07605142816,0.17757881363903438,71356.13559128696,0.18456520089898332,12717.786769214004,0.032895011068074576,386617.4947591652,,,,,69364.62695476525,0.3757652806304775,65147.8256851343,0.35292182883077067,22466.921783978538,0.12170885276389005,11282.212276725526,0.0611185246488973,5127.158691527491,0.027775082331448542,184595.62532861435,,,,,0.11883169412612915,0.1118383686039028,0.2562447786331177,0.1952557303006328,0.08553355187177658,0.2067168104328904,0.032065074890851974,0.08351795693922347,0.08702633529901505,0.07487865263654384,0.5686420798301697,0.5803992315862075,0.35044848918914795,0.285453412562563,0.4618920385837555,0.159891365533803,0.1837427169084549,0.3582961234145874,0.21396970748901367,0.2915766124256779,0.1132679209113121,0.12172262939400715,0.17125257849693298,0.2133053866093284,0.13345718383789062,0.4827174106722392,0.032558705657720566,0.17910730858875132,0.08922628313302994,0.05220537609099478,333,32.94050924324615,232.56456455906516,197.99999999531792,12.767991980849002,-0.30374204688201983,0.6840224645220108,0.5214613654913778,-2.4171024093061835,C4,sal_psi,sal,psi,F3,F,BL1,between,C4_sal_psi_F3,C4_sal_psi_F3,0.0,0.0,0.0,0.0,0.0,0.0,0.0,0.0,0.0,0.0,0.0,,,,,0.0,0.0,0.0,0.0,0.0,0.0,0.0,0.0,0.0,0.0,0.0,,,,,0.0,0.0,0.0,0.0,0.0,0.0,0.0,0.0,0.0,0.0,0.0,,,,,0.0,0.0,0.0,0.0,0.0,0.0,0.0,0.0,0.0,0.0,0.0,0.0,0.0,0.0,0.0,0.0,0.0,0.0,0.0,0.0,0.0,0.0,0.0,0.0,0.0,0.0,0.0,0.0,0.0,0.0,0.0,0.0,0.0,0.0,0.0,0.0,0.0,0.0
Psi_C4_sal_psi_F3_BL2,500.0000000000551,baseline,48454.54882813033,0.3126824988032579,49051.558959966336,0.31653507042652246,17162.54397583197,0.11075177183506156,19915.630218508053,0.1285177382221238,8812.300654412287,0.05686673914973155,154964.05783368865,,,,,143539.4687500158,0.29470357324048224,188501.146972677,0.3870152373875991,66916.95971680424,0.13738846402780383,36499.75539780066,0.07493833181777225,10135.048944474385,0.02080845892014248,487063.8899002612,,,,,133556.4960937647,0.4387171504612434,109869.03759766834,0.36090667626476186,17068.113067628834,0.056066714445124066,8939.647022248299,0.029365673572153687,5032.325778484897,0.016530589602916552,304425.06283000484,,,,,0.20169903337955475,0.12962620184289395,0.13976581394672394,0.08421336353907505,0.03759646788239479,0.12277581169397547,0.05246119573712349,0.13192202130662792,0.07343068718910217,0.1321686950369302,0.6650394797325134,0.53006252129806,0.43881696462631226,0.31198363254066624,0.3812158405780792,0.14351187471527493,0.21177475154399872,0.39221553480633925,0.18493375182151794,0.3853189388274834,0.19414420425891876,0.3020904272863461,0.13985735177993774,0.20524103379879852,0.07582864165306091,0.35574976097611966,0.039367664605379105,0.1528684098029379,0.07781486958265305,0.11736013340443856,55,10.888573596860011,206.8727272727081,193.99999999995998,3.7542481934867182,-0.5203615115745568,0.44947563162104914,0.5293619582733682,-4.140905338093061,C4,sal_psi,sal,psi,F3,F,BL2,between,C4_sal_psi_F3,C4_sal_psi_F3,2.5068636559309465,1.807809252010748,1.017117864936657,0.3180634610164576,-1.6065578569842696,-2.3056122609044682,-1.0554516663457503,-1.7545060702659492,0.33968035339587316,-0.3593740505243259,0.699054403920199,,,,,3.1675644841365957,2.164520178319291,1.3240004739368603,0.320956168119555,-0.11136451419602537,-1.1144088200133297,-2.9114136802140167,-3.9144579860313216,-0.9858568883633163,-1.9889011941806216,1.0030443058173053,,,,,2.845269616799448,0.6726796194619588,2.2697539464123544,0.09716394907486378,-1.1935806218376703,-3.36617061917516,-1.0107389556872113,-3.1833289530247013,-0.08108011228830281,-2.253670109625793,2.17258999733749,,,,,2.297715282142086,0.641019726664039,-2.632540667263936,-3.652227745494639,-3.569894612516287,-2.2626298134116754,2.13805926562877,1.9853743509395092,-0.7377310315606409,2.4677058090496917,0.6800843316395887,-0.3939973078288622,0.9765921696863172,0.38596571102665955,-0.8336953809651002,-0.46937173849690866,0.6166404712097394,0.3928268179279457,-0.6333611251652606,1.2106766960064408,2.3401750129115797,3.9476563825490634,-0.8795181870042003,-0.16737629314013266,-2.4550867992043095,-1.3254834629384766,0.8247252047918175,-0.6879555997647162,-0.5943020820160859,3.5180536570644545,-4.807593179490074,-0.5084030283315957,-0.08863460321124939,-5.31599620782167,-0.21661946469253696,-1.8236421358591954,0.06530590681961296,-1.7238029287868777
Psi_C4_sal_psi_F3_EPM,500.00000001182343,baseline,31901.624024191875,0.24001347385368096,49890.612916218815,0.37535453711166783,19394.550842743778,0.14591587933168518,15309.539478664028,0.11518209074835045,6206.20582785977,0.046692701884581155,132915.9713910062,,,,,116752.04883088582,0.27573560257349705,135899.17529618237,0.32095574651381337,80197.87988470893,0.18940490515209898,50879.53370405349,0.12016319220973193,9779.255028955919,0.02309585831795465,423420.2900938977,,,,,88152.61914270953,0.3665405019816733,96091.36157453788,0.3995499651645517,21035.024689218113,0.08746408880150162,9010.246673797048,0.03746480105651413,4032.3457344531867,0.016766581005124525,240498.98624059037,,,,,0.1567661464214325,0.04355110654802021,0.13590110838413239,0.2709659247695534,0.031169719994068146,0.24003586889667688,0.04296664148569107,0.08330950453697183,0.07188192754983902,0.06202225978599292,0.587367832660675,0.19587007794038536,0.4535202383995056,0.2722160616762247,0.4056628942489624,0.2068121722733134,0.17511853575706482,0.29690794975214874,0.19056762754917145,0.27131532186963836,0.11721541732549667,0.061043209517824465,0.14950479567050934,0.22346656822895994,0.10328537225723267,0.5215056348743087,0.03661784902215004,0.15038961995010947,0.08689288049936295,0.0837764094206315,293,19.057489008247092,226.3890784929401,201.99999999522333,7.190678958277323,-1.0053430909872174,0.4403401826984466,0.5065568512606407,-8.000266121695038,C4,sal_psi,sal,psi,F3,F,EPM,between,C4_sal_psi_F3,C4_sal_psi_F3,0.6916460384856842,0.6591297401477807,1.090778111487948,1.0582618131500445,-1.0755772249131879,-1.1080935232510905,-2.1977709357103894,-2.2302872340482924,-1.1829509567404553,-1.215467255078359,0.03251629833790369,,,,,2.270496244196105,1.875594613768789,-0.09697128481744,-0.49187291524475607,0.6749023483941887,0.28000071796687326,-1.4688819959646926,-1.8637836263920087,-1.1410576712422422,-1.5359593016695587,0.39490163042731585,,,,,1.0409716538019311,-0.10794680071940693,1.6878442152793247,0.5389257607579853,-0.2860054726896812,-1.4349239272110195,-0.9765758595507332,-2.1254943140720712,-1.0431899800351867,-2.1921084345565247,1.1489184545213387,,,,,1.2031999408111136,-4.095916293030196,-2.7543202598881966,1.423108914816176,-4.38403606033305,0.6490034843793262,1.2709914952366927,-0.010853102283065554,-0.8303098124010031,-0.8181043537921805,0.14071164020438043,-4.717587326481203,1.1197248023006778,-0.20621492834860855,-0.5637519172578516,1.1175108472156796,-0.20878016526149556,-0.8162028329416225,-0.5030316566269074,-0.31278365789963786,0.1487780923049119,-2.997339654123825,-0.5898199548791655,0.20210736750988179,-1.113031371756944,0.3356604209155436,0.5102569814773896,-0.7589544604815178,-0.11508607789340104,2.0540651416858724,-2.376646308989278,-0.11688071070023136,0.08686179185092621,-2.493527019689509,-0.7016010441051976,-1.9128204668904947,-0.12593943914353734,-5.5831637123888544
Psi_C4_sal_psi_F3_inj,500.00000001182343,baseline,30771.608887446404,0.23306776849542327,42999.00744730585,0.32567951678828566,18785.987488237202,0.1422872687249253,23080.17118508557,0.17481191881373423,8177.266637995491,0.061935574921699835,132028.5901653993,,,,,117922.73633091351,0.2694595004757843,177252.52246512895,0.40503110466751824,59589.390016057536,0.13616481237617128,35891.79298485751,0.08201458776991258,10263.141788725357,0.023451805357887587,437626.93882641906,,,,,80991.8408222277,0.370308622700445,88522.37024135109,0.4047394980712323,18167.737976503828,0.08306602195187217,9913.237854238323,0.04532502804032375,4601.144491781318,0.021037223778344716,218714.4340080482,,,,,0.12806867063045502,0.06984197429929964,0.14775247871875763,0.15664300323804586,0.05137711763381958,0.13954251950411176,0.04658133164048195,0.08784413738162583,0.07773853838443756,0.0963962759373578,0.5645384192466736,0.43248194604684226,0.44849300384521484,0.23586607447692315,0.40844571590423584,0.1566219399710676,0.20448070764541626,0.4190832187011899,0.17417307198047638,0.3309419706663654,0.11216516047716141,0.1516193820709263,0.13909827172756195,0.23673195125581037,0.08566289395093918,0.3655016490423813,0.04321858659386635,0.13211481021948607,0.0761001706123352,0.0802503962292369,150,14.931117777010096,210.23999999502848,188.99999999553074,5.231863668940621,-0.4711916457269092,0.5073659245580144,0.5320505692472847,-3.749623978052137,C4,sal_psi,sal,psi,F3,F,inj,between,C4_sal_psi_F3,C4_sal_psi_F3,0.5350201532920456,0.531595692766322,0.4451740259078773,0.44174956538215404,-1.2140341998992104,-1.217458660424934,-0.41500194945496793,-0.41842640998069164,0.014868886514649807,0.011444425988926305,0.003424460525723751,,,,,2.3138266206137206,1.7756011654062174,1.0567847459861222,0.5185592907786194,-0.6150371275232798,-1.1532625827307819,-2.9843616789290155,-3.5225871341365176,-0.9313121030879589,-1.4695375582954613,0.5382254552075024,,,,,0.6730321496743098,-0.06352825570128369,1.3315310824401498,0.5949706770645568,-0.9224271570064404,-1.6589875623820332,-0.5617874019982029,-1.2983478073737962,-0.47010887746794194,-1.2066692828435353,0.736560405375593,,,,,0.32510612818523366,-2.0447431580903066,-2.391202493539239,-0.956927872172484,-2.2136677117968033,-1.7066923525704665,1.6217964115045178,0.21932920630900726,-0.49014324753252425,1.0970223507139851,-0.03145491718711499,-1.2775884622442766,1.0713148071835474,-0.8286976017930388,-0.5340613137909954,-0.08972412594798009,0.46442205667327163,0.6805816143865642,-0.8937128118419867,0.5499916271023895,-0.04248946858976266,0.9538339711865291,-0.9031538526066154,0.45255054931824196,-1.925492142105698,-1.2080362253823547,1.2300342818777568,-1.3216180263023,-0.6910717167915617,1.8673195657686743,-3.436379876514997,-0.43828194901211137,-0.2020338608828695,-3.874661825527108,-0.16744959884488936,-1.2974906895366665,0.0873077463878453,-1.3325215687459537
Psi_C4_sal_psi_F5_BL1,500.00000001182343,baseline,35120.42236411174,0.29346002015163036,39569.14502046694,0.33063275762181166,16909.268829745553,0.14129085123409985,15435.252483732913,0.1289742320852731,5314.607973224429,0.04440792160045829,119677.02566763634,,,,,86733.44726767599,0.22620137406768714,142426.7087436023,0.3714497490490944,64437.78064117218,0.16805413576980632,52164.50358704895,0.13604535229106243,13166.243965460268,0.034337646780095606,383434.66137266875,,,,,71129.966798557,0.38357300029964975,68765.25512857921,0.3708211378860802,18915.621979207062,0.10200372925305012,10084.765321970039,0.05438275688811914,5457.780320296601,0.029431437503145582,185440.49435958682,,,,,0.06283234804868698,0.2499966655659213,0.20912599563598633,0.6095091283362304,0.006518812850117683,0.11510988206382633,0.07604435831308365,0.3990985082670194,0.08044768124818802,0.15642886951132118,0.5607370138168335,0.6237389382587564,0.27194851636886597,0.473599752486583,0.4679343104362488,0.20042396223867395,0.2680438458919525,0.5446049044175266,0.29765376448631287,0.30338608696448827,0.0064097517170012,0.1506243306752638,0.10156116634607315,0.453609319808791,0.025629743933677673,0.2328096494617367,0.024036163464188576,0.18763033076886673,0.07211929559707642,0.09729629813592341,284,28.09887373712208,239.57042252954616,215.99999999489228,11.219431756344507,-1.3525603378514464,0.22015348012713135,0.4313926283192609,-10.763333179955085,C4,sal_psi,sal,psi,F5,F,BL1,between,C4_sal_psi_F5,C4_sal_psi_F5,0.0,0.0,0.0,0.0,0.0,0.0,0.0,0.0,0.0,0.0,0.0,,,,,0.0,0.0,0.0,0.0,0.0,0.0,0.0,0.0,0.0,0.0,0.0,,,,,0.0,0.0,0.0,0.0,0.0,0.0,0.0,0.0,0.0,0.0,0.0,,,,,0.0,0.0,0.0,0.0,0.0,0.0,0.0,0.0,0.0,0.0,0.0,0.0,0.0,0.0,0.0,0.0,0.0,0.0,0.0,0.0,0.0,0.0,0.0,0.0,0.0,0.0,0.0,0.0,0.0,0.0,0.0,0.0,0.0,0.0,0.0,0.0,0.0,0.0
Psi_C4_sal_psi_F5_BL2,500.0000000002771,baseline,63723.44726566031,0.3614776297915909,61077.50219729948,0.3464682416791992,18827.615264903015,0.1068015311885465,13939.011997230626,0.07907044007505744,5628.064610484381,0.03192575955959225,176286.0050354981,,,,,160325.23632821385,0.2759786111584981,226273.52685559416,0.3894998386635948,88882.57287602584,0.1529995500415358,47353.20870974304,0.08151226265377165,12714.820505149255,0.02188687560676417,580933.5573333144,,,,,109022.41992193542,0.3886383868189271,113746.25585943802,0.40547771197482474,18180.17158509308,0.06480788595576095,9025.160629277463,0.03217250057607984,6590.400759700613,0.02349317435417653,280524.06457916554,,,,,0.010752136819064617,0.1036027537487334,0.04635527729988098,0.17344100974631912,0.012675873935222626,0.13216796832239278,0.08100446313619614,0.4497223095275725,0.04120396822690964,0.168539497298977,0.5202879309654236,0.5859294040272199,0.3093913197517395,0.34799078445951015,0.39570480585098267,0.21776924795710587,0.27061277627944946,0.4783251571019171,0.25022464990615845,0.39807229501624,0.05430647358298302,0.11496892520573813,0.0344829298555851,0.14749839873905773,0.008419950492680073,0.08667674759736,0.014903241768479347,0.16207687839142368,0.0280049629509449,0.08209046763569196,179,35.22743672839434,241.27374301662653,213.99999999988495,14.16575919390181,2.7323780057493092,0.13379532730788893,0.4627471341062288,21.74357330052889,C4,sal_psi,sal,psi,F5,F,BL2,between,C4_sal_psi_F5,C4_sal_psi_F5,2.5873953175411604,0.9053248292201901,1.8852460153516593,0.20317552703068922,0.4667048631968257,-1.2153656251241443,-0.44281746007384215,-2.1248879483948127,0.24887839775412196,-1.4331920905668478,1.6820704883209703,,,,,2.6681528076174255,0.8638018602807117,2.0104230757520583,0.206072128415345,1.3967604351613607,-0.40759051217535286,-0.42025666215106505,-2.2246076094877782,-0.1515166451207236,-1.955867592457437,1.804350947336713,,,,,1.854632116576031,0.05697665182493057,2.185680514425864,0.38802504967476276,-0.17222648444806252,-1.9698819491991635,-0.4821085620106309,-2.2797640267617316,0.8189577366426366,-0.978697728108464,1.7976554647511003,,,,,-7.666885075641284,-3.8256291707040346,-6.543088382303895,-5.4582842097072035,2.888093983977776,0.6001360514205407,0.2744194851144636,0.5186432779631202,-2.905744872933924,0.32384787489740324,-0.325154727333698,-0.27157563673866186,0.5602143117831173,-1.3384372369146376,-0.728135653941734,0.3604690776384481,0.041424562677949736,-0.5635832522410057,-0.7538128923803233,1.179662921441441,9.280103952247865,-1.1731465871167475,-4.691235210231556,-4.878946633597841,-4.834347292191719,-4.2909837016160335,-2.075844020133546,-0.6358198061145691,-4.108164737770222,-0.7380358716813422,0.9819213074072407,0.03076862882592226,-0.04039977791703826,1.0126899362331634,4.084938343600756,-2.1628460874248727,0.30471018190943044,32.50690648048398
Psi_C4_sal_psi_F5_EPM,500.00000001182343,baseline,41177.892090817484,0.2969579286590891,52072.02002076259,0.37552187402784787,19249.430878140734,0.1388189348991395,12435.088585193955,0.08967671635078518,4764.751648538726,0.03436141842822898,138665.74392122106,,,,,190566.3378951313,0.3156664171805067,215463.62061056378,0.35690788783644006,96993.40307846546,0.16066615110572557,47679.50427358841,0.07897941710601997,13251.206920937128,0.021950156875825792,603695.3173455896,,,,,74075.72851737666,0.33346748147868455,98509.50439686068,0.4434612657940807,19270.93438766273,0.08675216679762258,8639.482689108105,0.03889244954154925,4554.450982678346,0.02050281960245045,222137.78743553927,,,,,0.03287094458937645,0.11698176298721097,0.1598895937204361,0.34243409025097815,0.04163762927055359,0.07165834351062987,0.05134289339184761,0.361977846112821,0.05331840366125107,0.1583419240833865,0.4514026641845703,0.46918698262896913,0.36116015911102295,0.39608702013905783,0.41707828640937805,0.23850286244161503,0.23039349913597107,0.4691087968195526,0.25828856229782104,0.30465115718023317,0.004026257432997227,0.05214351473821157,0.07435695827007294,0.3599805277132537,0.014709562063217163,0.220235678319443,0.00982474721968174,0.12440573450915114,0.050677407532930374,0.07858562169038394,624,40.558107289285616,251.6378205068701,217.99999999484498,17.009922870266053,-2.90533816836132,0.4707211596211607,0.48719169776081245,-23.119946542412865,C4,sal_psi,sal,psi,F5,F,EPM,between,C4_sal_psi_F5,C4_sal_psi_F5,0.6910438101655546,0.05145982230980554,1.1924775904476475,0.5528936025918986,0.5629306507303352,-0.07665333712541404,-0.9386485444511061,-1.578232532306855,-0.47430965752998333,-1.1138936453857327,0.639583987855749,,,,,3.418595802336754,1.4473314230662897,1.7978251483015972,-0.17343923096886588,1.776016230282759,-0.19524814898770532,-0.39043347489935587,-2.3616978541698193,0.027935375077299048,-1.9433290041931648,1.9712643792704636,,,,,0.17623325375629162,-0.6079454007133779,1.561090755099477,0.7769121006298072,0.08082146517898811,-0.7033571892906808,-0.671780576190279,-1.455959230659948,-0.7858001867304076,-1.5699788412000772,0.784178654469669,,,,,-2.813711053523884,-3.298160539662012,-1.165878226492707,-2.5040322086888627,8.053174810633687,-2.0584584437835094,-1.705866601495911,-0.42398112987301223,-1.7863639262500774,0.05279011210095031,-0.9419510652657905,-1.2365690235873603,1.232131418434426,-0.7762085603388341,-0.49967309668234583,0.7554395211080527,-0.6573561984578603,-0.6480797104476226,-0.6160620464284079,0.01807171557268381,-2.019396677692432,-4.606948285852893,-1.3540606402217168,-1.0040295966464632,-2.411445241819502,-0.24113300611279673,-3.8854376362882044,-1.7846264446135702,-1.5323708633949173,-0.9275322362022369,1.5938876692915385,0.21342716166897002,0.040027424536739506,1.8073148309605083,-1.5527778305098736,3.3003816587240093,0.5282715930871089,-12.35661336245778
Psi_C4_sal_psi_F5_inj,500.00000001182343,baseline,32778.1591804626,0.27503670883020526,39694.27124117302,0.3330687870993375,17998.889923521318,0.1510260359621752,15902.591270822824,0.13343630253666167,5696.782088891273,0.04780085995754826,119177.39751859194,,,,,80693.57422065813,0.22335596912142275,128035.72510068389,0.3543967873306342,67123.69299475133,0.18579518437062062,48791.6356975649,0.1350529231292753,12831.56859428231,0.03551717056040652,361277.8943767148,,,,,79391.51172062736,0.3711551165267018,86157.40612996704,0.4027856557806026,18799.004120317586,0.08788529672309514,10280.105659727957,0.04805946796264111,6241.264764456514,0.029177896990768507,213903.85902147664,,,,,0.04314485192298889,0.1838527370769983,0.15572232007980347,0.5355985608867607,0.005975741893053055,0.09582965776855798,0.08253073692321777,0.43231241340910664,0.06429223716259003,0.1691497898684023,0.5448653101921082,0.6666345275937675,0.3494258224964142,0.4969284661448884,0.4620189964771271,0.21927585252179804,0.2893293797969818,0.5302409208963305,0.26540407538414,0.3624827301919229,0.007150696124881506,0.1316514769945976,0.059102725237607956,0.371509023017322,0.021223528310656548,0.18227887620777797,0.024106524884700775,0.19189466522408552,0.050858546048402786,0.094047100704046,320,31.968351332937093,242.2937499942705,212.99999999496322,12.909552875986106,-1.254329700951475,0.10760178661472475,0.4482489405509744,-9.981638608670304,C4,sal_psi,sal,psi,F5,F,inj,between,C4_sal_psi_F5,C4_sal_psi_F5,-0.2997517019786413,-0.28158280548401476,0.013711665456065227,0.031880561950691326,0.2712089217472788,0.28937781824190495,0.129541589386042,0.14771048588066923,0.3015837256965302,0.3197526221911568,-0.01816889649462698,,,,,-0.3134765558001411,-0.054976753805744294,-0.4626027319873591,-0.2041029299929612,0.17735268301598078,0.4358524850103781,-0.2902970115734089,-0.031797209579011255,-0.11182148219734032,0.14667831979705714,-0.25849980199439704,,,,,0.4772146558963982,-0.14292577730538072,0.9792355691865905,0.3590951359848105,-0.026857831700302787,-0.6469982649020822,0.08331781999600715,-0.536822613205772,0.5825655542893702,-0.03757487891240908,0.6201404332017798,,,,,-1.6325430684049878,-1.3346411638835907,-1.2805715605226498,-0.5614081280586246,-0.3777668200459907,-0.7961267178263776,0.3554872344709027,0.34717601534766446,-0.9735499282848217,0.33954555876745984,-0.12470065825183582,0.28884947032334407,1.0886830226718907,0.20882408922645782,-0.05525057743427437,0.39041164603693634,0.3318669552392333,-0.11608307041840976,-0.4980379218863784,0.7729165973500796,0.47507115345095585,-0.5846939425386156,-2.3512017300162134,-0.8671260280222688,-0.8192668221757605,-1.0626463453689818,0.012694595782960312,0.0975985710549973,-1.5168753589138153,-0.14750905231124867,0.5603132667528441,0.04909012749103839,-0.06074147712193153,0.609403394243883,0.09823063689997147,-3.1090607266616495,0.16646552206137463,0.7816945712847811
Psi_C4_sal_psi_M3_BL1,500.00000001182343,baseline,29160.3129889708,0.21793520021506338,41745.565674815276,0.31199350352902533,24360.398956874877,0.18206212073215217,22556.969662246047,0.16858384549733907,7392.913088019667,0.055252355988754914,133802.67602569362,,,,,297029.5429757738,0.22498108692366528,556855.414075668,0.4217827461300362,210798.72021982848,0.15966669416800316,128178.16823118043,0.09708685311106391,33421.14655001515,0.025314404088319212,1320242.2791945802,,,,,65867.33593905755,0.3327050742051405,82773.61816601982,0.4181010569432122,22679.888550340995,0.11455927123099437,10114.082121134554,0.051087635390967716,4479.833115206795,0.02262826008934905,197975.14689675227,,,,,0.12720416486263275,0.1929231427152447,0.19640648365020752,0.5743465098454252,0.02458929643034935,0.10321179394644162,0.03983607143163681,0.30057504322581147,0.020422330126166344,0.09936947310631357,0.5339650511741638,0.6476603867842329,0.27588653564453125,0.4970249008323405,0.4968069791793823,0.185925770154364,0.23012715578079224,0.4939974741583407,0.14426325261592865,0.3016619929712081,0.11005397886037827,0.397747669254593,0.10951270908117294,0.5376313167722975,0.025919096544384956,0.21162168702595166,0.03131968900561333,0.12078428531404163,0.007749682758003473,0.0861053445679868,282,27.87001897599111,255.8014184336674,217.99999999484498,11.881983976386254,-2.886009605766811,0.2699652174802094,0.454054173501193,-22.966134728424006,C4,sal_psi,sal,psi,M3,M,BL1,between,C4_sal_psi_M3,C4_sal_psi_M3,0.0,0.0,0.0,0.0,0.0,0.0,0.0,0.0,0.0,0.0,0.0,,,,,0.0,0.0,0.0,0.0,0.0,0.0,0.0,0.0,0.0,0.0,0.0,,,,,0.0,0.0,0.0,0.0,0.0,0.0,0.0,0.0,0.0,0.0,0.0,,,,,0.0,0.0,0.0,0.0,0.0,0.0,0.0,0.0,0.0,0.0,0.0,0.0,0.0,0.0,0.0,0.0,0.0,0.0,0.0,0.0,0.0,0.0,0.0,0.0,0.0,0.0,0.0,0.0,0.0,0.0,0.0,0.0,0.0,0.0,0.0,0.0,0.0,0.0
Psi_C4_sal_psi_M3_BL2,500.0000000000551,baseline,71214.88476563284,0.3772550834307116,55866.81127930302,0.2959499073759962,20051.46154785377,0.10622099332236501,20023.7959060691,0.10607443682600912,8646.854831696506,0.04580601305022598,188771.17338754825,,,,,452521.8359375498,0.2708845498923486,713756.0917969537,0.42726224969621635,230833.04541018166,0.13817920073772183,111522.18544007576,0.06675840723433074,30865.77697372777,0.018476593699137497,1670533.9456140453,,,,,117793.73437501297,0.41055184572635783,109756.48120118395,0.38253924265716194,17662.53672790722,0.061560040458230825,8909.876792908693,0.031053997752354585,5931.093478680309,0.020671909144976516,286915.61273244204,,,,,0.09732908755540848,0.10093363699111706,0.08089928328990936,0.16118432098914137,0.04133497178554535,0.09873091944731179,0.059154197573661804,0.38290758186170154,0.030904266983270645,0.13171998188589623,0.6260969042778015,0.5539726169876061,0.3353985548019409,0.4245932901526413,0.42185235023498535,0.20304376611860353,0.23890872299671173,0.5198927150655345,0.14954237639904022,0.3810544458213593,0.03789171203970909,0.12205711998635294,0.03788415715098381,0.253633042959536,0.022720947861671448,0.07618879922902404,0.034353163093328476,0.09502681899984725,0.01227579265832901,0.1297969311361265,88,17.35255259992698,220.43181818179303,193.9999999999671,6.3750911994951736,-2.9799326977375125,0.41944167611228805,0.5012140492147439,-23.713550946304597,C4,sal_psi,sal,psi,M3,M,BL2,between,C4_sal_psi_M3,C4_sal_psi_M3,3.877785947611791,2.3830771870692184,1.2654353340529818,-0.22927342648959148,-0.8453836281196307,-2.340092388662203,-0.5173434539993986,-2.012052214541971,0.6804256724565076,-0.8142830880860636,1.4947087605425724,,,,,1.828398934387159,0.8063822482075915,1.078073814217844,0.05605712803827627,0.3943001140891259,-0.6277165720904415,-0.6045278940407286,-1.626544580220296,-0.34544130985195626,-1.3674579960315236,1.0220166861795674,,,,,2.5245209190850284,0.91308584435621,1.2253823576713494,-0.3860527170574691,-1.0858783814984752,-2.697313456227293,-0.5505477696801856,-2.1619828444090037,1.2187293314587895,-0.39270574327002916,1.6114350747288184,,,,,-1.1625867907013996,-2.813484052776756,-3.852111462610668,-5.518511922660925,2.2557154300570117,-0.19276145213723883,1.7170906508340267,1.051410475582539,1.7991315477515664,1.2239867527949702,0.6912872370755657,-0.6785903690070869,0.8483068123778403,-0.684050206023517,-0.7102721520791855,0.3825007112640273,0.16264137022641262,0.22189003623749357,0.15608558062175054,1.0146643702661864,-4.630615203336139,-5.130445251283817,-4.610068930130674,-3.262787260569666,-0.5719341425867892,-4.436690432715579,0.4014929022418291,-1.0416424230612287,1.9976561992676105,1.7823431531481726,-2.0577389488194626,-0.6462866549236341,-0.5065476366418273,-2.7040256037430965,-0.09392309197070148,1.9136376723542523,0.4291556401942923,-0.7474162178805912
Psi_C4_sal_psi_M3_EPM,500.00000001182343,baseline,37019.97070400041,0.25374618923191405,55072.97509895855,0.37748699675536823,20913.053101080466,0.1433444551329803,16520.256927880888,0.11323488811213235,6396.259412916755,0.043841916146924474,145893.70116674187,,,,,434112.8750102654,0.2555021214462699,764598.6738462053,0.45001333631970836,234688.40137273713,0.1381285556853159,122646.27211288555,0.07218487291255239,30827.393234981897,0.018143816559253192,1699057.8103734294,,,,,77013.67773619613,0.3236091596165785,110399.49341081374,0.4638953538506085,18725.057999100016,0.07868213103154349,7998.765670965513,0.033610572989614736,4105.420587636753,0.017250853942965452,237983.61525812236,,,,,0.04408583417534828,0.11584638235204325,0.24007081985473633,0.3652568312952962,0.03888031467795372,0.061829583179096405,0.03541683778166771,0.25628896021643277,0.02045527473092079,0.0999425162984472,0.5398612022399902,0.551731168053842,0.32543009519577026,0.35003335875356467,0.4422443211078644,0.2376598593991453,0.1647355705499649,0.36990895396250795,0.12879343330860138,0.2364094714001111,0.009903988800942898,0.12996193386594165,0.11861836165189743,0.41339087766529514,0.020589759573340416,0.13045179297391477,0.015817871317267418,0.08977785017302944,0.0082640890032053,0.07966116879021182,295,19.191360635395103,228.3728813505319,199.99999999527063,7.304643875570592,-2.705775363305254,0.29689456845375134,0.5085712543330285,-21.531876198315008,C4,sal_psi,sal,psi,M3,M,EPM,between,C4_sal_psi_M3,C4_sal_psi_M3,1.03643889612808,0.6607214691792662,1.2032818779830492,0.8275644510342361,-0.6626695638764374,-1.0383869908252499,-1.352639581339459,-1.7283570082882724,-0.6288953150835668,-1.0046127420323794,0.3757174269488126,,,,,1.648030194211053,0.5524849985287308,1.3769109394045833,0.2813657437222616,0.4662365678836621,-0.6293086277986598,-0.19159708703773984,-1.2871422827200623,-0.3508454244489873,-1.4463906201313093,1.095545195682322,,,,,0.678977649425453,-0.1203861887047522,1.2507514124068968,0.45138757427669274,-0.8321774453012004,-1.6315412834314056,-1.019035015222298,-1.818398853352503,-0.37904179902116225,-1.1784056371513663,0.7993638381302044,,,,,-4.602022682627949,-2.2150185175795545,0.8718355525772046,-1.9657563914735552,1.9898366871511581,-2.2253300794749147,-0.5106672016649244,-0.692230191151689,0.007000245342702114,0.024972926387480367,0.04769284785684896,-0.6961981632465535,0.7172720753264052,-1.522687120317677,-0.505254234008962,1.0661624672968173,-1.451804855175772,-1.256298844411107,-0.49261999187668293,-1.0585572401499836,-10.457956079403916,-4.857914782904117,0.34687398799106367,-1.1412366945212649,-0.9996858397555102,-2.101101196464378,-2.966694028890786,-1.288412323670069,0.2791106129783976,-0.33783434898329046,-1.6203149783356143,-0.49258416973099284,-0.3742649794062361,-2.1128991480666066,0.18023424246155706,0.41294439517155124,0.4924413725986326,1.4342585301089983
Psi_C4_sal_psi_M3_inj,500.00000001182343,baseline,35524.87402427755,0.25490229765053185,40560.368165021624,0.2910335735955014,23174.841797423014,0.16628687881661927,22852.299442831645,0.16397253458506011,8740.684429375391,0.0627171976053566,139366.62929959837,,,,,297750.58594454086,0.2274847111689146,551183.2265755337,0.4211100263696546,208142.19482914064,0.15902291820037018,123240.61780076582,0.09415718278353845,33511.181523161824,0.02560290998434996,1308881.7460064453,,,,,85182.47754107679,0.3799079859714762,89239.999513829,0.3980042546549031,20193.645645619115,0.0900622694726079,9922.331730123547,0.044252916474686266,5136.512553813327,0.02290849239851491,224218.7073884579,,,,,0.14733903110027313,0.2767392770715138,0.24180790781974792,0.6176589128464675,0.02705586887896061,0.09121861939908792,0.049124576151371,0.34120544096391103,0.0264285895973444,0.10227655321421292,0.5692101120948792,0.7116474712427326,0.32088717818260193,0.4983724141478899,0.4719683825969696,0.2459174322603701,0.23858299851417542,0.5061067106291817,0.13750557601451874,0.31102728734639046,0.08244364708662033,0.40612364746745583,0.11274351924657822,0.5608113296832518,0.019842373207211494,0.17229635392174397,0.028515424579381943,0.11576909232660167,0.010366404429078102,0.09066592258089361,273,27.28862973825462,232.79853479302986,203.99999999517604,10.587921699291963,-2.990083299339977,0.36861417594367396,0.4809614130000702,-23.79432686732404,C4,sal_psi,sal,psi,M3,M,inj,between,C4_sal_psi_M3,C4_sal_psi_M3,0.857403654163663,0.6804636834688862,-0.1250846193410362,-0.30202459003581283,-0.21667618453473464,-0.393616155229511,0.056491507143345845,-0.12044846355143142,0.7272984029340461,0.5503584322392693,0.17693997069477715,,,,,0.010529778004593295,0.048062032360899204,-0.044464536880626244,-0.006932282524320016,-0.05507840081226505,-0.01754614645595905,-0.17060194123043876,-0.13306968687413268,0.011683955041153583,0.04921620939745939,-0.037532254356306305,,,,,1.1168016903726918,0.5761899836885721,0.3266761993201921,-0.21393550736392766,-0.5042618501903651,-1.0448735568744854,-0.08312732987684944,-0.6237390365609691,0.594065181194015,0.05345347450989538,0.5406117066841198,,,,,0.6381647858941292,1.566864741347689,0.9031467909558971,0.31574726373615974,0.4151538301734493,-0.5364583180884468,0.910223138408208,0.5506302970425043,1.1196869468558948,0.1252309656056521,0.27759774057705194,0.4091757560964079,0.6562185845794886,0.011758479672827851,-0.22274782211439162,1.2144972637892275,0.15671622593779388,0.10517367442058793,-0.20835410057595147,0.13277896694558156,-1.2544855297350712,0.09050634582772367,0.12627064538638522,0.1833222056548112,-1.1602624552146268,-0.8928408506552563,-0.40737598622279886,-0.18417805638027923,1.2634422361875965,0.22413976124195817,-0.09155535707930149,-0.40922705749977173,-0.2882632617870605,-0.500782414579073,-0.10407369357316609,1.3526422010320818,0.2500256289970073,-0.8281921389000324
Psi_C4_sal_sal_F1_BL1,500.00000001182343,baseline,18324.868652777077,0.2035244203940403,26227.452393198328,0.29129415047288915,16509.831573876734,0.18336578370875622,18347.505093054708,0.20377583111215156,4957.346641180916,0.055058572094364586,90037.68991111041,,,,,156260.23633182008,0.21797466641028165,300952.5537180541,0.41981270502313156,99514.12646719695,0.13881688028255385,79660.15247533342,0.11112164917714946,34326.294579363945,0.047883343745553156,716873.382146621,,,,,64019.33007963886,0.42505710726774665,50559.88342404715,0.3356929503211885,14208.376556732468,0.09433668597691829,7810.222240632684,0.051856063919940895,3821.0835700938655,0.025370130035912035,150613.47989486175,,,,,0.019349142909049988,0.07172993855190493,0.10044456273317337,0.34051205230105874,0.07145503163337708,0.3256864083423181,0.1442723125219345,0.5352451667486701,0.022516315802931786,0.13476677973608653,0.08428683131933212,0.20301444144872907,0.16086772084236145,0.28847382174040953,0.06216183304786682,0.29898237118478255,0.09131085127592087,0.45041541038667327,0.14395788311958313,0.28752725090940007,0.017819778993725777,0.18499792710746651,0.1158970445394516,0.4243479970961674,0.011197702027857304,0.06819341897759758,0.019015200436115265,0.17278213846215082,0.05053355544805527,0.18517906930132647,286,28.858184558526585,235.73426572869133,207.99999999508145,11.338104911945539,-2.3454184882846403,0.6244907471877078,0.5067660479966376,-18.66424730148106,C4,sal_sal,sal,sal,F1,F,BL1,between,C4_sal_sal_F1,C4_sal_sal_F1,0.0,0.0,0.0,0.0,0.0,0.0,0.0,0.0,0.0,0.0,0.0,,,,,0.0,0.0,0.0,0.0,0.0,0.0,0.0,0.0,0.0,0.0,0.0,,,,,0.0,0.0,0.0,0.0,0.0,0.0,0.0,0.0,0.0,0.0,0.0,,,,,0.0,0.0,0.0,0.0,0.0,0.0,0.0,0.0,0.0,0.0,0.0,0.0,0.0,0.0,0.0,0.0,0.0,0.0,0.0,0.0,0.0,0.0,0.0,0.0,0.0,0.0,0.0,0.0,0.0,0.0,0.0,0.0,0.0,0.0,0.0,0.0,0.0,0.0
Psi_C4_sal_sal_F1_BL2,500.0000000000551,baseline,26200.73608398726,0.25740388320724045,31451.738281253467,0.30899130242986794,15533.938934327882,0.15261007135001237,15630.842014314465,0.15356207624801724,6090.727271080688,0.059837129999205034,101788.42586804558,,,,,134405.00976563978,0.19123685702858348,319724.6904297228,0.454917156874074,99860.0850830188,0.14208494792852222,68853.29171753688,0.09796723445869743,35623.122497562515,0.05068601234326654,702819.5916519939,,,,,55213.06835938108,0.3646429472706633,59431.73632813154,0.3925042411163284,12955.086273194785,0.08555910731233295,7212.62994384845,0.04763427787020782,5050.501431942543,0.03335496073775673,151416.80038692235,,,,,0.023270467296242714,0.19874439188000323,0.09737589955329895,0.3349850249445307,0.045922547578811646,0.23763159646570356,0.11060116440057755,0.4871063217028951,0.029281217604875565,0.1452733883545716,0.09428893774747849,0.26747813321833974,0.19343429803848267,0.39504910804398935,0.04239356890320778,0.28902882659777807,0.0772508829832077,0.41320529098786757,0.12158064544200897,0.3143232544069715,0.016840431839227676,0.1817290727405321,0.11531635373830795,0.43264971728212454,0.00921900849789381,0.10735366092977311,0.01692884787917137,0.1764079086994,0.05886039882898331,0.18445532745952226,99,24.70779085728819,210.0404040403796,191.99999999997885,8.649390624350016,-2.614113191637933,0.4038100862907365,0.5398891615419448,-20.802451812545407,C4,sal_sal,sal,sal,F1,F,BL2,between,C4_sal_sal_F1,C4_sal_sal_F1,1.5527262213843045,1.0199856779179757,0.7888854573157368,0.2561449138494078,-0.26461049240810103,-0.7973510358744301,-0.6959464336564823,-1.2286869771228106,0.8941986532112499,0.36145810974492126,0.5327405434663288,,,,,-0.6543302005055697,-0.5683442422226537,0.26278142676833927,0.3487673850512547,0.015071966173461064,0.10105792445637739,-0.633164256356636,-0.5471782980737201,0.16105059134597616,0.24703654962889215,-0.08598595828291622,,,,,-0.6426924233874365,-0.6657946420957949,0.7021235465329813,0.6790213278246231,-0.4010414897783108,-0.4241437084866692,-0.34569741394468423,-0.3687996326530426,1.2114796242391817,1.1883774055308236,0.023102218708357686,,,,,0.801433722358167,4.425944238940096,-0.13474949795944488,-0.07107095297649506,-1.9200684303795925,-1.3689544910259321,-1.1542329388667831,-0.4092898840000846,1.1409180085389097,0.3260321513946498,0.48701015764812416,1.1976135092799036,0.8006457296543281,1.3654467739862797,-1.66223833400778,-0.1470442215409061,-0.7261893951226245,-0.37447367014485544,-0.7337100717049623,0.3869750036693116,-0.2454908956239379,-0.07742451545818627,-0.0218145957585898,0.08414267591778878,-0.8444469138644974,1.9707439416948167,-0.504735051156143,0.09019206665317621,0.6624334501146787,-0.017006939432225046,-0.6743509002402581,-0.501198700071847,-0.34762106248990066,-1.1755496003121058,-0.26869470335329293,-1.893488455350327,0.2749709836112482,-2.138204511064348
Psi_C4_sal_sal_F1_EPM,500.00000001182343,baseline,22259.544678260743,0.24281123023964787,31977.94250563899,0.34882131115242654,14593.20169101891,0.15918534304936535,12296.491722397708,0.1341324059365407,4506.540929900875,0.04915818194534862,91674.27987696943,,,,,279538.49219411024,0.3058824604309956,344198.2812581392,0.376635848326214,115390.46631132238,0.12626497148406265,78730.74290652481,0.08615040155216008,35692.4904030657,0.039056183989925185,913875.5187212562,,,,,49155.54101678738,0.3590325151753664,54912.96997200165,0.40108482822036196,13776.052841512284,0.10062041427207068,6523.737497483978,0.0476494375530444,3194.7565565864707,0.023334530719385384,136911.11233415105,,,,,0.020139196887612343,0.10876440615136963,0.1142907589673996,0.2160712515140554,0.04984290897846222,0.23922438520989542,0.06823444366455078,0.4025174563783851,0.01522431243211031,0.09531159501555905,0.131980761885643,0.24254400389806854,0.20594511926174164,0.38035549677638686,0.06513624638319016,0.3038661614252576,0.06855817139148712,0.34276430261154933,0.1518109142780304,0.23170705451508056,0.06157195195555687,0.31675087542783265,0.09654541313648224,0.35264233748228135,0.0055610802955925465,0.08236876323072473,0.010201112367212772,0.1730598010655023,0.046776119619607925,0.18634040357084972,312,20.448155406464622,223.1923076870299,192.99999999543616,7.606451655186427,-2.497823384057595,0.5535708359872001,0.5311024128994519,-19.8770469271646,C4,sal_sal,sal,sal,F1,F,EPM,between,C4_sal_sal_F1,C4_sal_sal_F1,0.8447540611191109,0.7665224276824446,0.8609440995529498,0.7827124661162838,-0.5359205795448804,-0.614152212981547,-1.7379579515680237,-1.81618958500469,-0.41405968069108573,-0.49229131412775134,0.07823163343666595,,,,,2.5259314148048144,1.4714855318226636,0.5831066450207107,-0.47133923796143995,0.6428519327827987,-0.41159395019935197,-0.05096783863443426,-1.105413721616585,0.1694992625013949,-0.8849466204807549,1.0544458829821508,,,,,-1.1473864481881229,-0.7331350078957182,0.35868869271008963,0.7729401330024939,-0.13419658494715653,0.2800548553452476,-0.7816691439075963,-0.3674177036151929,-0.7774876604033407,-0.3632362201109362,-0.4142514402924041,,,,,0.17380415492250642,1.8078633416833556,0.5608468424796335,-1.9753550078488555,-1.5642943473211477,-1.3399418766691815,-3.251793381287537,-1.2376803471833417,-1.6995964330807833,-1.5043711357103549,1.947509038170868,0.7726361000841666,1.0728259515496235,1.2008328875249685,0.20298915197663578,0.0703675778995379,-1.2446316624594984,-1.1861765517340552,0.23067544015481878,-0.9373975556249361,5.3848060834113065,2.335509616666354,-0.7934071595811543,-0.8038770510969934,-3.0396974085232182,0.820200801042765,-2.7045337616997758,0.00697355344124544,-0.3355566403152672,0.02715134707530055,-1.4961486941685676,-0.23743492462197613,-0.3250602595498777,-1.7335836187905438,-0.15240489577295468,-0.5235280607569072,0.20370763917607354,-1.212799625683541
Psi_C4_sal_sal_F1_inj,500.00000001182343,baseline,22813.7521978051,0.24119247964397408,27153.253784821776,0.28707073496631474,15647.418701541887,0.16542827694146162,17184.486198831655,0.18167852450429542,5386.017902978468,0.05694227771752498,94587.3280604795,,,,,111650.75390889018,0.18925386407878375,245574.31494721334,0.41626130048513454,88692.96228237076,0.1503392072231762,72486.89120654808,0.12286906962663427,34232.17161831742,0.058025320275591874,589952.3079878122,,,,,65260.5371109182,0.438574011198978,49396.947388863395,0.33196504834916907,12268.275909713935,0.08244717580356624,7126.543740441042,0.047892907606904934,4143.2287598636,0.02784397029157059,148801.6513621231,,,,,0.022237397730350494,0.07517107873413337,0.09209123998880386,0.31793135566288194,0.0559639073908329,0.2636306706257984,0.1456131488084793,0.5179753775726114,0.02555687353014946,0.1436279868154331,0.14603203535079956,0.18078476080982772,0.17388834059238434,0.3671784329597055,0.04776540398597717,0.2682498453681332,0.08573722094297409,0.4405393386687996,0.12402065098285675,0.2926821598060123,0.023345815017819405,0.17920275765015803,0.12255232036113739,0.4310890932462321,0.009688194841146469,0.08420206716415497,0.019219011068344116,0.1784058837704349,0.057326216250658035,0.18241599688212978,237,24.178327921269545,223.74683543774705,195.99999999536521,9.016373930933637,-2.639653404629643,0.5318003383933695,0.5074127903203108,-21.00569436980793,C4,sal_sal,sal,sal,F1,F,inj,between,C4_sal_sal_F1,C4_sal_sal_F1,0.9515584951478352,0.7374723580994004,0.1506577132629473,-0.06342842378548741,-0.23299939011380683,-0.4470855271622419,-0.2844046528614082,-0.4984907899098432,0.3601850476486717,0.14609891060023755,0.2140861370484347,,,,,-1.4598681687073924,-0.6136126624651901,-0.8831509164590376,-0.036895410216835234,-0.4999557486123169,0.3462997576298853,-0.4098165906966026,0.4364389155456001,-0.011924744105853102,0.8343307621363493,-0.8462555062422022,,,,,0.08339518596700585,0.13595610599505958,-0.10105952511642569,-0.04849860508837185,-0.6376092388484454,-0.5850483188203923,-0.3978443690142159,-0.3452834489861627,0.35152376484696485,0.4040846848750189,-0.05256092002805351,,,,,0.6042223153594859,0.20350323791726488,-0.37708111792773136,-0.29799126329921694,-1.0612478657570577,-0.9180370040860107,0.04017600265489284,-0.14243638659712624,0.5501039260003583,0.2765622217250793,2.386884110492063,-0.5036511360922462,0.3380155422857762,1.0477075585864055,-1.1441035736076484,-0.4710610160316403,-0.27352989325401045,-0.09628545423278331,-0.6474144516531838,0.07717239174494314,1.1730672655555106,-0.13822173691951709,0.24249177166400193,0.06844878474591397,-0.6288604228393206,0.915802885930108,0.04630129291984693,0.1391032836492181,0.5477342215068133,-0.06528976123476926,-0.7684274310304063,-0.22665813456095746,-0.258072636062855,-0.995085565591364,-0.2942349163450029,-0.6977739865783052,0.005538996670935557,-2.3414470683268718
Psi_C4_sal_sal_M1_BL1,500.00000001182343,baseline,28476.570313173383,0.27482694036710137,32742.68866044223,0.31599918266067123,15488.517517456097,0.14947944339264627,16378.05260696993,0.15806433280565155,4132.5353547119785,0.0398830348951458,103616.37136132167,,,,,24390.294922451758,0.24342507545571238,32585.734497840862,0.325218899736017,13845.89926180202,0.13818771291091655,15473.367739089652,0.154430511046205,7085.974933791828,0.07072091536489596,100196.3124661297,,,,,74885.2031267708,0.37951975502520197,71926.35363939615,0.3645242447545831,21813.39975027168,0.11055076014783992,9555.392132031375,0.04842692454181061,4455.826253519522,0.022582219418004736,197315.69209565403,,,,,0.32884183526039124,0.10653139465365173,0.41205987334251404,0.12747700028761305,0.3204740285873413,0.23323331564787925,0.2341306507587433,0.46588300195532434,0.17500737309455872,0.13896421531573555,0.6706666350364685,0.7703796905692482,0.5626517534255981,0.33807274435520573,0.5274252891540527,0.24129161885397235,0.4250984489917755,0.3958571909084843,0.31329384446144104,0.411733728292133,0.26356780529022217,0.17576946748705968,0.24365411698818207,0.25258810409863597,0.3050902783870697,0.22436525975513236,0.12328148633241653,0.4328313185649836,0.0871916189789772,0.08855470806556884,330,31.916231177432014,245.73939393358296,213.99999999493957,13.071792176977114,0.17761284720450177,0.9135249776242848,0.7021944753793687,1.413398129461099,C4,sal_sal,sal,sal,M1,M,BL1,between,C4_sal_sal_M1,C4_sal_sal_M1,0.0,0.0,0.0,0.0,0.0,0.0,0.0,0.0,0.0,0.0,0.0,,,,,0.0,0.0,0.0,0.0,0.0,0.0,0.0,0.0,0.0,0.0,0.0,,,,,0.0,0.0,0.0,0.0,0.0,0.0,0.0,0.0,0.0,0.0,0.0,,,,,0.0,0.0,0.0,0.0,0.0,0.0,0.0,0.0,0.0,0.0,0.0,0.0,0.0,0.0,0.0,0.0,0.0,0.0,0.0,0.0,0.0,0.0,0.0,0.0,0.0,0.0,0.0,0.0,0.0,0.0,0.0,0.0,0.0,0.0,0.0,0.0,0.0,0.0
Psi_C4_sal_sal_M1_BL2,500.0000000000551,baseline,29701.526855472024,0.2828395706430325,35846.19335937895,0.34135356031657915,13632.950775147987,0.1298228862981857,13746.363140107715,0.13090288143671544,5142.510658264726,0.048970731831008356,105011.92173339093,,,,,29779.712890628278,0.26824237219491287,38578.10363769956,0.3474943520296446,13251.606689454584,0.11936456294351734,13563.416084291046,0.12217320290760224,7402.783357621055,0.06668097090077083,111017.92996741564,,,,,82237.11718750905,0.3790832267243631,84581.32714844683,0.38988918279995693,19009.54740905971,0.08762710582333809,8166.16710090727,0.03764306289487082,5768.12236309115,0.026588948060471077,216936.8396964312,,,,,0.41133439540863037,0.23968113700399105,0.435201495885849,0.21186088366186626,0.24628981947898865,0.08894179976513154,0.18140298128128052,0.30375414364071385,0.15406450629234314,0.19574465311754324,0.6610499024391174,0.7342540764215654,0.5638387799263,0.32761214764620794,0.48123422265052795,0.21206359085142043,0.40865376591682434,0.3548264349098668,0.2919369339942932,0.4595081762574935,0.3575809895992279,0.09055543898983598,0.26090455055236816,0.38002829208681427,0.22208939492702484,0.10146706623970549,0.11871711909770966,0.3189391642909279,0.07267751544713974,0.14478550223294312,118,23.230785384294872,230.20338983048214,203.9999999999793,8.913009239815166,0.01599066469988256,0.8726807139776795,0.6962777645473759,0.12724966651556943,C4,sal_sal,sal,sal,M1,M,BL2,between,C4_sal_sal_M1,C4_sal_sal_M1,0.18291093343463458,0.12480866391568918,0.3932870454636729,0.3351847759447271,-0.5541998468236886,-0.6123021163426342,-0.7607444919252287,-0.8188467614441746,0.9495862273743743,0.8914839578554284,0.05810226951894619,,,,,0.867034546117367,0.42162067811626375,0.7331336081657511,0.2877197401646474,-0.1905263005616019,-0.6359401685627054,-0.5721576228523894,-1.0175714908534925,0.1899542823523109,-0.25545958564879195,0.4454138680011026,,,,,0.40671865620411407,-0.004998183707028578,0.7038645131756867,0.2921476732645444,-0.5975158123579875,-1.0092326522691293,-0.6823025176927082,-1.0940193576038502,1.1210621678495067,0.7093453279383641,0.4117168399111425,,,,,0.9720796300820305,3.5215624362264393,0.2373005475534214,2.2061894400813724,-1.1434637937245464,-4.186846729746158,-1.1081385200696188,-1.857546541760242,-0.5535374942418724,1.4878692842782355,-0.06272455711526422,-0.2085845870056403,0.009152660136409852,-0.13650162328157436,-0.39804445317183057,-0.5607612616676197,-0.17134014929174907,-0.47522570764430305,-0.3066281940425076,0.47676798535995296,1.324820616966462,-2.8802889672233247,0.2970789989958245,1.774030367320871,-1.3790054830871548,-3.44630508929962,-0.16384512714495986,-1.326108257499975,-0.7907466964053207,2.135134212743812,-1.3794770948146915,-0.283630683512718,-0.2078360591306644,-1.6631077783274097,-10.456078593685314,-0.19865048067260058,-0.03674881951987134,-10.456078593685314
Psi_C4_sal_sal_M1_inj,500.00000001182343,baseline,31740.929199969323,0.28823958016761503,36510.411011605545,0.33155127486760605,13966.44128450995,0.12682934223257347,15896.51445426384,0.1443563489763829,4756.082185857705,0.0431900126129774,110119.95362160729,,,,,32705.78173905464,0.2931925635811371,36198.20361413723,0.324500548537191,13147.403045965191,0.11786053102892152,14609.28852115845,0.13096567413645116,6890.243422194335,0.06176792069271655,111550.51594616505,,,,,90899.54590058698,0.3991300751907746,84658.61853227536,0.3717268380778123,18797.27011152848,0.08253678011990173,9076.299442505886,0.03985304924298821,5515.474213730581,0.02421785076953668,227744.16550078112,,,,,0.40296170115470886,0.13958551270317812,0.3907199203968048,0.17811797613078545,0.25958532094955444,0.10914697855348517,0.2394862174987793,0.45542903558289854,0.17600832879543304,0.1647884161480114,0.6664239764213562,0.7003120287495341,0.5479958057403564,0.3160572344449436,0.5005708336830139,0.2245012919574762,0.4185029864311218,0.4005565903342323,0.28762286901474,0.4321518531284573,0.30726444721221924,0.16054074566966545,0.22641652822494507,0.3303369984041106,0.23958879709243774,0.16248093005387043,0.1300445795059204,0.4165267819505979,0.07191858440637589,0.12430305436536071,219,21.462031478153676,242.05479451482412,203.99999999517604,8.658312698858627,0.08477213060239462,0.8745849779578744,0.686976140234454,0.6745951810901418,C4,sal_sal,sal,sal,M1,M,inj,between,C4_sal_sal_M1,C4_sal_sal_M1,0.47131954196234316,0.20694313635951372,0.47302383436218004,0.20864742875935052,-0.44924091361552343,-0.7136173192183527,-0.12960352476367168,-0.39397993036650114,0.6103277294900296,0.3459513238872004,0.2643764056028298,,,,,1.2740748242582352,0.8078763753848589,0.45659503959664144,-0.009603409276735291,-0.22481190661619324,-0.6910103554895699,-0.2495578096030772,-0.7157562584764536,-0.1216504654365726,-0.5878489143099488,0.466198448873376,,,,,0.8416570150249748,0.21880066893900654,0.7078313336203652,0.08497498753439695,-0.6462857611735863,-1.2691421072595537,-0.2233969867544064,-0.8462533328403741,0.9265461048269562,0.3036897587409875,0.6228563460859675,,,,,0.8827670795400486,1.1736273346785082,-0.23094770921630703,1.4527591644270879,-0.9151270948326834,-3.297788683479696,0.09822252460628102,-0.09856149895414869,0.024768733334765876,0.7402370012071102,-0.027560875728144106,-0.4141323904017282,-0.11462442140025654,-0.2924442343939545,-0.22695408287582447,-0.3132339254548893,-0.06790958949936193,0.05125343068048086,-0.37128448009401727,0.2101993478386322,0.666199518017439,-0.3935816115683421,-0.3186562716775424,1.1654432511830402,-1.0496186213394427,-1.4015321620530519,0.23194392951761167,-0.1667574664767838,-0.8363361127374966,1.4727014455092025,-1.7234077460994766,-0.06561093463766042,-0.2078360592329208,-1.7890186807371367,-3.2122127769828874,-0.18918412796002598,-0.09515754676909069,-3.2122127769828874
