stem,fs_in,BLA_present,BLA_rms,BLA_pct_artifact,BLA_kurtosis,BLA_qc_delta,BLA_qc_theta,BLA_qc_beta,BLA_qc_lgamma,vHPC_present,vHPC_rms,vHPC_pct_artifact,vHPC_kurtosis,vHPC_qc_delta,vHPC_qc_theta,vHPC_qc_beta,vHPC_qc_lgamma,mPFC_present,mPFC_rms,mPFC_pct_artifact,mPFC_kurtosis,mPFC_qc_delta,mPFC_qc_theta,mPFC_qc_beta,mPFC_qc_lgamma,fs_out,n_samples,duration_s,pct_artifact_union,cohort,group,blocker,drug,mouse,sex,rectype,subject_uid
Psi_C1_psi_F1_BL1,2000.0000000472937,True,367.1961026166766,0.3661281779661017,1.2028884102145034,32640.370546181424,32134.509270165567,18809.656188183497,19545.99999600024,True,491.10401594246673,0.8451403601694916,13.777030917405447,55722.205271368905,78074.57264281175,33076.41009613678,29306.547321185062,True,468.81944210497727,0.6157309322033898,0.7387510835876854,82910.35717491081,61712.03324865379,18357.946268225955,13649.235457201958,500.00000001182343,302080,604.1599999857135,1.460540254237288,C1,psi,none,psi,F1,F,BL1,C1_F1
Psi_C1_psi_F1_BL2,2000.0000000011084,True,404.71739817125086,1.0334095528455285,0.3640828797211464,47999.90599651644,38394.34379052916,17271.48291478083,18752.58018649427,True,592.8306010458673,10.86890243902439,3.7548246559121687,97894.85900712296,129780.8312786709,41239.52449016875,26570.58208190563,True,515.3643519205041,1.0315040650406504,0.46479574659492373,92328.05452666119,84499.3450413838,18278.88686668106,12959.768036461237,500.0000000002771,157440,314.8799999998255,11.045477642276422,C1,psi,none,psi,F1,F,BL2,C1_F1
Psi_C1_psi_F1_EZM,2000.0000000472937,True,375.3048184824642,1.0832707707707707,2.70615172839313,34817.81286332662,37970.02927120893,18934.133988425336,14134.812320561223,True,543.032302551149,3.308933933933934,2.299233944320501,79047.78199548394,87739.40567515774,42141.05274477905,31476.30212832552,True,483.26241150017916,1.0241491491491492,1.736265828921951,76260.38486674547,81698.88755895781,17938.837660438887,12508.251651830225,500.00000001182343,319680,639.3599999848811,3.7912912912912913,C1,psi,none,psi,F1,F,EZM,C1_F1
Psi_C1_psi_F1_inj,2000.0000000472937,True,368.6785610633087,1.7348041709053919,0.2513615883929545,33915.23196695178,30624.60755966418,16622.257422933904,19848.877525217555,True,513.2636186722576,5.455556968463886,2.6789409032272946,71620.75840824175,94286.41300150899,27673.35024716577,25576.62248264578,True,489.6585825760023,1.8241353001017295,0.6653155502292294,90894.40744246617,73348.64225436473,17626.451533858293,12899.184467198398,500.00000001182343,314560,629.1199999851233,5.647571210579858,C1,psi,none,psi,F1,F,inj,C1_F1
Psi_C1_psi_F2_BL1,2000.0000000472937,True,413.7506952249509,0.3825042426813746,1.4973094532036213,53302.49304122052,34096.57145822754,17052.85270035114,17943.093158358643,True,793.084263041567,0.5187340899448452,0.25527260873606394,126776.64662647755,221672.37597766108,89940.9903276139,81490.758778495,True,492.8738645728987,0.3433920237590157,0.6716684668794621,89765.4364698398,58744.928024696346,20015.464763615702,14658.535625405839,500.00000001182343,301696,603.3919999857317,0.9850975816716165,C1,psi,none,psi,F2,F,BL1,C1_F2
Psi_C1_psi_F2_BL2,2000.0000000002203,True,403.12819668554295,1.2593578658793758,105.17446930879565,48054.20620347247,45004.4161663314,15701.13803974756,16181.025266712606,True,873.1702609834961,3.992909110080135,2.471482880694253,175475.23839682713,280513.35480665346,100447.5960016591,74100.40932967243,True,490.6835037312013,0.9990510333192746,0.20269293549762724,77901.5414256873,88008.33433668959,19362.377284333907,13569.638200664245,500.0000000000551,151744,303.4879999999666,4.24662589624631,C1,psi,none,psi,F2,F,BL2,C1_F2
Psi_C1_psi_F2_EZM,2000.0000000472937,True,418.8693938456987,1.1649802191113816,0.6840036716570959,52625.99089923293,51037.805354913864,17049.30171791283,14376.126398097074,True,976.6184868061852,0.8061346114830595,0.11273093382447419,306969.6219748943,297753.7265170201,103090.55649430548,75520.4172433798,True,502.65645423196855,0.6704580036518564,0.5131274537955361,85293.47440861663,76817.4609326826,18794.234612001484,13868.826787143511,500.00000001182343,315456,630.9119999850809,1.6522114019070804,C1,psi,none,psi,F2,F,EZM,C1_F2
Psi_C1_psi_F2_inj,2000.0000000472937,True,377.5631050123268,1.538990162037037,0.2532864657370233,44184.639538436735,36154.75573762381,15217.052217992257,15082.39734722418,True,805.1810976609079,1.7059702932098766,0.35523413889283173,141031.9432086849,236351.94582226351,93611.85013618556,69991.14607786656,True,483.3250930256149,1.4509789737654322,0.19186844342364617,85328.19923807467,68057.55829659573,19203.067720561423,13239.326541540788,500.00000001182343,331776,663.5519999843091,2.1948543595679015,C1,psi,none,psi,F2,F,inj,C1_F2
Psi_C1_psi_F3_BL1,2000.0000000472937,True,371.185718820326,0.09270460761624237,0.2456117729089402,35579.1667967744,33735.04076374861,15274.368660602062,16912.75385115408,True,885.6023204382951,2.617425836313907,0.5174735686443408,151578.7697284469,229008.74168387608,154673.84180733093,130373.70375108701,True,495.04063911952613,0.1752182831895645,0.3663313543183033,99592.22878165518,64870.41525826207,18333.173818853185,11099.308574806893,500.00000001182343,304192,608.3839999856136,2.7068430464969495,C1,psi,none,psi,F3,F,BL1,C1_F3
Psi_C1_psi_F3_BL2,2000.0000000002203,True,423.6793840889412,1.3855516088591726,101.07947572103573,44746.67862796961,62963.7087098196,16498.725399784205,15830.811159337694,True,1048.539147183267,7.517368366067697,5.437545497680599,271706.43847674795,409099.1516818708,185880.17535157644,89489.18556753872,True,602.5891679222772,1.0518961554534059,22.664541451374987,138473.3280149438,127788.0173149496,19815.386629413235,9860.589927758843,500.0000000000551,153152,306.30399999996627,8.007077935645633,C1,psi,none,psi,F3,F,BL2,C1_F3
Psi_C1_psi_F3_EZM,2000.0000000472937,True,401.97012002742593,0.5739667338709677,0.2801573262117585,40814.65049574234,56089.1859585063,17958.798825349906,13823.056623323515,True,1093.2201301900323,3.01726310483871,0.702082242479463,308456.4974113691,375095.64571038313,233335.86838069416,110961.52184083576,True,565.1493249121858,0.5701864919354839,0.26730321833642634,117056.6699332752,112099.90733873658,21469.46075656453,9351.70033679339,500.00000001182343,317440,634.8799999849871,3.4308845766129035,C1,psi,none,psi,F3,F,EZM,C1_F3
Psi_C1_psi_F3_inj,2000.0000000472937,True,365.7813244346798,16.405842036553526,111.97336128446369,35093.42661160493,35491.86165774716,14384.386890412386,16820.17938130918,True,878.5969262577768,16.917020234986946,81.87652548405123,162086.49889612768,245265.3712224246,151868.71561712353,111810.57740677045,True,525.2969777057993,16.70161553524804,110.30520560335384,111453.3312956609,84163.78882144249,18542.87596117507,10219.146314538388,500.00000001182343,245120,490.23999998840736,18.583142950391647,C1,psi,none,psi,F3,F,inj,C1_F3
Psi_C1_psi_M1_BL1,2000.0000000472937,True,416.00319397268754,0.4250289717656975,0.324752640260185,38661.100437625864,51288.503710954064,31983.72808721293,21669.766056079225,True,1259.7704334581606,0.4961414875684787,0.648324180982327,301960.9737146225,471991.91541589674,378723.0289542484,239444.41733026336,True,543.1662085371684,0.422724399494311,0.7633433080943335,101798.15530309996,103697.27075687113,30695.25644452164,12735.785256978452,500.00000001182343,303744,607.4879999856348,1.086441213653603,C1,psi,none,psi,M1,M,BL1,C1_M1
Psi_C1_psi_M1_BL2,2000.0000000002203,True,423.63904302508087,1.563809723386421,0.49770662902529095,45656.38580725803,58799.41964270751,24246.662047639395,18291.286805223976,True,1245.6576199442225,0.8585236797988265,1.2111354151961549,336107.30592423107,626732.9350718274,263274.0362557873,138767.6885715997,True,589.811828868982,2.222600586756077,0.38736147228921114,114837.17436174313,135347.05528089017,26001.093239555255,11269.896783387909,500.0000000000551,152704,305.40799999996636,2.888594928751048,C1,psi,none,psi,M1,M,BL2,C1_M1
Psi_C1_psi_M1_EZM,2000.0000000472937,True,450.94563259582253,0.9873336868492094,0.3956775026584518,49761.31860693883,75728.06966522046,28823.05193303467,13904.400279833766,True,1431.8182642034983,0.4296423062090243,0.1066181107177897,580194.1606622329,782275.4185082306,302986.7437807298,138644.02919793196,True,581.2318448215887,1.0635605476282297,0.216846017343987,116841.13386938826,130837.59134199248,28483.41738762238,9535.96327170396,500.00000001182343,331904,663.807999984303,1.409142402622445,C1,psi,none,psi,M1,M,EZM,C1_M1
Psi_C1_psi_M1_inj,2000.0000000472937,True,413.230155031545,1.7242027677496992,0.4918581337586465,40625.52707775169,52880.04274452357,26913.40333925015,18701.636517214385,True,1180.9038625527241,1.5734682109907743,1.1237797283436977,285304.73361394554,515668.9576308272,280177.86859369394,137218.45155193555,True,569.8381762030327,1.5712745687926193,0.47236733923907126,112332.19471531172,121152.32964577149,27621.2473857426,11598.681443049045,500.00000001182343,319104,638.2079999849084,2.1278329322101888,C1,psi,none,psi,M1,M,inj,C1_M1
Psi_C1_psi_M2_BL1,2000.0000000472937,True,498.79051110831193,0.7382514817950889,1.6777747687112248,96321.74201910032,39714.05318202286,16991.101538311155,15961.875210621874,True,1032.3565465162098,0.0,0.2844267622361558,205030.14454796023,323168.0191844412,202963.01779483663,184550.1099888318,True,614.9185866307876,1.2165273073666385,3.113373605471658,164001.5183428443,77820.31790468264,19307.22946882451,12533.972357351035,500.00000001182343,302336,604.6719999857014,1.870104784081287,C1,psi,none,psi,M2,M,BL1,C1_M2
Psi_C1_psi_M2_BL2,2000.0000000011084,True,376.65775578727937,1.544892529215359,0.26649221633292175,38643.866124541855,45421.62023542596,15472.997889373944,12320.329028286911,True,1173.4174137913687,0.49105279632721205,0.8368648631889841,280746.4545218268,544887.5943203385,211043.5564869143,174287.7708496009,True,500.07795721076496,0.6762573038397329,0.2705167846856176,85485.66234400889,82598.08202919846,17867.367188745087,11455.201021254376,500.0000000002771,153344,306.68799999983,1.7092289232053421,C1,psi,none,psi,M2,M,BL2,C1_M2
Psi_C1_psi_M2_EZM,2000.0000000472937,True,344.8311750366648,0.17442751993457373,0.10175700175814972,27144.32546339888,38446.212517169246,18232.701970873,12200.88641669386,True,1198.1161475309325,0.0,0.07940461798509091,242899.9441904876,516871.8432600866,265318.14861929294,260405.44089924867,True,435.99065107291295,0.16707984052341035,0.48554368349349897,54301.521745013146,67292.54961050734,18116.06156698109,12101.78436436154,500.00000001182343,313024,626.0479999851959,0.17442751993457373,C1,psi,none,psi,M2,M,EZM,C1_M2
Psi_C1_psi_M2_inj,2000.0000000472937,True,410.53947122002813,0.6558419738863288,0.8473343907685638,54882.24851254084,36863.72581909311,15801.532061111879,13861.20631047533,True,993.377257395579,0.6114391321044547,0.34549585482231127,176665.25708750906,341508.8699960326,183822.56207171365,160995.86740995347,True,535.0807390786613,0.4836309523809524,0.6450650820066328,111748.14133553272,78942.52678153194,17853.262260577165,11482.300062317408,500.00000001182343,333312,666.6239999842364,0.8067516321044547,C1,psi,none,psi,M2,M,inj,C1_M2
Psi_C1_psi_M3_BL1,2000.0000000472937,True,261.3528970681437,0.8962897619549189,0.8965742264754444,13417.679308894214,19514.82087170374,11115.67484819152,11564.464628466078,True,704.7534038842364,0.45950073730777335,9.99187094102054,92236.47584797099,164478.45092777483,78582.53835235992,59592.180419672644,True,343.23821853355656,0.5865546661049084,113.49370481985609,28412.01270061405,37823.80802415505,13528.806921177236,12240.103470082146,500.00000001182343,303808,607.6159999856318,1.3278123025068465,C1,psi,none,psi,M3,M,BL1,C1_M3
Psi_C1_psi_M3_BL2,2000.0000000011084,True,279.9103943204784,1.6989345114345114,0.6072516531882077,16175.298656884297,24879.59287807115,10314.406054977579,9414.254481614338,True,752.5996391744995,0.9323024948024947,0.3317898375728987,107545.28749761928,230760.17991936818,97026.08176561011,62757.65280573577,True,388.8585467332255,2.586408523908524,0.47288989901678136,36217.78983448043,55006.76828777048,14715.779063272512,12448.93349046824,500.0000000002771,153920,307.8399999998294,3.484927234927235,C1,psi,none,psi,M3,M,BL2,C1_M3
Psi_C1_psi_M3_EZM,2000.0000000472937,True,271.2880334035998,0.8268704379562043,0.33410287375352343,16512.145135218092,22870.407080364857,11967.483131798965,7400.867461071206,True,820.8304900252838,0.3247288118410381,0.09651576256347072,153332.2854182208,211896.05093734374,119600.85824399667,70697.1216145946,True,353.4880759164926,0.5316048256285483,26.74615398760535,32400.041932535136,38435.42120131512,14583.883551230014,11820.583949337391,500.00000001182343,315648,631.2959999850718,1.0198068734793186,C1,psi,none,psi,M3,M,EZM,C1_M3
Psi_C1_psi_M3_inj,2000.0000000472937,True,257.48187162441656,1.5946845910081202,0.4368441473742619,13112.894757149066,19913.539265018844,9963.04232861837,10018.201477102968,True,672.4295197445869,1.2295132699544464,0.14080866970498418,73677.02970252083,166286.9464767643,80568.2195541879,59504.00856471664,True,355.481149509997,1.341849871261636,0.3390874784560194,30883.902288502395,43324.46297646842,13912.995016970977,12031.628203667926,500.00000001182343,323136,646.2719999847177,1.672670330758566,C1,psi,none,psi,M3,M,inj,C1_M3
Psi_C1_psi_M4_BL1,2000.0000000472937,True,376.90895128882346,0.3683460076045627,106.55635407900564,37220.878091551815,35062.364326631876,16363.338807803446,16870.73372824584,True,732.867572891819,1.7648262568652304,1.255278449857947,113515.79612528326,185865.52929343865,83371.11684973053,81009.35723749881,True,516.7340676789981,0.0,0.3489907912846988,102976.71576791343,74266.44504437923,21540.33950752229,16659.412750849282,500.00000001182343,302976,605.9519999856711,2.1331722644697932,C1,psi,none,psi,M4,M,BL1,C1_M4
Psi_C1_psi_M4_BL2,2000.0000000011084,True,373.21940105421584,0.992966487381051,0.1533290293016738,34519.22567768464,41401.700972811865,16216.686221338716,16465.31181602595,True,780.0970439114005,18.341435664046337,6.573249124822027,137865.77131987092,224015.0130309901,100277.64759447135,67747.0922048317,True,560.925526817619,6.4083833264377335,0.005801119236226171,110931.9138869556,113915.0636294238,23182.190706569934,15885.576686724187,500.0000000002771,154688,309.37599999982854,23.120733347124535,C1,psi,none,psi,M4,M,BL2,C1_M4
Psi_C1_psi_M4_EZM,2000.0000000472937,True,377.4634085192631,0.2913752913752914,0.27520008316945344,36104.32592900321,45138.04559064617,16797.92204894457,15583.174548231906,True,818.0061137566154,5.504191321499014,3.38111852785224,165014.08490617442,230582.82199180944,123291.81443392573,67013.33474427178,True,554.5096856181508,0.22637618791464947,0.07655556491948312,106321.1059841969,113158.13791055692,22087.662141037144,14761.598607065374,500.00000001182343,356928,713.8559999831195,5.720481441635288,C1,psi,none,psi,M4,M,EZM,C1_M4
Psi_C1_psi_M4_inj,2000.0000000472937,True,364.21335598875913,0.8631338590537033,0.2308734995299515,34781.80915163208,34979.99254556991,15778.038169521718,15849.898389026788,True,734.744960135545,5.18691355559992,3.3467353968816864,123582.10450297763,195218.63247563443,85500.79040278854,67329.72178028646,True,527.9412947918435,1.1139324216410462,0.2053905803161018,105781.48761600818,84261.39599203994,21382.543568010886,17252.265346076765,500.00000001182343,320576,641.1519999848388,5.716897085246556,C1,psi,none,psi,M4,M,inj,C1_M4
Psi_C1_sal_F1_BL1,2000.0000000472937,True,382.65428083416833,0.16642594537815125,0.49470189016303134,42436.96123679121,32574.201396313398,19196.61420114098,17816.13167765884,True,539.3159262839275,1.0799632352941175,0.8355487395532837,64142.03821435371,90821.20588636311,46376.49747916522,43944.83218752599,True,542.6270030003388,0.08239233193277311,0.7574973541827386,116139.98841683877,90009.04157880598,21733.388700072355,13504.633722396351,500.00000001182343,304640,609.2799999855924,1.328781512605042,C1,sal,none,sal,F1,F,BL1,C1_F1
Psi_C1_sal_F1_BL2,2000.0000000011084,True,366.9401637568912,0.5290970772442589,0.897563834172332,34592.40484127862,33816.792380563405,17683.93383502144,18272.05402144223,True,638.5124626199287,11.306758872651358,6.010936011394103,94718.45766769206,149463.43065639836,58023.506912466066,46573.61347525709,True,545.1735123655717,0.18136743215031315,0.46210439578163065,111904.35654846615,98052.78417522808,21404.21106101963,13718.371643400389,500.0000000002771,153280,306.5599999998301,11.65383611691023,C1,sal,none,sal,F1,F,BL2,C1_F1
Psi_C1_sal_F1_EZM,2000.0000000472937,True,363.1784025098201,0.2029220779220779,0.16382932496603297,27972.39056037794,39440.628940047936,19419.47770552586,17011.673607122197,True,616.7111916174877,1.6338301849665486,1.3696332932218964,84459.1673461039,131994.6683823121,59957.46678639218,52916.545460799956,True,493.8203163782257,0.31606650924832747,0.5126150767746225,75300.68995951564,90951.62068058093,21694.025605182247,13621.189818730898,500.00000001182343,325248,650.4959999846178,1.9852543290043292,C1,sal,none,sal,F1,F,EZM,C1_F1
Psi_C1_sal_F1_inj,2000.0000000472937,True,378.6977235360884,0.6668694346655621,0.4928460528492056,38810.920865670676,31653.592379561767,18206.663297929317,19391.43908913006,True,565.9818844623746,3.65661886518948,1.9743828725086572,78230.09876566766,105211.56113060933,44541.22247688978,41075.42897233043,True,541.8168553132019,0.5054100227790433,0.7519700556067344,111088.82118130324,90032.29139287997,20891.10886366946,14316.294804229776,500.00000001182343,309056,618.1119999853836,4.312810623317457,C1,sal,none,sal,F1,F,inj,C1_F1
Psi_C1_sal_F2_BL1,2000.0000000472937,True,370.961104486343,0.0,0.3419911528450048,39233.329969272076,38064.52945293563,13594.12525827407,14743.008192959373,True,774.29128764764,0.3272319566124322,0.14067074805451885,118439.34263277298,219989.58130720715,81788.12183345409,67891.70108096294,True,508.5304774268312,0.08180798915310805,0.345163168773325,97969.52356376122,61325.544974006414,17822.42626882899,13327.90373861137,500.00000001182343,306816,613.6319999854895,0.4090399457655403,C1,sal,none,sal,F2,F,BL1,C1_F2
Psi_C1_sal_F2_BL2,2000.0000000011084,True,414.19482590496466,0.3357060909470171,0.5090351702505163,58547.19174205113,41185.07627054312,15040.364629116671,15158.44850995363,True,864.8780007679154,2.639366916979558,1.213863258020147,170625.15588144585,269898.1377276597,94945.65197250992,76899.80138995605,True,537.7736820704001,0.33961722987067167,0.46916609238366735,111279.7169727598,72412.7826689152,20020.286969870685,13710.057052055863,500.0000000002771,153408,306.81599999982996,2.8153681685440137,C1,sal,none,sal,F2,F,BL2,C1_F2
Psi_C1_sal_F2_EZM,2000.0000000472937,True,365.1166901433344,0.1604366946205768,0.11026965020860668,32550.043984374202,43024.63622444291,15207.02587256664,14985.45673155427,True,975.1122553065095,0.0802183473102884,0.0017148890354183877,288841.0085963776,301727.07359798526,102511.5132289549,85855.17962096969,True,483.6819078654142,0.0802183473102884,0.22701879190684382,73797.93129094264,69841.5818019398,19795.911239445824,14156.9195448914,500.00000001182343,312896,625.791999985202,0.3208733892411536,C1,sal,none,sal,F2,F,EZM,C1_F2
Psi_C1_sal_F2_inj,2000.0000000472937,True,377.2960504033066,0.5327380952380952,0.5586571932625812,43137.59566728401,33072.430222408875,13800.154986373225,15564.54542043947,True,758.1007322556214,0.2490079365079365,0.20881374812387676,115196.34975570778,204011.19120998186,76853.34419203717,67083.5268471257,True,496.55475684234705,0.5221560846560847,0.3698735173788976,90917.30513585945,62889.89074094635,18275.60016927236,13673.484557839343,500.00000001182343,302400,604.7999999856984,0.7840608465608465,C1,sal,none,sal,F2,F,inj,C1_F2
Psi_C1_sal_F3_BL1,2000.0000000472937,True,385.94644895725594,0.5282343584305408,0.8715242824204328,38263.03453373142,33645.079784517875,15148.937858075054,21218.13425077864,True,918.2039024552719,2.1225477200424177,1.7311439531470039,137861.2004784337,277782.0697417189,173938.35299321509,141983.53766808816,True,466.28993326043974,0.27339607635206786,19.992516490216005,87371.24143354395,56597.59625972645,17022.11092387012,11198.573454815076,500.00000001182343,301760,603.5199999857286,2.561638388123012,C1,sal,none,sal,F3,F,BL1,C1_F3
Psi_C1_sal_F3_BL2,2000.0000000002203,True,410.457669489609,0.9859486000835771,74.40046728310526,45211.799373336034,38686.75572508072,15600.704413378267,21057.96077968267,True,1073.6496674021432,3.1987829084830754,1.1685324733656657,268410.1064392353,432043.01329780865,181429.71462512633,129452.01597436256,True,483.46860218314,0.3649968658587547,0.30433145712739273,97206.40751410564,59259.11666834815,16992.796849572227,10974.476170548287,500.0000000000551,153152,306.30399999996627,3.696980777267029,C1,sal,none,sal,F3,F,BL2,C1_F3
Psi_C1_sal_F3_EZM,2000.0000000472937,True,378.0799489439511,0.3222176759410802,0.48015204675571166,29476.683564672006,41626.62355246545,17963.52410894127,17738.13085052075,True,1107.1321875327317,1.224618964811784,0.4105482272843921,290650.22122507537,361532.64277866296,247207.3849608148,148024.23337223276,True,435.74628360658784,0.26915405073649756,10.274473577746523,63126.26001803864,52605.65740138528,19844.37125859352,11604.33024661293,500.00000001182343,312832,625.663999985205,1.653603211947627,C1,sal,none,sal,F3,F,EZM,C1_F3
Psi_C1_sal_F3_inj,2000.0000000472937,True,397.165315996125,0.5032734308736216,0.2974617139609057,40214.90215497854,36142.00053748261,14786.63737227137,21187.459991472337,True,827.9118627167944,2.411007739609839,0.938533808677585,120962.29344883816,216115.56729674994,138126.77857648386,115082.71461168173,True,455.8597068788022,0.3608062977099237,0.34423433723548325,79789.11117078422,59120.50175842377,15259.933116245054,10177.004864068262,500.00000001182343,301824,603.6479999857256,2.7535914970313824,C1,sal,none,sal,F3,F,inj,C1_F3
Psi_C1_sal_M1_BL1,2000.0000000472937,True,403.8393441744993,0.948093220338983,0.6051617360000936,38677.67482382045,41223.14361596298,27240.671278925383,22960.649281482092,True,1146.844727761246,0.5323093220338984,1.008669365398832,270453.3310249991,418543.5489107175,269060.94147145347,162942.4220589304,True,519.4701267559363,0.9954316737288136,0.7487484312968413,97276.39914928102,85404.64469558418,24936.280698787785,13523.657440294612,500.00000001182343,302080,604.1599999857135,1.6866393008474576,C1,sal,none,sal,M1,M,BL1,C1_M1
Psi_C1_sal_M1_BL2,2000.0000000002203,True,443.74544514079605,0.8428150021070375,0.5019136293153532,53891.605564968435,48889.19261710133,25144.899821329316,22260.90924236751,True,1226.130432878177,3.0097713864306783,2.246077105152816,332459.142324251,608039.5964424497,228152.12779632898,133022.41600623738,True,552.9296462763954,2.7753634639696587,2.164032063720038,107583.29768177506,97598.71382396271,23068.22271282795,13085.53941942212,500.0000000000551,151872,303.74399999996655,5.802912979351032,C1,sal,none,sal,M1,M,BL2,C1_M1
Psi_C1_sal_M1_EZM,2000.0000000472937,True,397.71617626011425,0.7890750200320512,0.1762222335464685,32160.38316167812,50055.427811562455,30117.503994847135,17970.713748258164,True,1373.6269172153884,0.1574394030448718,0.3727645713143577,438278.1536363783,590592.6315081757,363104.4892027759,216453.48263850267,True,496.35294746354504,0.8507361778846154,0.5165514125113688,77255.34919683161,90111.74702657762,27530.998410740893,13057.159622823621,500.00000001182343,319488,638.9759999848902,1.3274363982371795,C1,sal,none,sal,M1,M,EZM,C1_M1
Psi_C1_sal_M1_inj,2000.0000000472937,True,411.88734123779807,0.5084063555743243,0.325849168126386,43169.32745402235,49994.953523303,23726.487846147105,21894.585586232457,True,1097.8794432075495,1.3407939189189189,1.3347310084038728,275682.29290448246,452434.00278943154,216190.24337057304,109951.89293372225,True,555.6039673233141,1.053763724662162,0.14234103512383944,110722.42000650286,113434.28423137405,22831.318194028678,12336.56759898904,500.00000001182343,303104,606.2079999856651,2.5707347972972974,C1,sal,none,sal,M1,M,inj,C1_M1
Psi_C1_sal_M2_BL1,2000.0000000472937,True,374.2667665839931,0.45129337706305545,0.8163076803904432,40424.5912873142,34208.11164886972,15625.079784398464,15334.84483398956,True,1020.9930563319558,0.24895524756665255,0.18147064983868777,193141.1609912897,318200.2026358856,196562.90323052552,199476.1655719914,True,499.5402116441492,0.6599132458738891,1.0876865287331179,98513.92584039745,73909.57766341366,17435.481017903203,11787.055095408743,500.00000001182343,302464,604.9279999856954,0.9303586542530681,C1,sal,none,sal,M2,M,BL1,C1_M2
Psi_C1_sal_M2_BL2,2000.0000000011084,True,345.93781358812413,0.0,0.33702919482446436,30540.050592155196,37221.056042035125,15102.14604470262,14392.094184193138,True,1120.837982018998,0.8185141020323518,1.2349559383820918,233919.80995524474,465243.4632497006,204975.1425515104,201803.11600516672,True,481.8282990428586,0.0,0.6100273525830207,85341.32570647486,77710.5492686283,17743.796074033824,11258.316492178245,500.0000000002771,154304,308.60799999982896,0.8185141020323518,C1,sal,none,sal,M2,M,BL2,C1_M2
Psi_C1_sal_M2_EZM,2000.0000000472937,True,354.07620115394786,0.238326363998407,0.1968501330778012,25534.261909794925,42920.06787253582,20690.626474827648,13792.073389884048,True,1294.9604549476317,0.23459279171644762,0.21478036441206783,295700.61712501163,521191.3872943999,342087.61876455776,352617.5252266262,True,476.1314626875976,0.23645957785742733,0.4038102961295573,61101.10587284075,93825.38956289226,22477.369952677633,11359.085708605227,500.00000001182343,321408,642.8159999847994,0.5510130426125049,C1,sal,none,sal,M2,M,EZM,C1_M2
Psi_C1_sal_M2_inj,2000.0000000472937,True,351.4675870457096,0.5980581007913369,2.329495198612964,32132.94493375714,35895.29571739751,16382.501111977248,14490.505592148236,True,1021.5821513790437,0.0,0.21609183104240515,193495.92482795892,331941.62931014044,200676.05351910082,189946.48348244576,True,490.37419178600544,0.09240941274468971,0.5589298971949939,91177.46621964681,80051.74892809201,17990.497189332553,10980.603025773305,500.00000001182343,307328,614.6559999854653,0.6000104123281966,C1,sal,none,sal,M2,M,inj,C1_M2
Psi_C1_sal_M3_BL1,2000.0000000472937,True,384.29470115162246,0.41828131545873476,0.9699052127227077,49102.39991685094,35057.602467617384,14398.595975280774,10996.87969330809,True,857.3721443366917,0.0,0.07227112764442056,149198.6855051922,287893.70850269747,113451.38156922968,85184.99281357958,True,550.1622861456648,0.25692553414327607,0.8005678214917378,108591.7767050963,79997.71820139287,22005.011263033408,19214.99069678278,500.00000001182343,305536,611.0719999855501,0.5927288437369083,C1,sal,none,sal,M3,M,BL1,C1_M3
Psi_C1_sal_M3_BL2,2000.0000000011084,True,344.8636967896871,0.5038659793814433,0.4450534151611585,31690.955355381397,37441.26860980363,14465.725702720749,11609.109498896672,True,885.878000069516,0.17010309278350516,0.0962072229024935,161735.17313113145,310704.7678650544,128702.73600757573,82492.59848049721,True,523.8631675017223,1.146262886597938,0.3140145355521726,86882.32240734421,95613.02353566977,22944.651880945836,17178.28302497772,500.0000000002771,155200,310.39999999982797,1.3170103092783505,C1,sal,none,sal,M3,M,BL2,C1_M3
Psi_C1_sal_M3_EZM,2000.0000000472937,True,335.660457713124,0.507454128440367,1.3077571859829038,26635.05627042965,38137.83085156061,16117.922220851393,10924.423827488537,True,966.7450622341686,0.23987003058103976,0.17342429126195213,225662.78258697464,330036.09911026,154104.6507120949,90523.39333382709,True,515.6174162045868,0.33033893985728846,0.457619973510198,77715.32978691443,93223.118740575,24909.90357697195,17326.810482801964,500.00000001182343,313920,627.8399999851536,0.6673674821610601,C1,sal,none,sal,M3,M,EZM,C1_M3
Psi_C1_sal_M3_inj,2000.0000000472937,True,351.92994038256927,0.0,0.421792762661251,35683.37476660358,38032.289576932504,14879.55212862952,10832.309055702604,True,850.1469274558331,0.24733287786420013,0.10249239915043384,149803.64072852107,271574.17794770474,125507.42965008187,85268.6356747839,True,533.55649965522,0.09065587555181838,0.5460606604940965,98896.63979007328,87859.62543607304,23241.08610516142,18647.997910477006,500.00000001182343,304448,608.8959999856015,0.33798875341601853,C1,sal,none,sal,M3,M,inj,C1_M3
Psi_C1_sal_M4_BL1,2000.0000000472937,True,11.896786242337505,0.0,-0.31551594480832357,23.7937583392936,17.021446632800888,15.539952064267695,16.993955985025497,True,691.6149603532106,6.449536560247168,5.793339761468224,120969.60422930682,158241.88661921048,78995.87632076709,51205.5486238655,True,507.6434102720356,0.32794799176107103,0.567793634034202,101037.19631523757,56899.954620144505,20343.568774625168,15970.232687842592,500.00000001182343,310720,621.4399999853049,6.6960607621009265,C1,sal,none,sal,M4,M,BL1,C1_M4
Psi_C1_sal_M4_BL2,2000.0000000046612,True,11.798662358493184,0.0,-0.3424490180934776,21.90231559474605,16.54186680864918,15.62145933556204,17.584199120803895,True,679.0071769559493,14.978427262090483,7.939609314439723,113661.58398932015,157026.06319441844,73250.0641528825,54137.44906520074,True,480.53894866285043,0.45887773010920435,0.14873993310578282,79607.1970781362,72689.12606263302,19593.71110480198,16182.493822322183,500.0000000011653,164096,328.1919999992351,15.408663221528862,C1,sal,none,sal,M4,M,BL2,C1_M4
Psi_C1_sal_M4_EZM,2000.0000000472937,True,11.799664500667998,0.0,-0.31801946902396017,22.450874040031355,15.973557339821276,15.408249054993405,17.28274847337598,True,694.0543589754465,2.951861391912908,2.279595366741662,121103.23758175618,155726.70403728107,80351.1433833633,59123.93612038039,True,469.82762556973086,0.15916601866251945,0.2873607705929775,77655.22598626418,59603.788367805886,19340.30023560822,16994.152400681814,500.00000001182343,329216,658.4319999844301,3.030533145412131,C1,sal,none,sal,M4,M,EZM,C1_M4
Psi_C1_sal_M4_inj,2000.0000000472937,True,11.788135252207201,0.0,-0.2993718595193333,21.39441686312364,16.2158174930828,15.421886864365728,17.276757507589775,True,669.0891571961656,8.652721459762946,6.159222585069026,107379.19972064925,153937.7100995807,72332.2735883801,50555.0840698543,True,500.75010151927063,1.428311499272198,0.1800928857814279,95866.7121107414,66576.72345152167,19725.07843404929,15639.083167319423,500.00000001182343,307776,615.5519999854441,9.951718132667914,C1,sal,none,sal,M4,M,inj,C1_M4
Psi_C2_psi_F1_BL1,2000.0000000472937,True,408.70084152854656,0.08010365604575163,0.24499563746650788,43465.40290193949,41685.57415194897,23212.403818789022,19906.90832681227,True,915.3483392927517,0.16020731209150327,0.7253515825642607,192557.8431645532,284195.0865604072,153207.77957427042,81944.89985521138,True,445.9150838132013,0.422219669117647,0.3531254859056143,66454.86588879184,65687.46794959018,19100.811823364194,10382.962319678496,500.00000001182343,313344,626.6879999851808,0.5824269812091504,C2,psi,none,psi,F1,F,BL1,C2_F1
Psi_C2_psi_F1_BL2,2000.0000000046612,True,507.35711500769855,0.7934095330739299,0.7931426175075176,81806.75000528968,94987.39210675086,21975.03451553894,16743.248231511054,True,1191.8268235202447,0.776386186770428,1.1871992256708146,441402.92100916704,581361.478027266,185046.48495300082,64166.89935204036,True,559.7245593442541,0.3416828793774319,0.008477306912806792,103421.77462056921,142139.84323854538,17090.15647681871,7695.478105432187,500.0000000011653,164480,328.95999999923333,1.2603356031128405,C2,psi,none,psi,F1,F,BL2,C2_F1
Psi_C2_psi_F1_EZM,2000.0000000472937,True,431.8214577369167,0.49531155474894134,0.11391476037226633,44228.5253037847,74558.06413766702,22561.48201366345,14487.53588607724,True,1060.2068153004648,0.24040885259124822,0.4864672587208845,252342.54095062954,494257.75964912475,168875.1779750831,84769.62946883161,True,485.0831243900853,0.610947267594273,0.025343763037325218,77252.02669725056,94296.21933749513,17995.331914636026,8261.495396292374,500.00000001182343,317376,634.7519999849901,0.769119278080258,C2,psi,none,psi,F1,F,EZM,C2_F1
Psi_C2_psi_F1_inj,2000.0000000472937,True,401.7240921441114,1.254857512953368,0.19413573573288057,38561.06964583084,53481.80606649596,21070.74088920305,19247.48349553276,True,918.8789480286089,1.0919689119170983,0.78491442147542,189845.25008992912,317827.3771673872,158172.25058458067,70704.00748047113,True,478.5006460384482,2.7156735751295336,0.019096941303280435,74794.98002567288,94069.85282510733,17817.541923795772,9398.782100144566,500.00000001182343,308800,617.5999999853957,3.372733160621762,C2,psi,none,psi,F1,F,inj,C2_F1
Psi_C2_psi_F3_BL1,2000.0000000472937,True,416.9017467081676,0.5981698465367068,0.35361375433038367,45480.7333248631,35118.60426508732,21273.756135641437,27337.877758483755,True,1013.2695002931065,1.355441206968063,0.6636210171649108,249392.932826538,293694.9009186858,189161.72433979248,132328.19033913786,True,517.468980713594,0.516188822065533,0.36424188962810167,105735.85216273078,66351.42699786702,20606.919749642755,12355.289416774604,500.00000001182343,308608,617.2159999854048,1.5313925756947324,C2,psi,none,psi,F3,F,BL1,C2_F3
Psi_C2_psi_F3_BL2,2000.0000000002203,True,419.7324058192529,1.1966973244147159,0.6010888142537341,42414.2739264126,56114.51253923666,20483.869646137857,21125.009025416504,True,1127.2416066368014,1.3299540133779264,1.3206941261156548,315964.93773782067,462194.0876844078,221253.49060088344,119252.41621122794,True,560.8503334823613,5.430863294314381,0.1938477452606393,125731.11105665614,101373.42306577657,20678.05272635087,10392.32420418382,500.0000000000551,153088,306.1759999999663,6.320547658862877,C2,psi,none,psi,F3,F,BL2,C2_F3
Psi_C2_psi_F3_EZM,2000.0000000472937,True,425.6575849689834,0.5777469758064516,0.3260449478868095,42972.94387278463,64624.084235080416,24856.089943663046,16923.045925445513,True,1317.5408291464933,0.16160534274193547,0.005349617445491006,448310.27446763794,638247.9794415632,292620.8811978924,134231.55409141944,True,536.1288299810295,0.5837323588709677,0.10792149008424756,111357.44837859117,98300.61133944981,21461.82017046474,9197.324615998888,500.00000001182343,317440,634.8799999849871,0.823147681451613,C2,psi,none,psi,F3,F,EZM,C2_F3
Psi_C2_psi_F3_inj,2000.0000000472937,True,406.86200584686077,1.213800083039236,0.2495387141536196,39400.486083434196,45303.501112051315,19744.595882412203,25498.004430484543,True,1055.7085628668037,1.7357146564251607,0.7185186386350733,274473.90701269923,381211.2251311178,201498.12389503245,103260.15529745641,True,532.0592757411083,2.121392983184555,0.11055106326049291,105747.80483481046,94628.84196504956,19502.149916776896,10382.704796184604,500.00000001182343,308288,616.5759999854199,3.4227735104837036,C2,psi,none,psi,F3,F,inj,C2_F3
Psi_C2_psi_M1_BL1,2000.0000000472937,True,361.24195374561,0.27230290456431533,0.16924427023694566,35448.30856179553,33104.82906902289,16956.953546677145,19212.7487227812,True,974.9112807640655,0.4175311203319502,0.46399723007165194,211669.82423152155,354256.61175031145,142997.07459594344,112400.75082898806,True,12.678718002953643,0.16370591286307054,-0.16436414706501168,25.80114270356867,17.936422040315005,17.48392176628605,19.14883968030609,500.00000001182343,308480,616.9599999854108,0.5987422199170125,C2,psi,none,psi,M1,M,BL1,C2_M1
Psi_C2_psi_M1_BL2,2000.0000000011084,True,409.1804740237379,0.8677685950413223,0.2990746143135459,48470.40503634776,55750.3334210777,17288.094316562838,15196.433189616577,True,1198.584016212227,0.8283832644628099,0.6175485538197676,403099.71114243416,550905.0524612708,203740.2361868193,102007.84463309355,True,12.468056275067633,0.0,-0.24202050632071703,23.17256937141555,17.159639501818543,17.33972346852465,19.710471257301332,500.0000000002771,154880,309.7599999998283,1.034349173553719,C2,psi,none,psi,M1,M,BL2,C2_M1
Psi_C2_psi_M1_EZM,2000.0000000472937,True,390.46143284094177,0.8484290438965725,0.15983850268159205,39231.88784906714,55178.068889677415,17938.46198017154,11750.780195590956,True,1232.8480572140436,0.4027610743635999,0.3363042449713767,390373.9143101422,616984.1867938834,214314.09729971582,124757.62075751048,True,12.731770830553263,0.0410277610743636,-0.14307635072423075,25.74877737241352,17.88173945850797,18.578160482598175,19.652901355768027,500.00000001182343,319296,638.5919999848993,0.889456804970936,C2,psi,none,psi,M1,M,EZM,C2_M1
Psi_C2_psi_M1_inj,2000.0000000472937,True,382.45974721998937,0.7844823127844436,0.252623930623626,40434.27698807373,43802.48756964454,17761.314659713862,14268.939683507166,True,1102.2585404372164,0.4968064749689698,0.4932764624627741,339836.1077364529,425956.2236177333,179858.70782848008,86569.33324527412,True,12.428210920535834,0.0,-0.23934671550429787,22.528176853978255,16.921970482724408,17.108712896068756,19.902965077484943,500.00000001182343,309376,618.7519999853685,0.9467444145635084,C2,psi,none,psi,M1,M,inj,C2_M1
Psi_C2_psi_M2_BL1,2000.0000000472937,True,391.39451850482567,1.203812893081761,6.592132649105997,37849.410829044704,34249.21483169212,19203.689965713238,23789.984738064184,True,1244.352237141944,0.6177935010482181,0.3484673292332934,314038.74324328784,574624.8087391361,292320.65028781805,172639.1233400319,True,338.85801116046605,2.581236897274633,6.0853495033698035,30052.653232751774,46484.34316467587,10624.064655316959,5980.495471076936,500.00000001182343,305280,610.5599999855622,2.751899895178197,C2,psi,none,psi,M2,M,BL1,C2_M2
Psi_C2_psi_M2_BL2,2000.0000000011084,True,390.75374188906886,1.202374739039666,0.1327495644425296,41750.70383786928,42642.96271327424,16139.854638311546,17363.72320613328,True,1377.4695587817776,0.5082202505219207,0.8147337210016241,421360.69445364847,673422.3537413466,365018.05817831657,192162.3060651952,True,363.3221937855346,4.922364300626305,0.0734083435164794,35231.84221092555,60456.85026101203,10138.199213513955,5569.152331998416,500.0000000002771,153280,306.5599999998301,4.9517223382045925,C2,psi,none,psi,M2,M,BL2,C2_M2
Psi_C2_psi_M2_EZM,2000.0000000472937,True,375.5391640800408,1.7806049458409974,0.048568074173784836,27956.640835219285,50372.398328226256,19465.60996787805,14114.81376383515,True,1547.0388093922973,0.5952380952380952,-0.004222789241564939,534423.5734975359,842409.0963370302,453068.2009615272,258705.98509038056,True,327.635541688485,3.8735182914367465,0.11626631035004431,21181.479862422435,48608.9354373288,11779.144805619942,6577.251754281547,500.00000001182343,313152,626.3039999851899,3.9852851011649295,C2,psi,none,psi,M2,M,EZM,C2_M2
Psi_C2_psi_M2_inj,2000.0000000472937,True,361.29871749333824,1.417046852573303,0.14047294440670832,33804.368213980975,33625.08408626757,15389.877555342162,19212.0377173161,True,1175.9019087007844,1.0434821611646505,0.4151075697905906,271781.0883662229,527310.976545558,281919.3599963096,141606.88623280643,True,346.3051029439206,3.2749384867746567,0.1315229207077575,32414.211582584925,54961.94890270781,9107.526291750035,5475.134737549146,500.00000001182343,312128,624.2559999852383,3.2752588681566537,C2,psi,none,psi,M2,M,inj,C2_M2
Psi_C2_psi_M3_BL1,2000.0000000472937,True,371.04505657978984,0.612789435600579,0.21701633092274708,38476.87317081883,38626.956447566736,16083.29193720012,16736.551427836635,True,841.0219285468401,0.8269588587967749,0.707605138053006,149046.40264055587,245365.58405827673,125097.73972900765,86569.57623336634,True,464.6238573420611,0.5268632416787264,0.22845832100048513,66805.0164159216,76168.41776299721,18745.327150739395,13173.45187184177,500.00000001182343,309568,619.1359999853594,0.9374353938391564,C2,psi,none,psi,M3,M,BL1,C2_M3
Psi_C2_psi_M3_BL2,2000.0000000002203,True,431.0014520638649,0.34430193439865436,0.42821931395948454,62602.91586276489,63673.406292927364,16092.515529981063,10949.562999475462,True,1075.2343228934444,0.1708368376787216,0.9556045669056061,312840.0320349273,461522.236872355,176899.36507097565,60953.66286135781,True,560.7731831553248,0.17872161480235493,-0.20328945498968531,107100.34941645314,125011.75247655477,19334.981521827933,9897.304037177422,500.0000000000551,152192,304.3839999999665,0.3469301934398655,C2,psi,none,psi,M3,M,BL2,C2_M3
Psi_C2_psi_M3_EZM,2000.0000000472937,True,369.39309451877,0.7281642772977219,0.1567930784553453,43914.85563967439,40445.29303101491,17141.15432534067,10035.311566903176,True,956.5994681401963,0.5461999214454045,0.2692344780842517,202871.67135891953,354125.7058254548,148284.93440826668,85379.95365530344,True,472.5941796300161,0.6496096818538885,0.4697198559562419,63646.64139930853,88297.67645363724,21826.427869710682,10617.478363374388,500.00000001182343,325888,651.7759999845875,0.8113216810683425,C2,psi,none,psi,M3,M,EZM,C2_M3
Psi_C2_psi_M3_inj,2000.0000000472937,True,368.8636909932299,1.4145077720207253,0.20602393473289604,36927.678154627916,43605.38798307014,16316.223925445447,13870.785448600604,True,861.570421098922,1.5913212435233162,0.8805591700512188,160586.94100394705,262358.8005273583,140305.68572609092,74057.3535905211,True,493.148725824274,1.327720207253886,0.1449299008887004,71076.63867107166,96970.71133935153,19548.636019973834,11830.85466089695,500.00000001182343,308800,617.5999999853957,1.829339378238342,C2,psi,none,psi,M3,M,inj,C2_M3
Psi_C2_sal_F1_BL1,2000.0000000472937,True,410.13221804594724,0.40934194150591163,0.595723949297776,50072.6111537982,51220.70533200304,17936.154438667898,18825.667603497648,True,929.8223231976057,0.4083696328562539,0.7906357905623911,226904.1971971981,306950.4247453484,141218.1348888547,73054.15103103117,True,12.56288881786986,0.08167392657125078,-0.25222209432564924,24.037364102538113,17.894710430785086,17.67122360435427,19.696296781849657,500.00000001182343,308544,617.0879999854078,0.8993855009334164,C2,sal,none,sal,F1,F,BL1,C2_F1
Psi_C2_sal_F1_BL2,2000.0000000011084,True,430.0600406417681,0.5318459784411277,0.413410433226006,50564.784944148894,48582.92610195075,18206.836500936934,19000.98523942884,True,995.3481805546394,3.2973155058043115,2.1251747439593953,226547.55358389366,382643.4583099913,156929.57859375296,91771.27296340605,True,12.561648823646232,0.0,-0.24855772249779085,23.39439628893271,17.88984471368731,18.478353611930103,20.152927069118316,500.0000000002771,154368,308.7359999998289,3.4851782752902154,C2,sal,none,sal,F1,F,BL2,C2_F1
Psi_C2_sal_F1_EZM,2000.0000000472937,True,398.95184840317364,0.3807719690805533,0.15593669664484944,33672.80920427261,55074.228431264804,23819.113210416504,17126.979046267494,True,1042.2688131666641,1.0199476200162734,0.8001383681589176,219323.15635245485,408515.7741651556,203580.68472276937,116674.27754406013,True,12.533138184858243,0.0,-0.2502224422380026,22.8554399001198,17.45033749894019,18.260071828197646,20.1902067901848,500.00000001182343,314624,629.2479999851203,1.4007195890968267,C2,sal,none,sal,F1,F,EZM,C2_F1
Psi_C2_sal_F1_inj,2000.0000000472937,True,433.02568206950593,0.4901009316770186,0.6344947727749073,56654.45564928178,59948.271595588296,18189.681999935616,16987.046372830184,True,984.5397989115443,0.6505564182194618,0.7809035305712202,281472.14138453174,345590.4064723944,144941.6552392915,70864.31899385112,True,12.44878716332373,0.0,-0.2510909942931776,22.544107078703632,17.46610386743221,17.39471523576262,19.64864618497013,500.00000001182343,309120,618.2399999853806,1.061723602484472,C2,sal,none,sal,F1,F,inj,C2_F1
Psi_C2_sal_F2_BL1,2000.0000000472937,True,388.54762654864584,1.3995181405895691,0.0785206784867234,36435.02530841193,37939.38202497143,18844.43571802259,22165.29414494909,True,1066.5249058242698,2.8740852401566688,0.6154117922802249,232881.63540718312,413463.60318314616,172148.89395060146,147784.94412890146,True,384.74220201513833,1.640769944341373,0.1853367491365301,37096.08461693774,57097.34214985324,15470.91774197159,10870.408193372697,500.00000001182343,310464,620.927999985317,4.1102994227994225,C2,sal,none,sal,F2,F,BL1,C2_F2
Psi_C2_sal_F2_BL2,2000.0000000011084,True,422.79128839533723,2.219438097216452,0.1281472039567655,50463.913324117566,49304.42088021136,18422.02864146469,19631.367379894116,True,1088.578865879404,3.7494806813460744,0.7142309509184321,263929.71645239316,432309.839449855,159205.72437875962,134540.43803068198,True,422.9278791002127,3.295076859160781,0.0223983992525012,53535.49614971445,69569.18430643792,14493.906780879755,9173.834332490113,500.0000000002771,154048,308.09599999982925,6.904341503946822,C2,sal,none,sal,F2,F,BL2,C2_F2
Psi_C2_sal_F2_EZM,2000.0000000472937,True,376.35172021976234,1.7782630105743313,0.13454293781283422,34445.912136955696,39525.206582546016,18181.775368938783,16337.274862253125,True,1069.0407227777634,1.9033148455318265,0.3562935659201112,290540.47186024603,333616.17550987564,168145.54540264685,143671.82773498906,True,374.6014009542215,2.880079825834543,0.4156824378921855,32641.466885881156,54214.787955689666,19703.468062143136,8794.803242116317,500.00000001182343,308672,617.3439999854018,4.9146019075264356,C2,sal,none,sal,F2,F,EZM,C2_F2
Psi_C2_sal_F2_inj,2000.0000000472937,True,386.00154986946734,0.8894631326806914,0.0819890992139829,36420.22832653924,37304.12707438797,17711.31673456948,21046.987853829625,True,980.9873024995217,2.1847661945428034,0.7309983396538273,177970.3437731072,341742.3124117824,139110.59822972596,132660.35777663853,True,392.6943097889368,1.4248333680483232,0.05203247807638789,41176.94422409173,62250.93407546836,14829.25959450336,9199.290948337903,500.00000001182343,307264,614.5279999854683,3.6525593626327844,C2,sal,none,sal,F2,F,inj,C2_F2
Psi_C2_sal_F3_BL1,2000.0000000472937,True,384.15411193591126,0.6203329184816428,0.3086952265028149,33460.852961699464,33217.27654264459,20039.499213136503,26211.591019495274,True,996.8625515529409,0.9191557768097904,0.47892476501427605,229343.82622270266,321386.13155586086,182970.1115711666,119931.67448232365,True,489.12343294232744,0.6997381248703588,0.21676602961770408,87758.96874962459,72767.91827054982,18621.250520386526,12035.525402111254,500.00000001182343,308544,617.0879999854078,1.1901057871810827,C2,sal,none,sal,F3,F,BL1,C2_F3
Psi_C2_sal_F3_BL2,2000.0000000002203,True,412.42748623444544,0.8607548359966358,0.40916864676661113,46971.51627550188,50948.20737811044,18811.709975388432,22284.31136017392,True,1109.452647037137,1.5920679142136247,1.454138857018644,310923.89131527446,472958.03336484364,186667.92510657056,110810.54649144465,True,535.599521767434,0.3298465096719933,-0.10040005251385198,134589.0183132327,82370.54195647425,18032.292296302305,10433.44493749702,500.0000000000551,152192,304.3839999999665,2.1702849032800673,C2,sal,none,sal,F3,F,BL2,C2_F3
Psi_C2_sal_F3_EZM,2000.0000000472937,True,389.91526912115575,0.9741335372069316,0.12531061096895124,30498.50229398004,48808.01970049796,26476.546582585797,18953.454307058804,True,1229.015366210984,0.15991335372069318,0.22486748725375838,375819.0879750285,496648.2024105286,277732.13740933227,147034.35728597883,True,473.9057583877618,1.2162334352701325,0.20674840596945954,72024.97944816935,81894.8845488526,22756.393968649732,9789.446828962402,500.00000001182343,313920,627.8399999851536,1.7880351681957187,C2,sal,none,sal,F3,F,EZM,C2_F3
Psi_C2_sal_F3_inj,2000.0000000472937,True,373.3727961015848,0.6398809523809523,98.96711560221483,29469.459138390837,34310.41482935742,19698.53943375447,22962.97032499891,True,1006.7054014417213,0.72949016563147,1.7441374491138686,226015.111998721,336126.7434016974,183557.34022199403,118951.92030553024,True,503.7675959464421,0.6127070393374741,17.011517498272298,93052.24011979684,79521.63117308414,18874.591493389136,11024.945037235337,500.00000001182343,309120,618.2399999853806,0.9763198757763976,C2,sal,none,sal,F3,F,inj,C2_F3
Psi_C2_sal_M1_BL1,2000.0000000472937,True,394.2136715276038,0.08720324864639734,0.44672037381987817,49363.27169560577,36998.76469192259,15085.383082842018,16777.426891037576,True,1042.9886433465028,0.25347511453561017,0.748453202308502,271419.99130711757,426013.21047881077,154338.6915323228,84553.57028706794,True,13.064388797102572,0.0,-0.18469485734580315,31.94047067896246,18.566531171804694,17.22445799197011,18.666641870005368,500.00000001182343,307328,614.6559999854653,0.2590066638900458,C2,sal,none,sal,M1,M,BL1,C2_M1
Psi_C2_sal_M1_BL2,2000.0000000002203,True,380.75930412110245,0.3449675324675325,0.15430411793965826,43098.54170705776,39120.598508286275,14132.134799573638,17320.439238351308,True,1124.6942215625359,3.727220360284876,3.088698906763899,311620.30037402903,517492.3711400678,159978.01715524204,100208.76481215675,True,12.551864534118778,0.0,-0.24172991664996824,24.839986797856024,17.184870007940507,16.941409620393046,19.248388423572205,500.0000000000551,152768,305.53599999996635,3.873847926267281,C2,sal,none,sal,M1,M,BL2,C2_M1
Psi_C2_sal_M1_EZM,2000.0000000472937,True,370.42554121786833,0.4462504986039091,0.017559885959268495,35498.17637950772,44973.02170948205,16240.294221208684,13398.364461066685,True,1168.1729076247304,0.312873952931791,0.4022826877049299,308190.9057680309,547185.3589538479,190194.73019661175,124194.02089981892,True,12.313098133134181,0.0,-0.24258371365749065,22.541619421657607,16.742964104648564,17.13197111920668,19.24866812611575,500.00000001182343,320896,641.7919999848236,0.7591244515357001,C2,sal,none,sal,M1,M,EZM,C2_M1
Psi_C2_sal_M1_inj,2000.0000000472937,True,387.42941009498037,0.40820632160392795,0.4100239542315611,42514.35022189842,43010.10253362775,15446.734590743346,15561.978270543575,True,1067.8393687610665,0.4667041734860884,1.0428368913496886,301145.6734482925,441212.1633304813,166915.7264535724,79422.46913909302,True,12.48550788407846,0.0,-0.20549846457455434,25.349231953706113,17.014015512097878,16.976108719399548,18.85485559152568,500.00000001182343,312832,625.663999985205,0.8749104950900163,C2,sal,none,sal,M1,M,inj,C2_M1
Psi_C2_sal_M2_BL1,2000.0000000472937,True,395.4599481892906,1.1128223123310461,0.16920727904502453,33858.41778280107,36845.26139805672,18639.177832353285,24512.2295962494,True,1139.1775493630282,0.6891375545851528,0.24089935593022727,263525.3776954482,484190.23768866307,224733.3388150402,167575.3030884678,True,336.21679576596443,2.7984638178415473,0.18246233009333102,25747.147808261838,48010.9148348069,10262.746492436188,6486.70304116045,500.00000001182343,307776,615.5519999854441,2.9615694531087544,C2,sal,none,sal,M2,M,BL1,C2_M2
Psi_C2_sal_M2_BL2,2000.0000000002203,True,395.65957199933644,0.16499263777871265,0.020919461675201312,37760.36031352218,44204.533313623026,17836.510951341188,20009.616547941034,True,1365.816953752978,0.6619425746739588,0.9179582083393716,504896.7393980927,609252.5520381837,281822.62387154065,189768.27586234693,True,341.0852686321133,1.6236327303323517,0.08666693039302764,25359.27624926511,52401.69550191516,10648.103668028536,6531.8397032785115,500.0000000000551,152128,304.2559999999665,2.450567942785023,C2,sal,none,sal,M2,M,BL2,C2_M2
Psi_C2_sal_M2_EZM,2000.0000000472937,True,393.4085011651566,1.9425080531507952,4.4560092029761735,28260.346759487762,48223.272013513364,21602.685241463583,19252.864045875634,True,1415.2033484208553,0.16169216831085162,0.29526179817609943,416615.5353566267,654482.4607073026,403845.81817504007,277777.50840973284,True,315.76501361886244,4.323220756996174,0.10788605659608486,15023.908223889652,45532.336251148845,13993.871734949305,7149.46640547911,500.00000001182343,317888,635.7759999849659,5.1011677068653105,C2,sal,none,sal,M2,M,EZM,C2_M2
Psi_C2_sal_M2_inj,2000.0000000472937,True,383.15365874603856,0.9208797155225725,0.14693803532031424,35393.44640006774,34959.50260863372,18080.516986157134,23321.68638903498,True,1121.380881335397,0.5089156874871161,0.4234397136191914,319673.73353021865,424407.1652660799,211636.7215376793,141218.50411934473,True,322.73645379850103,3.0248273551844984,0.14772254302997379,23060.481798155437,48662.6850801552,9132.619729258326,6133.347390936409,500.00000001182343,310464,620.927999985317,3.6738559059987628,C2,sal,none,sal,M2,M,inj,C2_M2
Psi_C2_sal_M3_BL1,2000.0000000472937,True,380.88847491588484,0.18607474662162163,0.14841678890794485,48222.78773245869,37528.36155122694,14804.215555269855,14190.02769399018,True,893.8678251405447,0.5064268369932432,0.8457119651589586,170110.09407522384,305209.2022350635,138943.61994827128,81301.46884645891,True,488.57622787811067,0.1854149070945946,0.24601615955557987,83466.55647432971,81070.3974692976,19853.35883457544,12868.482238276178,500.00000001182343,303104,606.2079999856651,0.5199535472972974,C2,sal,none,sal,M3,M,BL1,C2_M3
Psi_C2_sal_M3_BL2,2000.0000000011084,True,387.77201799584884,0.6813376650165017,0.0666317847522131,48866.788407938046,44195.77019286078,15078.76452049192,14271.867042915486,True,1013.2177070238364,2.622215346534653,2.2488466288113504,233488.47169019844,418947.4187401068,163775.72234266516,75940.69182969538,True,505.1837810445452,0.676825495049505,0.24248129273226837,75744.09997900765,102452.0449195704,20155.226768647568,13463.478793478482,500.0000000002771,155136,310.27199999982804,3.2887273102310233,C2,sal,none,sal,M3,M,BL2,C2_M3
Psi_C2_sal_M3_EZM,2000.0000000472937,True,401.1507971220786,0.32433424463345484,0.15500750538004437,55651.28926451409,46993.19506866091,15686.511908053659,10486.843194511965,True,994.5188995954686,0.4796982584042122,0.6035967724132041,238059.1506734816,357409.4048841572,150256.48757204995,100530.99802936436,True,467.96720469162227,0.24712687322802754,0.8607536073330362,69394.67337052667,78527.59334213745,19245.39476725198,11496.611647403894,500.00000001182343,316032,632.0639999850537,0.8204865330093155,C2,sal,none,sal,M3,M,EZM,C2_M3
Psi_C2_sal_M3_inj,2000.0000000472937,True,394.9002825699509,1.3128775255155176,0.1039880228840162,51301.28920503644,46429.64749439874,14537.992300828593,12082.266430274141,True,932.7171249567211,0.8201416371589252,1.1104885861042724,218750.37255682514,335541.5864002081,140125.77785873052,63502.182350992385,True,518.1654234639605,0.5239793792959799,-0.045022418059793345,97506.90368453322,96661.55333351126,19518.20402107735,11479.862750786046,500.00000001182343,307264,614.5279999854683,2.051330451989169,C2,sal,none,sal,M3,M,inj,C2_M3
Psi_C3_ket_F2_BL1,2000.0000000472937,True,385.20132019140993,0.3414975692242655,0.1585472275355433,32479.10289083852,34881.64776651213,21607.17341765718,30998.53303459568,True,515.2136760071792,0.42406467977171847,0.4025379900054675,61710.18481670455,90973.70930332324,32438.259801493823,33938.42719964251,True,459.1316847150638,0.2536461636017755,0.08976116192465211,72987.39664254867,67160.40613265327,21709.413100636684,14050.251267316935,500.00000001182343,302784,605.5679999856802,0.844496406679349,C3,ket,ket,psi,F2,F,BL1,C3_ket_F2
Psi_C3_ket_F2_BL2,2000.0000000002203,True,384.79235858744516,1.1898836965632857,0.18605698935710757,32781.48697232447,41080.435526434725,19206.392157254726,27362.141651217502,True,576.9834710143435,2.388935456831517,1.4338437560588093,79202.31562977892,125494.82689421128,39477.5707923561,36197.370176262404,True,512.4808251073218,0.5415706202849958,-0.07103647418101122,93725.30037825281,93662.9477039988,20268.105363853618,13380.45866290081,500.0000000000551,152704,305.40799999996636,2.9069310561609387,C3,ket,ket,psi,F2,F,BL2,C3_ket_F2
Psi_C3_ket_F2_EPM,2000.0000000472937,True,383.5116160924873,0.411195606984479,0.10730269242636759,32783.08708569151,48969.56646537657,22316.054041660296,17289.147173417416,True,595.899750608132,2.556601649113082,1.840716344822257,103897.17455506453,119357.36279526737,44085.37221819389,30680.058098229238,True,500.8135022914012,0.35229871119733924,0.05221457091474502,75388.52186816375,100838.91777678701,21563.05849551419,12949.742084748868,500.00000001182343,461824,923.6479999781586,2.6131166851441243,C3,ket,ket,psi,F2,F,EPM,C3_ket_F2
Psi_C3_ket_F2_inj,2000.0000000472937,True,379.5975177997889,0.4002527912365704,101.77638420547659,29104.05914042137,34723.16464696467,20551.92765042837,31362.836538933254,True,520.7940902281938,1.4321545186433537,3.622473276319163,63234.24610532576,99723.7271522021,33178.14342077828,30808.733786166187,True,478.2018642860086,0.5411312407836528,21.455128928468028,77929.67333347534,76309.73950649012,20905.160877368413,13423.285595064388,500.00000001182343,303808,607.6159999856318,1.6596008005055827,C3,ket,ket,psi,F2,F,inj,C3_ket_F2
Psi_C3_ket_F5_BL1,2000.0000000472937,True,367.47754490915275,0.5488705932024488,133.68007637590267,26989.413000230263,39114.41385546977,17894.052239237433,28139.560172436573,True,1058.1826838004054,0.5795466540004222,0.23730709992283128,309153.14466153574,400991.07574709476,153339.667964783,113387.53755606097,True,454.1805691397633,1.8732188093730209,-0.17290975893844918,52999.52510708981,86523.74015637318,18897.640284505647,14964.017622253376,500.00000001182343,303168,606.335999985662,2.822857293645767,C3,ket,ket,psi,F5,F,BL1,C3_ket_F5
Psi_C3_ket_F5_BL2,2000.0000000002203,True,403.8694477745852,0.17506819135543433,0.17556582483569372,45245.13017373049,53816.53248303855,16508.47132768003,18850.993734708427,True,1250.6074069194858,0.6589645404951742,0.5636031514444415,491442.18230186106,569911.3987220399,189206.6872408616,96567.32789471369,True,521.5246271242503,0.1717897608057071,-0.23998692704598312,81387.91514260632,114088.9680639175,19643.457316010226,13670.795322962906,500.0000000000551,152512,305.0239999999664,0.8340327318506084,C3,ket,ket,psi,F5,F,BL2,C3_ket_F5
Psi_C3_ket_F5_EPM,2000.0000000472937,True,367.1275529920197,0.1142817564759662,0.16620958468298275,32959.81002355197,47880.00879964686,15665.59903133697,16931.044296662116,True,1239.0315753183606,0.11125155838758831,0.20381207420155656,388104.84772645,702150.316281731,172250.54858324895,99398.40923114006,True,492.93473676041503,0.05649155007618784,-0.16013417131483454,82239.70354619075,90697.50235122158,17891.53203117569,14053.466478925575,500.00000001182343,462016,924.0319999781495,0.16860887934616983,C3,ket,ket,psi,F5,F,EPM,C3_ket_F5
Psi_C3_ket_F5_inj,2000.0000000472937,True,371.0345351134938,0.0,0.03290643075257238,32051.825201574982,40223.79373249109,16918.318613543357,24262.43033490662,True,1066.0409954814995,0.4934036590524535,0.2726390975104045,323992.4468380738,408488.78951081866,155041.01333993868,102914.03715648974,True,479.166202874943,1.2680440989847714,-0.20123323526880332,68090.32407630217,87853.19557337578,17904.855409232736,14828.464341534156,500.00000001182343,302592,605.1839999856893,1.761447758037225,C3,ket,ket,psi,F5,F,inj,C3_ket_F5
Psi_C3_ket_M2_BL1,2000.0000000472937,True,402.0403192251654,0.3682847981497056,16.794287020151902,46487.71839229617,36745.55762492062,20550.886501366895,23717.746276414193,True,1017.8943703272206,0.2703821488645921,2.384682543140858,187186.46175253732,366392.2440451063,188503.55823279748,159958.64677971439,True,469.5221629719275,0.29042262405382674,33.95495196179591,78677.72701839694,68004.13826005606,19882.871628956014,13473.729934227722,500.00000001182343,304384,608.7679999856045,0.5535770605550884,C3,ket,ket,psi,M2,M,BL1,C3_ket_M2
Psi_C3_ket_M2_BL2,2000.0000000002203,True,401.87891832278547,0.5494289606035205,0.3809711637342912,46028.20212852569,43759.78517382031,18855.948056446116,22941.28130479684,True,1141.3298395415077,3.8610645431684825,2.8036108139002986,285989.56518558075,543840.9691561356,187239.94951561478,135480.87479290648,True,496.76029551842635,0.17943210393964795,-0.160852859815372,86103.23186047305,88066.08527107282,18163.343077156038,13202.182835548376,500.0000000000551,152704,305.40799999996636,4.121044635373009,C3,ket,ket,psi,M2,M,BL2,C3_ket_M2
Psi_C3_ket_M2_EPM,2000.0000000472937,True,401.73309647075934,0.33965517241379306,0.32015910379635315,47022.74622097752,47432.858751230604,20319.30245953071,15231.055671815418,True,1180.117433858678,0.05646551724137931,0.3386578574040673,363886.9897341067,542228.8540442585,200670.7416648025,122612.65143268357,True,488.43590960296234,0.33793103448275863,-0.04755609870174826,86651.78354040373,83024.29729165675,18852.312005463114,10635.469462166793,500.00000001182343,464000,927.9999999780557,0.44784482758620686,C3,ket,ket,psi,M2,M,EPM,C3_ket_M2
Psi_C3_ket_M2_inj,2000.0000000472937,True,385.5455526195528,0.08286234946122967,0.09074684746823403,42286.875052665826,35392.093709528446,19121.314845167068,24183.184931849068,True,973.1370630223149,0.4153021339530953,0.7830337950662005,193328.67501975785,337179.2137792119,172955.2097673261,132521.22286933585,True,493.58617151940376,0.248587048383689,-0.13246855305657235,94039.6193510988,73699.95657375884,18297.91752579342,12838.00106917707,500.00000001182343,302912,605.8239999856742,0.746751531798014,C3,ket,ket,psi,M2,M,inj,C3_ket_M2
Psi_C3_ket_M5_BL1,2000.0000000472937,True,405.2348035750267,0.24879731444279973,0.18214212974524902,41620.632878715376,36922.90418235253,21783.57689742737,28552.140630182887,True,830.2023716802898,0.08293243814759992,0.24005534389289096,130851.5509539286,232622.5089207856,125552.04626130372,107549.46530816903,True,460.6999390789284,0.08293243814759992,0.2358244252832451,83870.32704320768,60501.081975522575,19574.72762468075,10984.717597928711,500.00000001182343,302656,605.3119999856863,0.3320601607105096,C3,ket,ket,psi,M5,M,BL1,C3_ket_M5
Psi_C3_ket_M5_BL2,2000.0000000002203,True,422.5819958846998,1.4299958018471872,0.28813819799192464,47101.42798268742,55001.288217390276,17852.17468441025,22641.589675402738,True,891.7845470741297,0.4886912258606213,0.5212128047124649,190550.13751972132,306014.1174207993,124139.72251887499,72599.21073748519,True,499.2714388046161,0.2814074307304786,-0.11749050176886255,88360.54228621112,93816.9824654431,16560.92251355755,9795.932231942992,500.0000000000551,152448,304.8959999999664,1.6451511335012596,C3,ket,ket,psi,M5,M,BL2,C3_ket_M5
Psi_C3_ket_M5_EPM,2000.0000000472937,True,416.87746100552886,0.6560081536760641,0.09196032881107064,43874.779463068364,57528.13016360055,21114.473816362628,20225.594736626666,True,1039.4126184922122,0.16281440022111662,0.026527183817326883,310342.30870195996,380136.10460769245,172352.29849234468,82336.77734357661,True,497.7740322902503,0.169940229408513,-0.0488387719770107,97131.46105611359,83150.47354965782,20106.89961148735,8850.60031726538,500.00000001182343,463104,926.2079999780981,0.8747495163073521,C3,ket,ket,psi,M5,M,EPM,C3_ket_M5
Psi_C3_ket_M5_inj,2000.0000000472937,True,400.2915710865799,0.7445027420375447,0.05379256470791649,36493.02168805981,40644.18520240065,20813.0010656951,29439.253419602865,True,795.8817482380449,0.0,0.259803289736217,136302.6530111755,202721.3333456683,121928.79869032168,89103.685917379,True,471.39661139929524,0.0,0.013835181464691537,80446.24159798738,76464.00161733523,18366.438969825806,10332.712079409182,500.00000001182343,303424,606.84799998565,0.7445027420375447,C3,ket,ket,psi,M5,M,inj,C3_ket_M5
Psi_C3_ket_M8_BL1,2000.0000000472937,True,423.8700209250514,1.3521825396825398,0.3095845684054317,46905.600193118495,51128.95933454547,20297.349556728655,27123.212633639687,True,898.4617922994264,1.3885582010582012,0.8414424647310481,223157.43693346673,294842.0232457486,108554.6389197358,76068.50554091882,True,493.78364484729263,0.166005291005291,-0.19014177982625746,78769.79873954417,94048.4665459039,19217.04454544649,15091.183933341854,500.00000001182343,302400,604.7999999856984,2.9067460317460316,C3,ket,ket,psi,M8,M,BL1,C3_ket_M8
Psi_C3_ket_M8_BL2,2000.0000000002203,True,460.12351729509396,0.0,0.03538488769921244,66245.437231353,61364.73933955456,21087.234745278132,28390.84744881489,True,989.6284693406941,0.16755151387720774,0.3930820318147181,305382.26198675216,359059.78927380143,120906.44456187723,72464.00889189195,True,591.7149748514971,0.16492325483599665,-0.3764301971999706,157503.99930360657,94554.3522902904,21360.50954194925,15556.456494593727,500.0000000000551,152192,304.3839999999665,0.33247476871320436,C3,ket,ket,psi,M8,M,BL2,C3_ket_M8
Psi_C3_ket_M8_EPM,2000.0000000472937,True,456.1729431475108,0.2723226655583264,0.08731985593318026,55720.0683110216,66988.9203905481,24797.391583482753,25503.599424899625,True,1068.6152228668689,0.16322042116929897,0.11298735957389106,380105.023928966,399889.3249871021,143098.5422195737,73407.06570896793,True,571.2666411154952,0.3260078969243558,-0.24299213993776547,115812.98213219683,118135.46916968796,21648.78194072509,14337.219129632202,500.00000001182343,461952,923.9039999781526,0.7615509836519812,C3,ket,ket,psi,M8,M,EPM,C3_ket_M8
Psi_C3_ket_M8_inj,2000.0000000472937,True,439.73385359803274,0.16607558755028584,0.14237790211361911,41233.67683524449,60370.20012026408,22025.267371003192,32688.921766910065,True,905.3156338115517,1.2147999153080669,0.8771940203122242,217341.7944758357,312189.1496720062,108036.17043252585,77004.71471676635,True,556.3141223397847,2.104065212788482,-0.34459445776279196,68638.70711646635,160287.2103460351,20012.350876675624,15644.687317913398,500.00000001182343,302272,604.5439999857044,3.3569103324158376,C3,ket,ket,psi,M8,M,inj,C3_ket_M8
Psi_C3_psi_F3_BL1,2000.0000000472937,True,374.1965925427546,0.8913014783526928,0.059226143902623374,35482.12214486434,44130.19911027375,16809.80571519009,16414.944139447827,True,773.4135899537777,0.9893083421330517,0.40927561264795864,112946.23913412247,214949.0248068894,94287.61036875562,77187.3514561606,True,465.7719127731606,0.8781019007391764,0.12957205818361528,67242.3800581358,72266.8763030006,20621.53161962831,15732.610924796149,500.00000001182343,303040,606.0799999856681,1.1820221752903906,C3,psi,sal,psi,F3,F,BL1,C3_psi_F3
Psi_C3_psi_F3_BL2,2000.0000000002203,True,424.19035978625345,0.0,0.18319942100292863,59788.59619446249,58459.897261851394,15927.31934578826,13066.989560134542,True,926.3505336625818,0.8290148659966499,1.1431353107228768,225778.14598494003,335166.5360081242,115917.73556093064,66514.9123181803,True,556.4150234775084,0.16423262144053602,-0.1566587224362519,107728.4056362472,112290.84315230206,19909.286647915887,13744.220008897135,500.0000000000551,152832,305.66399999996634,0.9932474874371859,C3,psi,sal,psi,F3,F,BL2,C3_psi_F3
Psi_C3_psi_F3_EPM,2000.0000000472937,True,388.2558768714972,1.008343206951027,0.08621392665881356,40427.16064072053,60475.39611272365,14695.298637906864,11102.355605534376,True,950.134826306813,0.9523927066877304,0.15501699698198568,200821.36978493235,423126.10887829657,96666.29662080697,61090.90817859467,True,526.3777570979014,0.9425190889942074,-0.01646311953702506,84665.30608957939,115284.06637904912,19631.378068608392,14257.78259147079,500.00000001182343,486144,972.2879999770084,1.2677313717746184,C3,psi,sal,psi,F3,F,EPM,C3_psi_F3
Psi_C3_psi_F3_inj,2000.0000000472937,True,379.1655694253869,2.163537497366758,0.15204770157197833,40217.74871240172,46790.30920576982,16483.93217778041,14495.139385496515,True,805.5785335459676,2.3932878660206445,0.6439590054564501,144459.5456749612,238548.10111186767,105416.54879480533,66737.16604195704,True,508.77001443365606,1.9387244575521383,0.0023805143384096894,87697.28511129924,92593.85912600436,20841.24762028183,14769.706858046398,500.00000001182343,303808,607.6159999856318,2.6678033494838846,C3,psi,sal,psi,F3,F,inj,C3_psi_F3
Psi_C3_psi_F6_BL1,2000.0000000472937,True,391.5555567124646,0.08953872795969772,0.1462720078228572,35101.22337335771,39508.83197228562,18624.749780638766,26390.094243142063,True,815.5750059017952,0.3348682829554996,0.2662399433432041,169617.1051013028,237463.89964237984,91835.96412914828,68622.53748097488,True,483.0020142339932,0.09085065071368598,0.22871665322946688,97482.96511462744,59902.25875190741,17203.023949141363,10917.289640793744,500.00000001182343,304896,609.7919999855803,0.33946001259445846,C3,psi,sal,psi,F6,F,BL1,C3_psi_F6
Psi_C3_psi_F6_BL2,2000.0000000002203,True,404.74775474153927,0.0,0.29097163310578633,49896.69439028957,52304.436349043026,15526.510866924464,18301.384848094738,True,937.2320383829518,1.4838506711409396,0.6814295406048365,255828.1924638342,339404.17205523036,108861.12211563696,50078.91034577176,True,523.1999684144835,0.16450817953020133,-0.2453114409002901,98506.77956890872,104730.55024113515,14063.653196899664,8026.607636001323,500.0000000000551,152576,305.1519999999664,1.6483588506711409,C3,psi,sal,psi,F6,F,BL2,C3_psi_F6
Psi_C3_psi_F6_EPM,2000.0000000472937,True,388.1810422776526,0.3415930281102143,0.12798532622394854,34876.62393937131,56428.925262139106,15241.992093367668,16839.27824451823,True,951.7477755021433,0.44509288895073756,0.06839797079127452,233590.24653154318,390148.65350275487,113695.65122281045,53687.533671763595,True,497.7536428987192,0.45813908989702196,-0.029293199683359195,92100.720265799,84312.88016677977,15250.271585264512,7929.682045427074,500.00000001182343,459904,919.8079999782494,0.7368929167826329,C3,psi,sal,psi,F6,F,EPM,C3_psi_F6
Psi_C3_psi_F6_inj,2000.0000000472937,True,393.5862690311141,1.2430775316455696,0.11347481748441002,34303.2994168948,44008.60591942717,18320.27104216654,23320.813784853937,True,844.6583936578512,1.0347441983122363,0.2785560711905317,193296.1672776827,246089.47801823495,104492.56314648424,60136.220251346895,True,493.9464338254875,1.3459256329113924,0.1395007196257696,86582.18433472079,68352.47699963608,17967.947621245847,9934.480375757723,500.00000001182343,303360,606.719999985653,1.4313027426160336,C3,psi,sal,psi,F6,F,inj,C3_psi_F6
Psi_C3_psi_M3_BL1,2000.0000000472937,True,426.41517431737805,0.5576355199325037,99.8035060319841,42268.69192252892,32715.310665820467,22521.75495312295,37284.054321379575,True,626.7501373620603,2.8264079308162837,12.121517832231326,96795.42577473784,111361.32362229767,58190.4875585668,61110.7860389051,True,483.0025905011503,0.3869173170217254,1.228948086647466,91320.81182683069,66870.33445503902,18385.060646158803,11477.001701008166,500.00000001182343,303424,606.84799998565,3.24727114532799,C3,psi,sal,psi,M3,M,BL1,C3_psi_M3
Psi_C3_psi_M3_BL2,2000.0000000002203,True,419.515285420034,0.18147274633123692,0.1321276371406186,48077.7341953042,44358.357207331064,18741.315768974633,28051.30478275041,True,745.6298631931769,17.521619496855344,8.273001277271195,166744.69953866236,184918.5653091351,72277.6921000546,46924.75064314078,True,534.8477407417994,0.7147536687631028,-0.2776590926529452,103662.0420730872,105099.82469051852,16689.30102820361,9516.600384435758,500.0000000000551,152640,305.2799999999664,18.05817610062893,C3,psi,sal,psi,M3,M,BL2,C3_psi_M3
Psi_C3_psi_M3_EPM,2000.0000000472937,True,406.0912591644638,1.10776994331536,0.1483791125459355,37498.73970042521,50548.643530709,21146.418163734263,20831.19828867153,True,701.961349138021,8.819818885662933,8.505279174432049,135314.79673574187,159566.122816784,72711.65694932648,46901.60629001593,True,512.5956771906853,1.6253629199502282,-0.2653470392746611,87380.98304687307,108149.35162100711,15861.041238679676,8288.388274786794,500.00000001182343,462912,925.8239999781072,10.103000138255219,C3,psi,sal,psi,M3,M,EPM,C3_psi_M3
Psi_C3_psi_M3_inj,2000.0000000472937,True,399.0006567827762,1.88432639764607,0.23327820686583856,36421.59378794179,31318.382755965933,19801.760088981773,32371.00215062288,True,613.8684233530593,7.861759142496847,5.1275407737739265,96704.47088069585,123056.5380258758,53383.103643084934,48140.43116419166,True,490.16816678417786,1.9434373686422868,0.1066168512867649,94413.64248632146,79233.98817629165,16676.24463523804,10702.533495159263,500.00000001182343,304512,609.0239999855985,8.45188366960908,C3,psi,sal,psi,M3,M,inj,C3_psi_M3
Psi_C3_psi_M6_BL1,2000.0000000472937,True,396.15912215211756,0.4355700084602369,0.10166570752994053,31044.09103498031,35886.60735542975,22580.238705924516,32051.360236644905,True,1118.4113903566547,0.753489847715736,0.3518596720057263,273729.29372585216,452885.9325961768,189413.2221873032,167073.36054969145,True,505.33137704353516,0.4421795685279188,0.09072976499611363,98495.31752372079,79440.01787729636,21411.955540251096,13539.058378331963,500.00000001182343,302592,605.1839999856893,0.9408708756345178,C3,psi,sal,psi,M6,M,BL1,C3_psi_M6
Psi_C3_psi_M6_BL2,2000.0000000002203,True,428.4400406264769,0.5225752508361204,0.20218745904733693,46987.72213809876,53474.116402189095,21173.62368482253,24816.471627172265,True,1353.3888589835828,0.6623641304347826,0.8394547393319569,538511.4764996433,681078.7346674107,239233.78375584094,153366.5457910086,True,577.4245261396824,0.5219220317725753,-0.10058653746714974,113129.13918818742,135004.63688037934,22470.030216657295,11446.35249368559,500.0000000000551,153088,306.1759999999663,1.0170620819397993,C3,psi,sal,psi,M6,M,BL2,C3_psi_M6
Psi_C3_psi_M6_EPM,2000.0000000472937,True,396.0984019423092,0.9294794397681799,0.10180289975258194,36583.11447047741,47996.939795629165,22024.4974278784,18318.226792021862,True,1240.2413332021074,0.7763988546984959,0.06150047187330898,330751.0583674349,657736.8263622016,207028.2567900539,147746.06366475736,True,530.1327153426894,0.94953084034773,0.14048340593496267,102441.11062579635,100718.84365396044,20356.576712488983,10444.131381951285,500.00000001182343,463808,927.6159999780648,1.175270801711053,C3,psi,sal,psi,M6,M,EPM,C3_psi_M6
Psi_C3_psi_M6_inj,2000.0000000472937,True,407.8297291777607,1.5859193582436142,0.05113050262912333,36072.10279857817,48895.82984376859,21628.466633359247,25640.45950473309,True,1214.0553896607157,1.680256491450285,0.2824222195961825,354600.6557343553,548305.9564230937,218465.4066591524,146891.60073558436,True,526.7319134876313,2.021321511505172,0.004302033062359545,91653.80944175186,105198.11190288542,23041.847509169715,11569.552334738708,500.00000001182343,303168,606.335999985662,2.3551298290057,C3,psi,sal,psi,M6,M,inj,C3_psi_M6
Psi_C3_psi_M9_BL1,2000.0000000472937,True,462.43505068387526,0.3414278967254408,0.2403219804629364,36947.537680746784,47365.83779666877,36125.0717217363,53567.228197251,True,734.7319620937517,1.0101805205709489,0.8270954007002298,123072.42197382898,175714.64302741084,77369.41384323662,82367.16451329023,True,541.3803129351862,0.3483154911838791,0.14399647105133528,108047.45173900852,83483.712566173,26446.784097942695,20288.321005131136,500.00000001182343,304896,609.7919999855803,1.1843382661628883,C3,psi,sal,psi,M9,M,BL1,C3_psi_M9
Psi_C3_psi_M9_BL2,2000.0000000002203,True,495.8923883143294,0.17127782444351114,0.13889620996086993,47957.27522504272,64722.464276471466,32149.138426735073,52327.71018097284,True,797.6175512793246,6.057722595548089,3.637730422794664,177935.19839123212,219410.2043559499,90442.83844589097,64268.59581204574,True,590.6118230502739,0.33599328013439733,-0.19477727274453605,116859.94191600662,128644.56897326132,26222.656673783924,19853.79546573424,500.0000000000551,152384,304.76799999996643,6.22637547249055,C3,psi,sal,psi,M9,M,BL2,C3_psi_M9
Psi_C3_psi_M9_EPM,2000.0000000472937,True,481.6184659651172,0.22367918633712855,0.07872025721453157,48869.053479768736,82977.68122631538,34702.9718378069,27863.431667985886,True,830.2518650901847,3.385127395168009,2.859196891434683,182958.767380874,263993.6689840664,105468.70754107782,53310.717987915516,True,592.4100643831742,0.21803839211330187,-0.14123856307684646,128884.7936225273,126823.85017840524,25724.03603555509,15967.856990110275,500.00000001182343,460928,921.855999978201,3.556737711746737,C3,psi,sal,psi,M9,M,EPM,C3_psi_M9
Psi_C3_psi_M9_inj,2000.0000000472937,True,471.56228068901277,0.3338843408900084,0.18153190700256072,42521.35394067295,59775.14567692172,29957.81546681611,46526.385591878985,True,777.6470579357215,4.03908217884131,2.828566408890579,186701.2213323618,202167.9927309169,81027.7976577924,57775.695595484736,True,580.3562809702419,0.5054182409739715,-0.10628055955746118,121197.47049740549,110922.21141731626,27268.61613640028,19455.827551587165,500.00000001182343,304896,609.7919999855803,4.299498845507976,C3,psi,sal,psi,M9,M,inj,C3_psi_M9
Psi_C3_sal_F1_BL1,2000.0000000472937,True,385.1839476277696,0.6823926412341047,14.851027761532267,37573.4253719067,42719.09621132129,20074.701275564425,22012.073873684607,True,1393.7901628781208,0.3280044819678966,0.47829102797062273,401888.28100338596,797109.1947351231,304542.000766253,202569.0012228708,True,532.6960377693083,0.45210548259328753,20.502440171984713,92136.39422295682,89240.84075574242,24145.203066087903,22221.964645956643,500.00000001182343,307008,614.0159999854804,1.024728997289973,C3,sal,sal,sal,F1,F,BL1,C3_sal_F1
Psi_C3_sal_F1_BL2,2000.0000000002203,True,402.2812023263994,0.7507861635220126,0.09111519865363027,45376.85753674353,50306.19749261061,19191.169913049875,19418.854220842386,True,1609.072950813485,4.036949685534591,2.4852942236363598,708524.5449626338,1046968.0307804835,318009.1184090801,211904.83412882918,True,539.2984586726158,0.33149895178197064,-0.065924476933366,84560.82656831112,110964.46171210805,24789.902027336015,21889.35029894951,500.0000000000551,152640,305.2799999999664,4.954795597484277,C3,sal,sal,sal,F1,F,BL2,C3_sal_F1
Psi_C3_sal_F1_EPM,2000.0000000472937,True,378.67578916039326,0.7873795595320027,0.09499840193356501,34473.92988898742,49027.79664319144,21547.694152980912,15849.130445496332,True,1657.54083149728,0.10796627666896078,0.2319960909559815,491378.65996056254,1287283.717248962,389578.37154737394,275349.92605238606,True,511.16874546367126,0.22604094975911906,0.126239614740153,80613.97877304634,85213.80678864353,27272.42934546516,22468.568627452594,500.00000001182343,464960,929.9199999780103,0.9013678596008259,C3,sal,sal,sal,F1,F,EPM,C3_sal_F1
Psi_C3_sal_F1_inj,2000.0000000472937,True,383.31291399091356,0.421013315160411,0.061345753421599536,37106.114044037735,44145.350889894165,19781.901161651924,20706.79037748096,True,1416.496879052755,0.4934210526315789,0.43805694187540567,463957.7484715129,819761.5182612853,303935.7353718294,176777.1355278081,True,527.2145455700768,0.17168169427552946,-0.012843916095423236,92161.28370147281,90471.93517452084,24245.89095223942,21369.54344075408,500.00000001182343,305216,610.4319999855652,0.915089641434263,C3,sal,sal,sal,F1,F,inj,C3_sal_F1
Psi_C3_sal_F4_BL1,2000.0000000472937,True,368.1164841365281,0.8126321353065539,67.61106847038089,32291.435849182697,36485.727061129735,17638.265831062727,21396.133453160965,True,899.9200605012858,0.5860200845665962,0.5491056259285587,144735.3222895282,276811.66591155995,140122.5314779837,133703.23612421026,True,452.4567746781703,0.3458641649048626,0.15815560713256227,60409.14535103337,70159.25641642344,19908.977589403086,14888.005832242705,500.00000001182343,302720,605.4399999856832,1.065340909090909,C3,sal,sal,sal,F4,F,BL1,C3_sal_F4
Psi_C3_sal_F4_BL2,2000.0000000002203,True,366.27621894479046,0.34853249475890985,0.06328132051710789,35147.655065892046,38849.47314558895,15265.701777220378,18975.97625570982,True,969.0378064939126,1.183176100628931,1.1016303378323693,201594.95558263682,345331.37939181994,146030.37594586334,121009.52638077605,True,472.7687745928961,0.5103511530398324,-0.0356290526388392,70986.761984301,80515.3885444096,18372.040871901838,14686.901961609703,500.0000000000551,152640,305.2799999999664,1.3685796645702306,C3,sal,sal,sal,F4,F,BL2,C3_sal_F4
Psi_C3_sal_F4_EPM,2000.0000000472937,True,359.37982942004396,0.1649389402511384,0.07891303646765957,30421.84184121725,46020.81625864917,15983.82155620342,14009.48245937797,True,1019.8574326401249,0.3262125707189182,0.5985860813139361,242854.09683346847,393537.4360811875,155240.6794617824,110956.89694163583,True,485.88807565670294,0.05541085966606872,-0.07376448079024733,77696.31706021089,84411.11225144123,18796.360264116898,13399.249617949774,500.00000001182343,463808,927.6159999780648,0.49115151097005655,C3,sal,sal,sal,F4,F,EPM,C3_sal_F4
Psi_C3_sal_F4_inj,2000.0000000472937,True,369.62767925811994,0.3497839376053963,0.12053636546459234,36178.382102263684,35643.664289266184,16803.635282279494,20924.5615898122,True,923.0456260508928,0.735797849915683,0.6334224830861719,160416.71211865701,304867.70486382354,150207.98354730208,125711.63730269151,True,478.98185182791127,0.1788443296795953,0.04124843262331224,79925.87107868366,72078.30101144905,19164.565092803932,14564.509168039478,500.00000001182343,303616,607.2319999856409,0.833948145025295,C3,sal,sal,sal,F4,F,inj,C3_sal_F4
Psi_C3_sal_M1_BL1,2000.0000000472937,True,413.98146849046276,0.3501585623678647,0.13166601619694918,46729.659205368436,37906.54303705068,19521.677948716904,28296.1755754854,True,695.792787451273,0.2543604651162791,0.11357457259061654,104726.38211291301,178723.57665049753,66485.38785078451,58604.09470506631,True,504.27098602841403,0.2672436575052854,0.25988140760941203,93179.60498372006,71641.53484541555,19455.388819883778,15102.293094661527,500.00000001182343,302720,605.4399999856832,0.3501585623678647,C3,sal,sal,sal,M1,M,BL1,C3_sal_M1
Psi_C3_sal_M1_BL2,2000.0000000002203,True,426.760498494722,1.1368985355648535,74.36833198899619,55518.49198711259,40148.05622197032,16447.708707084475,23677.21974116501,True,744.7090897327721,1.2251569037656904,5.499913479556692,122014.57300322643,230601.45816568722,62072.63948190566,53285.17022841716,True,522.3869667888779,1.1002876569037656,26.96492950878931,100633.09344072662,81608.5385271015,18252.788968862213,14340.528756060165,500.0000000000551,152960,305.9199999999663,1.6402981171548117,C3,sal,sal,sal,M1,M,BL2,C3_sal_M1
Psi_C3_sal_M1_EPM,2000.0000000472937,True,406.4161746408896,0.36557252958987063,0.270521634678325,43641.38318929868,44173.23371914367,18511.14911331897,19340.60586613712,True,801.9790266459202,0.2829961464354528,0.08192234447856173,171670.91503536215,219287.68266065538,81685.89625178982,56705.36868599084,True,509.7744529428336,0.4810504404073769,0.31343210582437964,81617.17351763863,85808.7105238215,20067.682614036723,14637.623467413328,500.00000001182343,465024,930.0479999780073,0.5376066611615745,C3,sal,sal,sal,M1,M,EPM,C3_sal_M1
Psi_C3_sal_M1_inj,2000.0000000472937,True,405.11872704764744,0.816137566137566,34.233411051041905,45573.7040785868,35701.63827058184,17423.32567495578,27762.79838936856,True,662.9123096650097,0.6527777777777778,0.3924354029156243,98264.31221177509,159371.44325080968,58495.01523805082,54449.24260919271,True,515.2794769067237,0.8974867724867724,20.66261788169665,97824.41314079694,84128.45892098434,18647.443365046867,14640.420053458614,500.00000001182343,302400,604.7999999856984,0.990410052910053,C3,sal,sal,sal,M1,M,inj,C3_sal_M1
Psi_C3_sal_M4_BL1,2000.0000000472937,True,410.22331952542396,1.0430984351871433,0.37956720279776857,48332.154450048234,39322.923822766585,20314.92337726894,25146.669387357764,True,721.2707445024032,0.534269930217805,0.20029879886646373,109981.13495476426,184258.58661212493,82437.98657913913,72177.73495528816,True,491.4232375229092,1.3358400296045676,0.29779752893253697,95528.08115456179,66234.99675070027,18595.073516888162,12808.728421828484,500.00000001182343,302656,605.3119999856863,1.4237285895538168,C3,sal,sal,sal,M4,M,BL1,C3_sal_M4
Psi_C3_sal_M4_BL2,2000.0000000011084,True,402.136319300347,0.3385960334029227,0.18479554421300382,47526.48291114258,41909.988486463495,18093.770507796715,22354.509691589054,True,711.1749855908336,0.1741910229645094,0.062162038538903897,96546.09312858625,200487.8058231508,76098.0098317471,66319.4826530857,True,507.6998997067012,1.126043841336117,0.01519335994693538,106838.02026248992,74251.05519121903,17763.26461800564,13276.291321419056,500.0000000002771,153280,306.5599999998301,1.289796450939457,C3,sal,sal,sal,M4,M,BL2,C3_sal_M4
Psi_C3_sal_M4_EPM,2000.0000000472937,True,386.19567324314244,1.0783843094225758,0.2889176451806761,34375.03095665124,46028.325738620624,23361.156699037776,17502.06712003556,True,796.3762380327294,0.23316417501028666,0.09856988656335286,168636.3319249138,198091.53749121822,108220.70044935435,65230.912550531284,True,460.3928694467596,1.2989044712659443,0.30910140142824494,65663.73198215173,73175.0904876095,23018.38910284543,12090.465836947778,500.00000001182343,466624,933.2479999779316,1.535068920587025,C3,sal,sal,sal,M4,M,EPM,C3_sal_M4
Psi_C3_sal_M4_inj,2000.0000000472937,True,401.9603125307485,1.2536337209302326,0.21811786170008007,42909.00086211442,39744.37814047074,20221.64426529225,26263.558747175943,True,673.0271307968734,0.27252906976744184,0.22851814521285707,94285.20333535354,158187.9954099888,74278.59983905501,63429.147834643445,True,501.21592008060605,1.3887420718816068,0.09765498295600139,94099.8512252075,79097.54947345954,18481.773888468055,12743.151242518012,500.00000001182343,302720,605.4399999856832,2.0464455602536997,C3,sal,sal,sal,M4,M,inj,C3_sal_M4
Psi_C3_sal_M7_BL1,2000.0000000472937,True,387.88415047939554,1.6952398562975486,0.5353561225907995,40648.00625231579,32121.601039984285,18688.752389669877,21596.63341951097,True,798.3480835340152,1.5631603972950128,0.43814863483330013,124962.36494841047,190713.12024219,129747.71162030907,110962.61129365957,True,550.816436681591,1.1943285080304311,0.389621269869453,108356.69550662878,94955.99063341711,21917.63957852811,12457.268422042865,500.00000001182343,302848,605.6959999856772,2.4989433643279795,C3,sal,sal,sal,M7,M,BL1,C3_sal_M7
Psi_C3_sal_M7_BL2,2000.0000000002203,True,382.9643357514725,0.16450817953020133,0.3526139313242167,39050.6702928676,34779.37227936008,16986.56687834718,19808.954661718388,True,812.7989695635937,3.408137583892618,1.8196033127675055,146652.09654892352,204919.38411135733,125087.84593991328,96639.17430273892,True,577.8670817437837,0.0,0.08842644723431548,116519.99556614328,119500.02824438267,21690.349146833854,12849.189383298486,500.0000000000551,152576,305.1519999999664,3.572645763422819,C3,sal,sal,sal,M7,M,BL2,C3_sal_M7
Psi_C3_sal_M7_EPM,2000.0000000472937,True,393.33037242667837,1.3434821675421622,18.14884942348002,40769.713556079565,35992.67173998883,21119.4843785645,17415.008445088904,True,834.8830689417035,1.9800162427426042,2.2131275485703203,135776.07909927046,235577.48351308313,142113.5168233964,94119.77377412023,True,555.6488092340578,1.2318133121371302,5.120467151296516,101726.85075710985,102213.61111956646,24781.297296819608,12521.10555723082,500.00000001182343,462976,925.9519999781041,3.1900141692009956,C3,sal,sal,sal,M7,M,EPM,C3_sal_M7
Psi_C3_sal_M7_inj,2000.0000000472937,True,386.2665629875525,0.2694990488268865,0.4222101964102132,39059.648606211435,33821.753524828004,19099.728406394228,22754.813051371948,True,772.0637730873256,2.373969562460368,1.5922693424967886,132035.6763058767,190423.29693697294,110886.21871988228,85705.21527228192,True,574.0700900245685,0.5175306489114353,0.09363170372592311,116755.17613479347,114067.53671365943,21751.612188969848,12010.158938389484,500.00000001182343,302784,605.5679999856802,2.624973578524625,C3,sal,sal,sal,M7,M,inj,C3_sal_M7
Psi_C4_ket_psi_F4_BL1,2000.0000000472937,True,358.4747599642641,0.0,0.11285855312740578,30515.379784657634,34920.15089846865,18547.368251533913,19496.90267530278,True,960.836962385217,0.4983465608465608,0.43360861482014457,207286.46928304466,308548.4071963523,156259.83591683808,128444.04457211801,True,414.62932427314723,1.5261243386243386,0.08683418206202065,61399.247548178995,58135.77011823562,14827.435012709262,7637.288066260316,500.00000001182343,302400,604.7999999856984,2.0244708994708995,C4,ket_psi,ket,psi,F4,F,BL1,C4_ket_psi_F4
Psi_C4_ket_psi_F4_BL2,2000.0000000002203,True,366.40534123108733,0.17937867956265768,0.3730682223852906,34379.95643962612,40457.41943597281,14165.052045276138,17468.804651122282,True,1013.0334522984468,8.642372792262405,4.657724497417399,262909.0816514441,359220.42616851855,151072.23428849407,116049.43308829422,True,458.76625422418135,0.8817809083263246,0.004022677374378336,71901.04790745693,80864.04679347458,12707.454695752293,7574.10260655127,500.0000000000551,152192,304.3839999999665,9.36317283431455,C4,ket_psi,ket,psi,F4,F,BL2,C4_ket_psi_F4
Psi_C4_ket_psi_F4_EPM,2000.0000000472937,True,356.5010799796321,0.10804063360881541,0.13701821078957144,26380.552323623713,45367.96030183369,18560.23500739401,14924.166508203565,True,1140.8854471835216,0.10825585399449036,0.33751675274716053,289405.5827949309,532483.2290969727,191514.3031336718,130601.69806138435,True,410.4973717929423,0.3241219008264463,0.2506956359086665,48758.45761529191,67258.3013289167,17389.043752534006,7124.502337976758,500.00000001182343,464640,929.2799999780254,0.5404183884297521,C4,ket_psi,ket,psi,F4,F,EPM,C4_ket_psi_F4
Psi_C4_ket_psi_F4_inj,2000.0000000472937,True,350.85646085482927,0.0,0.14853763997987413,29748.52076201137,38554.118449586094,13072.453679879118,16496.58136932367,True,948.5588856927591,0.6009363883657669,0.3760012595813209,224174.7134952797,325938.9834300217,131996.78747896123,96470.10413102109,True,446.7130192789669,2.39622567482737,-0.2313719084082564,52229.0632386471,99446.04191700139,10593.010747993327,6334.32244237287,500.00000001182343,305856,611.7119999855349,2.9755832810211342,C4,ket_psi,ket,psi,F4,F,inj,C4_ket_psi_F4
Psi_C4_ket_psi_M4_BL1,2000.0000000472937,True,360.5343188570941,0.4958122629582807,0.05289007710309601,34996.60185685196,39125.36470294522,16441.632328719334,17625.849838638027,True,1013.7241006764755,0.7526074589127687,0.505293435939548,268172.4697642702,380503.31803653424,144548.08668364014,105016.95977918201,True,449.2530899294303,2.115268120522545,-0.22551783999388775,61451.28365623326,85055.54079882026,15949.450525576744,10785.617816681233,500.00000001182343,303744,607.4879999856348,3.0973451327433628,C4,ket_psi,ket,psi,M4,M,BL1,C4_ket_psi_M4
Psi_C4_ket_psi_M4_BL2,2000.0000000011084,True,404.942915165378,0.3345907399751964,0.4935421930602901,54821.28108189379,52852.25903908153,15644.7480725497,13096.311135154896,True,1188.367325336956,2.7807203389830506,1.7775904467747732,430549.6961778385,520099.99958321225,174315.9975677413,106375.49041726503,True,514.3782814826216,0.1756924348904506,-0.11593116352939958,101972.82974364207,95221.67176278574,17050.01069662437,9997.112718557808,500.0000000002771,154816,309.6319999998284,2.95059942124845,C4,ket_psi,ket,psi,M4,M,BL2,C4_ket_psi_M4
Psi_C4_ket_psi_M4_EPM,2000.0000000472937,True,364.3915908912979,0.3535979074279379,0.07557146811559257,33155.037600815085,46905.11522895701,17647.004149430104,14609.42389210869,True,1123.460179401239,0.05434970898004434,0.1751010235970778,327295.9719913971,479212.4971983819,163928.76973518837,115537.71397141668,True,456.81802775563773,0.2717485449002217,0.05528495788310339,70506.4179435986,77884.48898028005,18855.69886426403,10551.170232793804,500.00000001182343,461824,923.6479999781586,0.5709967433481152,C4,ket_psi,ket,psi,M4,M,EPM,C4_ket_psi_M4
Psi_C4_ket_psi_M4_inj,2000.0000000472937,True,355.5927187644517,0.3322215163066497,0.20252368228027695,34434.95493489106,39835.77443263897,13804.477034211433,15225.188465119947,True,943.7142983133731,0.33486869970351546,0.6491769720365594,235475.59107013044,317545.3555329186,128334.09004056438,89919.39160215645,True,466.35857118340687,1.4357660948750528,-0.3018061138763737,59492.91806551173,101778.11853158685,14632.832421135208,9770.559477815077,500.00000001182343,302208,604.4159999857075,2.102856310885218,C4,ket_psi,ket,psi,M4,M,inj,C4_ket_psi_M4
Psi_C4_ket_sal_F2_BL1,2000.0000000472937,True,355.58725397536733,0.6595543409712004,0.024379872290779314,26680.90838718871,41781.866687575595,18729.600816809776,17569.288801391955,True,396.6249313110166,0.0,0.261805339761239,39869.146868628035,52513.8153646391,19931.258563744712,18365.074455044436,True,277.7287763737483,17.279798192137903,0.17931420000482667,14612.02955614021,30887.911962822367,9270.721785739715,7725.538206479499,500.00000001182343,304448,608.8959999856015,17.436146731133068,C4,ket_sal,ket,sal,F2,F,BL1,C4_ket_sal_F2
Psi_C4_ket_sal_F2_BL2,2000.0000000011084,True,345.32205407795914,0.9036458333333334,17.111078248090607,23905.79276189746,39876.40898491,13853.319718407329,15705.09712579882,True,391.0190378544946,0.7610677083333333,10.188885350308881,36224.78679495392,54831.77877028374,17961.009238408653,16246.848187721665,True,313.52119414010485,9.219401041666666,51.175831862618324,16866.084453213887,42687.5020266559,10460.423186229224,8158.142397940698,500.0000000002771,153600,307.19999999982974,9.713541666666666,C4,ket_sal,ket,sal,F2,F,BL2,C4_ket_sal_F2
Psi_C4_ket_sal_F2_EPM,2000.0000000472937,True,350.2134949718708,1.4080331362573903,0.007493807263128982,21713.332408400267,49866.142770118,17711.96623943159,12886.534925716278,True,425.2903399783957,0.053923759109033416,0.17381714753041955,57761.60659203609,51019.471396535395,23546.13268567722,18900.578053215537,True,270.5843601115822,24.411565035061187,0.23221989606132398,12310.512534272008,30396.623311823747,9220.210239147043,7264.375615685844,500.00000001182343,465472,930.9439999779861,24.460547573216004,C4,ket_sal,ket,sal,F2,F,EPM,C4_ket_sal_F2
Psi_C4_ket_sal_F2_inj,2000.0000000472937,True,342.9851711256366,0.4937316407889215,0.05822813002689964,26369.24144258956,36791.003341791475,14748.874479238979,17290.570981526984,True,363.91668000508827,0.2534226814939152,0.4541475529758485,32071.55308298553,44070.95375285003,16663.837528772674,16153.491589750882,True,280.88291565766747,11.75973038187159,0.2853651314189034,14916.879483252733,34254.16518479158,8318.404374020587,7249.568565723427,500.00000001182343,305024,610.0479999855743,12.11609578262694,C4,ket_sal,ket,sal,F2,F,inj,C4_ket_sal_F2
Psi_C4_ket_sal_F6_BL1,2000.0000000472937,True,388.97006084266917,0.15615667927533347,0.035500592274352094,39658.83909776611,50457.17046945668,16371.329546633178,18559.488599238095,True,794.7442970081007,1.4016772844913399,0.12801079621362588,138104.97966977212,237958.96271386245,71281.01946276065,74207.78869393996,True,419.47576516358987,1.256096954011547,0.16367536810454952,54942.29602021795,55370.51060460373,19530.249660161902,16767.577356196463,500.00000001182343,321472,642.9439999847964,2.81393091777822,C4,ket_sal,ket,sal,F6,F,BL1,C4_ket_sal_F6
Psi_C4_ket_sal_F6_BL2,2000.0000000011084,True,391.4855286594819,0.5088876146788991,0.07899342010025912,40689.87625453032,48265.64671005778,14596.685046696195,17676.977581004714,True,832.1641865530904,1.4790971643035862,0.5168903721202618,144838.4708940796,273506.199106691,69788.16438869196,72676.61951767605,True,446.5844814854354,0.5075844453711427,0.19905781745215956,63102.831962326556,66608.00708767363,19059.01948163539,16692.13239382445,500.0000000002771,153472,306.9439999998299,1.9879847789824854,C4,ket_sal,ket,sal,F6,F,BL2,C4_ket_sal_F6
Psi_C4_ket_sal_F6_EPM,2000.0000000472937,True,377.6386237227091,0.1048209274355205,0.0584012405595824,33246.25349775562,54045.04631053198,15668.84761084405,13861.436521406025,True,902.5275976106062,1.2889633168515302,0.010011804529186374,253976.42254915426,283291.5017794195,71190.53716513373,62950.95502214004,True,422.8845234611669,1.4869120005345449,0.44893857726437414,54597.177557172006,57476.51585125038,21375.28943195002,15115.952620288408,500.00000001182343,478912,957.8239999773505,2.8806962448215954,C4,ket_sal,ket,sal,F6,F,EPM,C4_ket_sal_F6
Psi_C4_ket_sal_F6_inj,2000.0000000472937,True,377.2476628025098,0.08165469498230273,0.06092796032348202,36664.6673798811,46850.92848010363,15016.478606082468,17587.63824545047,True,779.6855799589761,1.6474078700811992,0.23034870078249714,149885.59600842133,215849.09678528554,65114.90025209938,69064.36222779154,True,425.901848169699,0.6535628773683115,0.008808632689735418,52842.72052349275,65374.24603978941,18068.024963718166,15508.261316995757,500.00000001182343,307392,614.7839999854623,2.3826254424318134,C4,ket_sal,ket,sal,F6,F,inj,C4_ket_sal_F6
Psi_C4_ket_sal_F7_BL1,2000.0000000472937,True,416.22059171629905,0.24231283422459896,0.22842098323210802,32470.33227916804,46457.53370627539,27701.218099842932,38265.07486574774,True,1038.4792063742689,0.8885875154257508,0.39714561591182695,235455.7268148912,423853.09347686544,163535.884067008,116928.33866047613,True,422.80849846676875,0.241991464417935,0.24375969335154313,52095.28576621234,68161.32512351706,19694.934331815075,12129.588423592953,500.00000001182343,311168,622.3359999852837,1.3728918140682846,C4,ket_sal,ket,sal,F7,F,BL1,C4_ket_sal_F7
Psi_C4_ket_sal_F7_BL2,2000.0000000002203,True,427.7378770044577,0.8227814985349519,0.23997803612386281,37820.16559382669,47335.536023530265,22738.447879484465,35223.58290303254,True,1085.8982410596811,4.151841774801172,2.8877851801604835,263222.17820684233,504684.708390201,151167.366752896,122541.87166224042,True,447.69227644352566,1.6795730431142737,0.1562055963097584,60659.978841667726,75457.47340642218,17653.02205869226,13576.080227669856,500.0000000000551,152896,305.7919999999663,6.267005023022184,C4,ket_sal,ket,sal,F7,F,BL2,C4_ket_sal_F7
Psi_C4_ket_sal_F7_EPM,2000.0000000472937,True,404.8085481075073,0.21908804600848963,0.15874192244000218,26690.713789123427,53492.29498905267,28365.1994361296,28439.731852727735,True,1121.6949007565204,0.21609270162946734,0.48269794701080837,267344.71244010946,474968.4825195562,203191.90573881278,152292.6493648492,True,413.533875343505,0.14056723264411886,0.36995533600492436,45151.71968414605,67925.308608319,21697.040061214007,12028.222881558222,500.00000001182343,467392,934.7839999778953,0.46406442557852934,C4,ket_sal,ket,sal,F7,F,EPM,C4_ket_sal_F7
Psi_C4_ket_sal_F7_inj,2000.0000000472937,True,402.9106322141599,0.3312394425675676,0.16844854257881625,28883.043310459245,44384.40116057132,24258.87534333145,36692.665610224336,True,993.9540368162719,0.1656197212837838,0.2791271064544274,233347.17763424764,355969.3860663145,153033.96873693675,119232.2205671877,True,434.88218344953737,0.0828098606418919,0.13902323700141705,57568.25901800635,73782.45782894187,17967.369191157322,12140.33373335447,500.00000001182343,303104,606.2079999856651,0.5796690244932432,C4,ket_sal,ket,sal,F7,F,inj,C4_ket_sal_F7
Psi_C4_ket_sal_M2_BL1,2000.0000000472937,True,391.49639907887774,0.16605482780477498,0.17740102576844752,33733.035760688894,44095.456396847156,21730.63290169879,28822.869990557105,True,919.6405357873214,0.41497200507077964,0.2668953378841019,252091.72681924122,289263.7768789948,118431.05790482502,75609.42416189918,True,494.0173056960777,3.06722744559476,-0.25069821136197357,72844.52537867743,111623.27821413307,17681.752100073656,9511.51176319679,500.00000001182343,302912,605.8239999856742,3.565391929009085,C4,ket_sal,ket,sal,M2,M,BL1,C4_ket_sal_M2
Psi_C4_ket_sal_M2_BL2,2000.0000000011084,True,386.7783473736563,0.15878036437246965,-0.04697911332227189,32094.459358041564,40493.95786630411,19909.350329162186,28418.53108454819,True,976.6884394072467,0.15941295546558704,0.6675152379796496,277034.02463734837,354390.0035876101,120243.25980025034,83188.98730100597,True,507.68978420322367,2.189397773279352,-0.09665878758474511,89617.35642961241,101371.2772894194,18870.704542390788,11204.786025863428,500.0000000002771,158080,316.1599999998248,2.507591093117409,C4,ket_sal,ket,sal,M2,M,BL2,C4_ket_sal_M2
Psi_C4_ket_sal_M2_EPM,2000.0000000472937,True,391.9127718744363,0.13174743892829,0.03876929435969734,28055.453881807924,50824.32217834662,26912.419301095633,24629.801744617896,True,1030.3479665465643,0.10342789598108747,0.11531204490010971,297634.03996144363,393255.1890347076,142857.17745580256,85517.00453242964,True,471.67509559034096,0.5947104018912529,0.26252811927079245,68487.7507313312,85051.38840053888,25588.354379279423,10735.779835201569,500.00000001182343,487296,974.591999976954,0.7254317704229052,C4,ket_sal,ket,sal,M2,M,EPM,C4_ket_sal_M2
Psi_C4_ket_sal_M2_inj,2000.0000000472937,True,389.6891369477906,0.6646825396825397,0.1958548775594866,33622.94824234502,51619.68475497868,17536.618833057513,23229.292582420367,True,898.9751664504973,0.4983465608465608,0.3532473812663697,256988.22947111912,264825.23231188935,105621.44304183393,62217.85222875148,True,516.5196311922051,3.0423280423280423,-0.4997821760632255,49840.55592309358,164478.59556645568,14782.505633291232,8123.217151573478,500.00000001182343,302400,604.7999999856984,4.205357142857142,C4,ket_sal,ket,sal,M2,M,inj,C4_ket_sal_M2
Psi_C4_sal_psi_F3_BL1,2000.0000000472937,True,386.7085034699983,0.17576890667790182,0.27121127197748907,27994.150435675005,39473.04404681849,24971.308355302117,25268.47014712132,True,642.290727401498,2.3778175689909418,1.4542515802550642,75113.9308775742,140234.6393232697,70308.22748630481,71225.21500205102,True,459.202771759292,0.4130898462186644,0.43557399619528114,71237.30573635377,66120.4096774467,22558.20379642768,11291.73507711396,500.00000001182343,303808,607.6159999856318,2.6154676637876553,C4,sal_psi,sal,psi,F3,F,BL1,C4_sal_psi_F3
Psi_C4_sal_psi_F3_BL2,2000.0000000002203,True,414.6384689407381,0.682282927852349,0.5567464931091153,52489.47199339473,49606.889744811044,17565.850630141784,19927.480098155225,True,727.0694651526048,22.610371224832214,8.331986553988507,162259.7148332174,192836.19129990973,67114.93303285225,36617.918166152725,True,580.2218053593507,0.34277999161073824,-0.11560613298618172,149193.96193330624,109112.77398582688,17349.117739539553,8955.700932495145,500.0000000000551,152576,305.1519999999664,22.620857802013422,C4,sal_psi,sal,psi,F3,F,BL2,C4_sal_psi_F3
Psi_C4_sal_psi_F3_EPM,2000.0000000472937,True,381.74376484604795,0.237922203765227,0.14680784594067608,35741.90710740772,50676.85627471425,19598.002002896763,15250.599758494664,True,675.9996950138891,10.780038759689923,7.369268702880364,127146.1213897529,136864.68424971323,82338.68719372085,50959.46687939727,True,514.720667546217,0.237922203765227,0.16295665191810071,99033.29112741287,96747.57616633213,21247.822130435732,8995.606360829384,500.00000001182343,462336,924.6719999781344,10.784364617940199,C4,sal_psi,sal,psi,F3,F,EPM,C4_sal_psi_F3
Psi_C4_sal_psi_F3_inj,2000.0000000472937,True,382.1415171607061,0.4413319238900634,0.22361415280419195,32844.97518051403,43235.364001636626,19048.15401811743,23301.893731984004,True,683.4242512891481,12.487116807610994,5.856866481648211,131697.5823718438,180658.87050879846,60271.50495750755,35686.003538017954,True,494.6231229897795,0.36105972515856233,0.11879274251442995,88245.9499368558,88901.31224703522,18422.015566032984,9976.001950385342,500.00000001182343,302720,605.4399999856832,12.509910147991544,C4,sal_psi,sal,psi,F3,F,inj,C4_sal_psi_F3
Psi_C4_sal_psi_F5_BL1,2000.0000000472937,True,369.4150143976849,0.08995413327709827,0.12175658189804617,37419.79621426552,40116.01519544171,17184.20558642146,15387.460315563258,True,640.533601991971,0.08896562631800928,0.3751471079611539,93181.10668202053,142920.03016998,65089.698505155924,52351.56829412132,True,457.6570213889459,0.08929512863770561,0.4241287026555085,76737.77587063568,69416.4686033723,19065.75501356485,10090.454372615884,500.00000001182343,303488,606.9759999856469,0.08995413327709827,C4,sal_psi,sal,psi,F5,F,BL1,C4_sal_psi_F5
Psi_C4_sal_psi_F5_BL2,2000.0000000011084,True,448.9807825942486,0.8391444629475436,1.3251643203504764,68748.04693651464,62798.92209897395,18950.114068986495,13907.501119490278,True,786.9009234662657,0.8306879683597004,0.9247053253810971,173676.6588041728,229250.86340367777,89082.73035869848,46906.0394587524,True,563.1032074604109,0.6752185678601166,-0.07536482167686787,119087.92176909035,112961.45857968178,18301.599615477873,8983.33047089443,500.0000000002771,153728,307.4559999998296,1.987276228143214,C4,sal_psi,sal,psi,F5,F,BL2,C4_sal_psi_F5
Psi_C4_sal_psi_F5_EPM,2000.0000000472937,True,395.62618155254313,0.47094948937344744,0.36695632157062086,44199.44776950274,53228.38052823969,19531.523212224416,12442.204193386773,True,816.582854788171,0.5209770908087221,0.19403636056214557,206013.224102095,218808.54552439452,98372.7113498576,47546.46133361031,True,499.11841344400335,0.41811861716809273,0.3351736764312374,79622.02664105225,99351.99724027289,19424.592427435487,8687.336383940874,500.00000001182343,463744,927.4879999780678,0.5824334115374,C4,sal_psi,sal,psi,F5,F,EPM,C4_sal_psi_F5
Psi_C4_sal_psi_F5_inj,2000.0000000472937,True,366.91926258099795,1.3427118376787217,0.1686181298311462,33929.84117193204,40111.05815444583,18199.318644898955,15903.41040915278,True,624.071265251998,1.3624237804878048,0.40483564880651546,87978.40974318971,129807.67668351498,68392.16218327118,48593.547516743536,True,492.83369103990066,1.256636354079058,0.16109296577056087,84042.23717653977,86493.85978655698,19019.245196932603,10263.073733968284,500.00000001182343,304384,608.7679999856045,1.5592146761984862,C4,sal_psi,sal,psi,F5,F,inj,C4_sal_psi_F5
Psi_C4_sal_psi_M3_BL1,2000.0000000472937,True,385.45604740794386,0.0,0.06969999020392237,30578.552298529827,43215.16842727042,24854.88075977939,22830.434492939705,True,1191.453917705136,0.24806293485135988,0.22504782583260585,318082.9376623503,559660.6631439313,211943.16832662805,128313.36704732767,True,469.6771347324496,0.0826876449504533,0.381945213603335,69705.62356754813,83201.64808912748,22767.292368595794,10173.047149917365,500.00000001182343,303552,607.1039999856439,0.3307505798018132,C4,sal_psi,sal,psi,M3,M,BL1,C4_sal_psi_M3
Psi_C4_sal_psi_M3_BL2,2000.0000000002203,True,466.88265822537187,0.49510778568438674,0.6798490165331224,77759.34005671891,55741.172496332125,20210.265185546265,19885.66430170248,True,1340.6782488253202,0.4924916282963583,0.7949632015027337,492627.8657804071,719638.7451065697,233291.0387387305,111558.62296467683,True,570.7456658977799,0.1641638760987861,-0.03166422084091547,125798.12509989527,108238.09820169394,17696.61378164452,8919.20281028834,500.0000000000551,152896,305.7919999999663,1.0333821682712432,C4,sal_psi,sal,psi,M3,M,BL2,C4_sal_psi_M3
Psi_C4_sal_psi_M3_EPM,2000.0000000472937,True,402.1595286526091,0.5329841938155715,0.06007155677088605,39985.03414075666,56493.50661508025,21223.672724894805,16447.773669703744,True,1350.958833778395,0.4473529817780232,0.046899753290625235,472635.39859471744,774180.996968736,236730.53187603434,122327.7695228823,True,510.98530308864207,0.5327684980673661,-0.04183488095170418,84776.10161320957,111752.10323131959,18836.217677390203,8000.2390070714455,500.00000001182343,463616,927.2319999780739,0.750836899503037,C4,sal_psi,sal,psi,M3,M,EPM,C4_sal_psi_M3
Psi_C4_sal_psi_M3_inj,2000.0000000472937,True,396.1932600678486,0.8152892343485617,0.12584084407058693,37581.11456185137,41067.23338326121,23431.65986954198,22834.897312952166,True,1179.129083273347,0.9527680837563451,0.3124691804879296,323904.5533664477,559548.1992757923,209011.44962335308,123437.17860768514,True,502.91273039610775,1.070748730964467,0.2738012950691959,88849.57353770029,90574.95205878174,20273.67241872902,9887.95364437102,500.00000001182343,302592,605.1839999856893,1.3202596235194586,C4,sal_psi,sal,psi,M3,M,inj,C4_sal_psi_M3
Psi_C4_sal_sal_F1_BL1,2000.0000000472937,True,321.9221619596064,2.38364152132801,0.676702670511649,19075.31135709872,26971.75966399755,16799.13671813336,18411.63452188828,True,879.7425594851818,0.592955452826224,0.1788281725390073,167962.7832385843,303436.8432742252,100998.67996562495,79606.65235933942,True,418.24280538251287,0.35163637318764446,0.6432888029526769,68856.49928366923,50851.79028804005,14152.754075641324,7780.355381666499,500.00000001182343,304576,609.1519999855955,2.812106009665896,C4,sal_sal,sal,sal,F1,F,BL1,C4_sal_sal_F1
Psi_C4_sal_sal_F1_BL2,2000.0000000002203,True,346.98700608614286,20.884451347935972,1.4431670862736903,26618.38112512697,31989.957274561046,15746.22004779885,15709.315929403241,True,868.2804155517458,2.009398694187026,1.1512266661820023,146486.75383738233,322194.7323207489,102092.23915105806,69035.96853434213,True,411.983784621595,0.508766849199663,0.33813265930431635,59729.725915637035,60176.451378420345,13020.09503448111,7195.354936248336,500.0000000000551,151936,303.87199999996653,21.702558972198823,C4,sal_sal,sal,sal,F1,F,BL2,C4_sal_sal_F1
Psi_C4_sal_sal_F1_EPM,2000.0000000472937,True,326.24682664561607,2.5979248944573063,0.6982168332905587,23531.449714242764,33007.62564112811,14752.485357200305,12298.057640756666,True,1010.1210541566002,0.5900602614735122,0.10457628277852704,297783.815162879,349799.0212279404,116884.2501917595,78545.76850048803,True,391.1703160672388,0.4966464660220618,1.2736419801458636,52905.11373732074,55216.77772722831,13872.45423011114,6521.965552337008,500.00000001182343,469952,939.9039999777742,3.2790582868037585,C4,sal_sal,sal,sal,F1,F,EPM,C4_sal_sal_F1
Psi_C4_sal_sal_F1_inj,2000.0000000472937,True,328.64720613965795,2.8590776955602535,0.5732068247939512,24335.819616346445,27594.45879397066,15701.982659375495,17163.958005404987,True,796.9566342087672,0.5037658562367865,0.1474106978125631,121740.10264184818,246908.56265200034,89595.45554044146,72552.29910420868,True,409.05108915434613,0.2646009513742072,0.544130645316546,69940.04532315843,50058.03252556621,12423.416051194112,7116.828572192611,500.00000001182343,302720,605.4399999856832,3.1950317124735728,C4,sal_sal,sal,sal,F1,F,inj,C4_sal_sal_F1
Psi_C4_sal_sal_M1_BL1,2000.0000000472937,True,339.46453812512533,0.08922129457843744,0.04981499013262258,30199.836211042963,33047.03265748019,15773.546917174655,16370.668649143285,True,333.37850221233447,0.16845753452896312,0.2926389282413564,26083.01368341028,33061.05807587,14059.494311589968,15429.650771034158,True,464.6533446171802,0.08728870336013193,0.4243179756189468,80332.91307372128,71654.88305031952,21824.673631313148,9518.71911102713,500.00000001182343,310464,620.927999985317,0.1703901257472686,C4,sal_sal,sal,sal,M1,M,BL1,C4_sal_sal_M1
Psi_C4_sal_sal_M1_BL2,2000.0000000002203,True,341.58579054322416,0.0,0.09774659680437825,31497.8642450969,36526.96027464867,13663.435495484126,13699.784646480754,True,349.3159292659343,0.0,0.25101568667235563,32888.02200704192,39131.58811984903,13437.067469766274,13450.873150449153,True,489.29295012509436,0.4941463670726586,0.39916221408982144,87522.10476040734,84530.1736659902,19294.839420002765,8167.306324558552,500.0000000000551,152384,304.76799999996643,0.4941463670726586,C4,sal_sal,sal,sal,M1,M,BL2,C4_sal_sal_M1
Psi_C4_sal_sal_M1_inj,2000.0000000472937,True,353.24268754024354,0.16371843039031517,0.0926385035231938,34198.63411227285,36944.79218150288,14132.466356213983,16082.026144006142,True,352.9507085429303,0.3355901690670006,0.8765036338052514,35705.7634605518,37006.61186509369,13217.430153812673,14569.126604281973,True,504.8812653889109,0.0821853475266124,0.374333130039187,98882.82995077866,84173.70248419579,18869.813793490688,9019.889464726446,500.00000001182343,306624,613.2479999854986,0.5814939469839282,C4,sal_sal,sal,sal,M1,M,inj,C4_sal_sal_M1
